Track,Album Name,Artist,All Time Rank,Track Score,Spotify Playlist Count,Spotify Playlist Reach,Spotify Popularity
MILLION DOLLAR BABY,Million Dollar Baby - Single,Tommy Richman,1,725.4,30716.0,196631588.0,92.0
Not Like Us,Not Like Us,Kendrick Lamar,2,545.9,28113.0,174597137.0,92.0
i like the way you kiss me,I like the way you kiss me,Artemas,3,538.4,54331.0,211607669.0,92.0
Flowers,Flowers - Single,Miley Cyrus,4,444.9,269802.0,136569078.0,85.0
Houdini,Houdini,Eminem,5,423.3,7223.0,151469874.0,88.0
Lovin On Me,Lovin On Me,Jack Harlow,6,410.1,105892.0,175421034.0,83.0
Beautiful Things,Beautiful Things,Benson Boone,7,407.2,73118.0,201585714.0,86.0
Gata Only,Gata Only,FloyyMenor,8,375.8,40094.0,211236940.0,92.0
BAND4BAND (feat. Lil Baby),BAND4BAND (feat. Lil Baby),Central Cee,10,330.6,10400.0,184199419.0,86.0
I Had Some Help (feat. Morgan Wallen),I Had Some Help,Post Malone,11,322.1,16219.0,168766158.0,91.0
LUNCH,HIT ME HARD AND SOFT,Billie Eilish,13,316.3,13800.0,197280692.0,92.0
Like That,WE DON'T TRUST YOU,Future,14,308.2,43025.0,108168634.0,88.0
bathroom floor,bathroom floor,Kids With Buns,15,301.6,277.0,24445.0,12.0
LALA,LALA - Single,Myke Towers,16,299.9,103605.0,79944921.0,79.0
Fortnight (feat. Post Malone),THE TORTURED POETS DEPARTMENT,Taylor Swift,17,297.6,12784.0,177932568.0,89.0
greedy,greedy,Tate McRae,18,293.7,105218.0,198845580.0,87.0
BLUE,HIT ME HARD AND SOFT,Billie Eilish,19,292.6,6499.0,52287548.0,86.0
As It Was,As It Was,Harry Styles,20,292.0,407119.0,169783402.0,87.0
Paint The Town Red,Paint The Town Red,Doja Cat,21,290.5,170890.0,121712197.0,78.0
Espresso,Espresso,Sabrina Carpenter,22,281.5,24425.0,262343414.0,95.0
Beat Automotivo Tan Tan Tan Viral,Beat Automotivo Tan Tan Tan Viral,WZ Beat,26,268.1,3504.0,661084.0,35.0
STAY (with Justin Bieber),STAY (with Justin Bieber),The Kid LAROI,27,266.3,451732.0,134793519.0,78.0
we can't be friends (wait for your love),eternal sunshine,Ariana Grande,29,262.8,26203.0,197494995.0,87.0
SHEESH,BABYMONS7ER,BABYMONSTER,32,237.5,3479.0,25936342.0,82.0
Water,Water,Tyla,33,234.6,98450.0,150471020.0,83.0
Strangers,Strangers,Kenya Grace,34,233.5,139141.0,103879363.0,79.0
A Bar Song (Tipsy),A Bar Song (Tipsy),Shaboozey,37,226.4,25766.0,180237463.0,96.0
Lose Control,Lose Control,Teddy Swims,38,224.1,88239.0,180617454.0,87.0
fukumean,fukumean,Gunna,39,221.1,188142.0,80392612.0,80.0
Dance Monkey,Dance Monkey,Tones And I,40,214.5,375201.0,64901153.0,71.0
BIRDS OF A FEATHER,HIT ME HARD AND SOFT,Billie Eilish,41,212.8,10871.0,202626837.0,92.0
I'm Good (Blue),I'm Good (Blue),David Guetta,43,209.6,262248.0,239957538.0,83.0
Daylight,Daylight,David Kushner,44,207.0,177800.0,85255689.0,82.0
My Love Mine All Mine,The Land Is Inhospitable and So Are We,Mitski,45,206.2,105927.0,92834002.0,86.0
Please Please Please,Please Please Please,Sabrina Carpenter,46,205.7,2572.0,183043096.0,83.0
If We Ever Broke Up,If We Ever Broke Up,Mae Stephens,49,203.6,43923.0,46133083.0,69.0
Despacito,Despacito (Featuring Daddy Yankee),Luis Fonsi,50,203.5,178114.0,49464650.0,74.0
euphoria,euphoria,Kendrick Lamar,51,202.1,17168.0,62516401.0,86.0
Panda Basi,Panda Basi - EP,Mvua,52,200.3,249.0,8585.0,25.0
Calm Down (with Selena Gomez),Calm Down (with Selena Gomez),Rema,53,198.0,163876.0,130963116.0,77.0
Shape of You,Shape of You,Ed Sheeran,54,195.1,316378.0,148037882.0,80.0
Mitu,Mitu - Single,Maian,55,194.3,42.0,16861.0,13.0
Blinding Lights,Blinding Lights,The Weeknd,56,194.0,590392.0,165544011.0,83.0
Creepin' (with The Weeknd & 21 Savage),HEROES & VILLAINS,Metro Boomin,57,192.3,228295.0,64806723.0,80.0
Unholy (feat. Kim Petras),Unholy (feat. Kim Petras),Sam Smith,60,189.1,210583.0,95974138.0,74.0
Stereo Love - Melodic,Stereo Love Deluxe (feat. Vika Jigulina),Edward Maya,61,187.9,2.0,135.0,9.0
Supernova,Supernova,aespa,63,186.1,2483.0,21046278.0,81.0
Me Porto Bonito,Un Verano Sin Ti,Bad Bunny,64,184.8,173358.0,67603671.0,79.0
Calm Down,Calm Down,Rema,66,180.1,182994.0,19203258.0,68.0
Kill Bill,SOS,SZA,68,177.7,190202.0,99546318.0,82.0
"What Was I Made For? [From The Motion Picture ""Barbie""]","What Was I Made For? (From The Motion Picture ""Barbie"")",Billie Eilish,69,177.6,114560.0,97542546.0,82.0
Babba,Black Book ID's: Chapter 5 - EP,Guy Mac,70,176.2,252.0,21930.0,6.0
Heat Waves,Heat Waves,Glass Animals,71,175.0,486278.0,112416489.0,82.0
"Shakira: Bzrp Music Sessions, Vol. 53","Shakira: Bzrp Music Sessions, Vol. 53",Bizarrap,73,174.3,100130.0,74836321.0,74.0
The Way We Move - Extended Mix,The Way We Move,PowerDress,74,173.6,38.0,15023.0,4.0
Old Town Road,Old Town Road,Lil Nas X,75,170.3,127393.0,18652312.0,67.0
un x100to,un x100to,Grupo Frontera,76,170.2,99381.0,57394938.0,75.0
Sprinter,Sprinter - Single,Dave,78,168.1,199828.0,55464762.0,78.0
CHIHIRO,HIT ME HARD AND SOFT,Billie Eilish,79,167.8,11028.0,144854768.0,90.0
TQG,TQG,KAROL G,80,167.8,78554.0,69319589.0,78.0
Pepas,Pepas,Farruko,82,167.3,359502.0,125112486.0,74.0
Ella Baila Sola,Ella Baila Sola,Eslabon Armado,84,166.5,129463.0,39814172.0,74.0
Dance The Night - From Barbie The Album,Dance The Night (From Barbie The Album),Dua Lipa,85,166.2,74769.0,139913794.0,80.0
La Bebe - Remix,La Bebe (Remix),Yng Lvcas,86,164.9,94887.0,74469479.0,79.0
Easy On Me,Easy On Me,Adele,88,163.2,209635.0,93875458.0,73.0
All My Life (feat. J. Cole),All My Life (feat. J. Cole),Lil Durk,90,162.0,108322.0,41018697.0,68.0
Anti-Hero,Midnights,Taylor Swift,91,161.8,117005.0,97456780.0,80.0
"Quevedo: Bzrp Music Sessions, Vol. 52","Quevedo: Bzrp Music Sessions, Vol. 52",Bizarrap,92,161.7,209490.0,88591675.0,78.0
Magnetic,SUPER REAL ME,ILLIT,93,161.0,11500.0,90584540.0,86.0
Lollipop,EVERYBODY GO TO THE DISCOTEK,Darell,94,158.2,37806.0,22826643.0,70.0
La Diabla,La Diabla - Single,Xavi,95,155.9,27544.0,47789063.0,83.0
Boy's a Liar Pt. 2,Boy's a liar Pt. 2,PinkPantheress,96,153.6,129047.0,50996176.0,70.0
Snooze,SOS,SZA,97,153.3,108036.0,86470319.0,84.0
BELLAKEO,BELLAKEO,Peso Pluma,98,153.1,26065.0,79152427.0,86.0
Lil Boo Thang,Lil Boo Thang,Paul Russell,102,152.1,37170.0,74130983.0,76.0
Laxed (Siren Beat),Laxed (Siren Beat),Jawsh 685,104,150.5,7240.0,1708319.0,43.0
(It Goes Like) Nanana - Edit,(It Goes Like) Nanana [Edit],Peggy Gou,105,150.4,163449.0,127827271.0,77.0
Training Season,Training Season,Dua Lipa,106,148.9,16811.0,92985554.0,76.0
Type Shit,WE DON'T TRUST YOU,Future,107,148.1,28064.0,84737651.0,84.0
Armageddon,Armageddon - The 1st Album,aespa,108,147.4,1262.0,26204483.0,74.0
The Box,Please Excuse Me For Being Antisocial,Roddy Ricch,109,146.6,317345.0,87765033.0,78.0
INDUSTRY BABY (feat. Jack Harlow),INDUSTRY BABY (feat. Jack Harlow),Lil Nas X,110,145.3,354831.0,87942438.0,70.0
Pedro,Pedro - Single,Jaxomy,111,144.6,27654.0,159737263.0,85.0
Fast Car,Gettin' Old,Luke Combs,112,144.5,73116.0,58391498.0,80.0
Bling-Bang-Bang-Born,Bling-Bang-Bang-Born,Creepy Nuts,113,144.0,22222.0,13870528.0,80.0
Aesthetic,Aesthetic,Tollan Kim,114,144.0,2311.0,535908.0,44.0
Sunflower - Spider-Man: Into the Spider-Verse,Sunflower (Spider-Man: Into the Spider-Verse),Post Malone,116,143.9,392082.0,123917182.0,79.0
Saturn,Saturn - Single,SZA,117,142.8,21104.0,154253718.0,87.0
Believer,Believer,Imagine Dragons,119,142.2,335880.0,89243475.0,81.0
WAIT FOR U (feat. Drake & Tems),WAIT FOR U (feat. Drake & Tems),Future,120,141.0,183850.0,58397185.0,77.0
I KNOW ?,UTOPIA,Travis Scott,121,139.5,128534.0,31725858.0,81.0
ANDO,ANDO,Jere Klein,122,139.0,28591.0,30905957.0,72.0
First Class,First Class,Jack Harlow,123,138.6,223609.0,49586777.0,71.0
FE!N,UTOPIA,Travis Scott,124,137.8,129923.0,93969186.0,86.0
Save Your Tears - Live,After Hours (Live At SoFi Stadium),The Weeknd,125,137.7,545.0,1054122.0,40.0
Losing Interest - Original Mix,Losing Interest (Original),Goovex,126,136.4,5.0,5973.0,1.0
Drained of Color,Drained of Color,Exhumed,129,134.0,635.0,18765.0,16.0
Mood (feat. iann dior),Mood (feat. Iann Dior),24kGoldn,130,133.0,302486.0,82611625.0,76.0
Dynamite,Dynamite,BTS,131,132.3,144619.0,51186002.0,74.0
Someone You Loved,Breach,Lewis Capaldi,133,129.7,338763.0,160553919.0,82.0
Made You Look,Takin' It Back,Meghan Trainor,135,129.5,74295.0,89509926.0,77.0
PHONK BRASILEIRO FRESCO (Slowed + Reverb),PHONK BRASILEIRO FRESCO,DJ MOIGUS,136,129.4,351.0,43395.0,34.0
vampire,vampire,Olivia Rodrigo,138,128.9,90793.0,87801398.0,18.0
Back,Back,LOLA,140,128.0,92.0,15747.0,3.0
People,People - Single,Libianca,141,127.8,121823.0,45030006.0,74.0
I Don't Wanna Wait,I Don't Wanna Wait,David Guetta,144,126.9,10564.0,180987712.0,84.0
Abc,Abc,J Ross,145,126.6,5.0,5100.0,1.0
La Bachata,La Bachata,Manuel Turizo,146,126.2,156941.0,97122096.0,81.0
Peaches (feat. Daniel Caesar & Giveon),Justice,Justin Bieber,148,125.2,282719.0,97390961.0,74.0
Don't Start Now,Don't Start Now,Dua Lipa,149,124.6,270230.0,143953432.0,78.0
Lucid Dreams,Lucid Dreams,Juice WRLD,150,123.9,339306.0,75858140.0,78.0
PROVENZA,PROVENZA,KAROL G,151,123.8,103026.0,64847502.0,76.0
WAP (feat. Megan Thee Stallion),WAP (feat. Megan Thee Stallion),Cardi B,152,123.4,171255.0,53040559.0,72.0
SPOT!,SPOT!,ZICO,153,122.8,3407.0,35428519.0,81.0
Family Matters,Family Matters,Drake,154,122.7,8696.0,36774031.0,86.0
Again,Missing,Kurochuu,155,122.5,2.0,2190.0,2.0
Seven (feat. Latto) (Explicit Ver.),Seven (feat. Latto),Jung Kook,156,122.4,54950.0,91343768.0,80.0
Last Night,3 Songs At A Time Sampler,Morgan Wallen,157,121.9,107189.0,61174155.0,79.0
Bad Habits,#NAME?,Ed Sheeran,159,120.8,271758.0,62218811.0,74.0
Leave The Door Open,Leave The Door Open,Bruno Mars,161,120.1,248793.0,50068571.0,75.0
good 4 u,good 4 u,Olivia Rodrigo,163,117.8,309421.0,72787213.0,79.0
bad guy,"WHEN WE ALL FALL ASLEEP, WHERE DO WE GO?",Billie Eilish,164,117.7,296739.0,113315017.0,76.0
ROCKSTAR (feat. Roddy Ricch),BLAME IT ON BABY,DaBaby,167,116.7,272933.0,50425049.0,70.0
Eyes Closed,Eyes Closed (Piano Version),Ed Sheeran,168,116.6,44730.0,21933393.0,71.0
I Remember Everything (feat. Kacey Musgraves),I Remember Everything (feat. Kacey Musgraves),Zach Bryan,169,116.5,70400.0,105320547.0,84.0
Circles,Circles,Post Malone,170,116.0,332437.0,124491320.0,80.0
EL AMOR DE SU VIDA,EL AMOR DE SU VIDA,Grupo Frontera,171,115.9,24891.0,25915889.0,78.0
About Damn Time,About Damn Time,Lizzo,172,115.6,104052.0,47808065.0,66.0
Closer,Closer,The Chainsmokers,173,114.6,285381.0,129399627.0,80.0
FLOWER,ME,JISOO,174,114.3,26107.0,15314737.0,70.0
Havana (feat. Young Thug),Havana,Camila Cabello,177,112.8,194332.0,86159672.0,75.0
LUNA,FERXXOCALIPSIS,Feid,178,112.6,40628.0,139802900.0,86.0
I Like You (A Happier Song) (with Doja Cat),Twelve Carat Toothache,Post Malone,179,112.5,118965.0,64661540.0,73.0
Bones,Bones,Imagine Dragons,180,112.0,180053.0,70861210.0,78.0
golden hour,golden hour,JVKE,183,111.4,200887.0,45885823.0,73.0
Levitating (feat. DaBaby),Future Nostalgia,Dua Lipa,184,111.3,255296.0,109442317.0,77.0
Get It Sexyy,Get It Sexyy,Sexyy Red,185,111.1,7377.0,70714216.0,84.0
"This Wish - From ""Wish""","This Wish (From ""Wish"")",Ariana DeBose,186,110.9,2673.0,8562091.0,19.0
Ojitos Lindos,Un Verano Sin Ti,Bad Bunny,188,110.7,152592.0,62313059.0,78.0
Life Is Good (feat. Drake),Life Is Good (feat. Drake),Future,189,110.2,276882.0,51153940.0,67.0
Escapism.,Escapism. / The Thrill Is Gone.,RAYE,190,110.1,128247.0,62532855.0,75.0
Stargazing,Stargazing,Myles Smith,191,109.8,9406.0,164949597.0,87.0
Jimmy Cooks (feat. 21 Savage),"Honestly, Nevermind",Drake,192,109.7,239671.0,77479207.0,78.0
What You Know Bout Love,Shoot For The Stars Aim For The Moon,Pop Smoke,193,109.5,251023.0,32574699.0,72.0
Memories,Memories,Maroon 5,194,109.3,222804.0,49920599.0,77.0
Classy 101,Classy 101,Feid,195,109.1,90726.0,70485920.0,78.0
Whatever,Whatever,Kygo,196,109.0,17551.0,159961203.0,83.0
Whatever She Wants,Whatever She Wants,Bryson Tiller,197,108.4,23181.0,114051028.0,87.0
Vois sur ton chemin - Techno Mix,Vois sur ton chemin (Techno Mix),BENNETT,198,107.8,119783.0,95312340.0,80.0
Without Me,Without Me,Halsey,200,107.4,198888.0,69311277.0,75.0
Shallow,Shallow,Lady Gaga,204,106.9,221822.0,90174192.0,78.0
Thunder,Thunder,Imagine Dragons,203,106.9,244951.0,88329475.0,79.0
Rush,Rush,Ayra Starr,205,106.4,98009.0,19411516.0,67.0
abcdefu,abcdefu,GAYLE,206,106.2,193857.0,61311826.0,70.0
Buga,Buga,Kizz Daniel,208,105.8,30835.0,3440925.0,57.0
Bad Habit,Bad Habit,Steve Lacy,207,105.8,220515.0,63054597.0,73.0
MONEY,LALISA,LISA,210,105.5,103236.0,33637835.0,73.0
Columbia,Columbia,Quevedo,209,105.5,84161.0,56226278.0,79.0
LADY GAGA,LADY GAGA,Peso Pluma,212,105.2,48370.0,25130304.0,78.0
Woman,Planet Her,Doja Cat,211,105.2,217443.0,95985096.0,78.0
KING KONG,KING KONG,TREASURE,214,104.5,207.0,12311489.0,68.0
How You Like That,How You Like That,BLACKPINK,215,104.5,82170.0,21177170.0,68.0
Milf Song,Milf Song,The Puddleducks,216,104.5,1176.0,23110.0,28.0
Nasty,Nasty,Tinashe,217,104.4,3887.0,106475497.0,76.0
Superhero (Heroes & Villains),HEROES & VILLAINS,Metro Boomin,218,104.4,166277.0,62975073.0,77.0
Panda,Panda,Desiigner,219,104.2,170002.0,34000497.0,62.0
Tattoo,Tattoo,Loreen,221,103.9,83033.0,48268736.0,77.0
Kiss Me More (feat. SZA),Kiss Me More (feat. SZA),Doja Cat,222,103.4,262313.0,116916147.0,76.0
What It Is (Block Boy) (with Kodak Black),What It Is (Versions),Doechii,223,103.3,29487.0,4775168.0,61.0
Illusion,Illusion,Dua Lipa,225,103.1,7430.0,117576704.0,12.0
drivers license,drivers license,Olivia Rodrigo,226,102.9,250778.0,70173770.0,79.0
Used To Be Young,Endless Summer Vacation,Miley Cyrus,227,102.4,30639.0,39407660.0,69.0
Cupid - Twin Ver.,The Beginning: Cupid - Single,FIFTY FIFTY,229,102.3,103040.0,37365896.0,48.0
How Sweet,How Sweet,NewJeans,228,102.3,1940.0,36883184.0,79.0
Players,Players,Coi Leray,230,101.8,91658.0,60607887.0,67.0
rockstar (feat. 21 Savage),rockstar,Post Malone,231,101.8,352745.0,82442565.0,77.0
Con Calma,Con Calma,Daddy Yankee,236,101.4,160122.0,52701166.0,73.0
Here With Me,Here With Me,d4vd,234,101.4,154178.0,58833842.0,80.0
Favorite Song,Favorite Song,Toosii,235,101.4,45668.0,6252506.0,62.0
Si No Quieres No,Si No Quieres No - Single,Luis R Conriquez,233,101.4,5423.0,71590238.0,85.0
MONTERO (Call Me By Your Name),MONTERO (Call Me By Your Name),Lil Nas X,238,100.8,316054.0,50751390.0,70.0
Voz Emplumada del Monte,Voz Emplumada - EP,Biomigrant,239,100.3,80.0,1636.0,16.0
Glimpse of Us,Glimpse of Us,Joji,242,99.8,234936.0,83890841.0,74.0
Watermelon Sugar,Watermelon Sugar,Harry Styles,243,99.7,298135.0,159003869.0,82.0
Praise Jah In The Moonlight,Praise Jah In the Moonlight - Single,YG Marley,245,98.5,50137.0,43508958.0,70.0
WHERE SHE GOES,WHERE SHE GOES,Bad Bunny,246,98.4,98440.0,37797217.0,72.0
Yandel 150,Yandel 150,Yandel,247,98.1,102545.0,38825844.0,70.0
THATS WHAT I WANT,MONTERO,Lil Nas X,248,98.0,165197.0,75503476.0,72.0
Todo De Ti,Todo De Ti,Rauw Alejandro,249,98.0,188874.0,76063128.0,75.0
Chemical,Chemical,Post Malone,250,97.6,79679.0,43648353.0,75.0
See You Again (feat. Charlie Puth),See You Again (feat. Charlie Puth),Wiz Khalifa,251,97.6,159571.0,73641738.0,78.0
Drip Too Hard (Lil Baby & Gunna),Drip Too Hard,Lil Baby,252,97.5,266128.0,52476635.0,76.0
Uptown Funk,Full Circle: The Live Anthology,Mark Ronson,254,97.1,256764.0,149909699.0,77.0
Dog's Plan,Thoughts Feelings,David Jackson,255,97.0,44.0,1243.0,3.0
love nwantiti (ah ah ah),CKay The First,CKay,256,96.9,172458.0,43607688.0,71.0
Mi Gente,Mi Gente,J Balvin,257,96.4,189504.0,45240294.0,69.0
Late Night Talking,Harry's House,Harry Styles,258,96.4,108806.0,62563751.0,76.0
Miss You,Miss You,Oliver Tree,261,96.2,165883.0,38563849.0,51.0
Yummy Fruits and Vegetables,Yummy Fruits and Vegetables,D Billions,259,96.2,543.0,19016.0,35.0
Dakiti,Dakiti,Bad Bunny,262,96.1,245685.0,56430031.0,72.0
Starboy,Starboy,The Weeknd,265,95.7,366133.0,98022646.0,84.0
Sorry,Sorry,Justin Bieber,264,95.7,179545.0,89286647.0,78.0
Calling My Phone,Calling My Phone,Lil Tjay,263,95.7,213153.0,29437172.0,71.0
Pink Venom,Pink Venom,BLACKPINK,266,95.6,48251.0,22817940.0,68.0
I Can Do It With a Broken Heart,THE TORTURED POETS DEPARTMENT,Taylor Swift,267,95.0,7079.0,134357870.0,84.0
death bed (coffee for your head),"Some Boring, Love Stories, Pt. 2",Powfu,268,94.8,283938.0,62191957.0,74.0
Too Many Nights (feat. Don Toliver & with Future),HEROES & VILLAINS,Metro Boomin,269,94.5,155771.0,28629209.0,80.0
MELTDOWN (feat. Drake),MELTDOWN (feat. Drake),Travis Scott,270,94.3,106908.0,29964622.0,74.0
Moscow Mule,Un Verano Sin Ti,Bad Bunny,272,94.1,121256.0,44739826.0,77.0
Something Just Like This,Something Just Like This,The Chainsmokers,273,94.0,278237.0,128709855.0,82.0
7 rings,7 rings,Ariana Grande,274,93.9,179865.0,89518199.0,77.0
Moonlight,Moonlight,Kali Uchis,275,93.1,110539.0,46729655.0,74.0
Savage Love (Laxed - Siren Beat),Savage Love (Laxed - Siren Beat),Jawsh 685,276,93.1,142905.0,27025973.0,67.0
God's Plan,Diplomatic Immunity,Drake,278,92.9,313741.0,79266167.0,77.0
Sunroof,Sunroof,Nicky Youre,279,92.3,44652.0,23104189.0,12.0
MY EYES,UTOPIA,Travis Scott,281,91.9,103255.0,13549357.0,78.0
WORK,GOLDEN HOUR : Part.1,ATEEZ,282,91.7,678.0,14542753.0,31.0
Despacito - Remix,Despacito Feat. Justin Bieber (Remix),Luis Fonsi,284,91.5,134700.0,39604784.0,65.0
Ghost,Justice,Justin Bieber,283,91.5,151923.0,73574395.0,80.0
Dior,Meet The Woo,Pop Smoke,285,91.4,294539.0,47391658.0,72.0
New Baby Shark,Pinkfong & Baby Shark's Space Adventure Songs,Pinkfong,286,91.2,13.0,164.0,17.0
SAD!,SAD!,XXXTENTACION,289,90.5,263801.0,60437070.0,75.0
Primera Cita,La Primera Cita - Single,Carin Leon,290,90.5,35842.0,34735524.0,80.0
Efecto,Un Verano Sin Ti,Bad Bunny,292,90.1,115332.0,51081689.0,77.0
Slow It Down,Slow It Down,Benson Boone,294,89.4,11945.0,116623933.0,85.0
Yonaguni,Yonaguni,Bad Bunny,295,88.6,177082.0,44848091.0,71.0
Heathens,Heathens,Twenty One Pilots,296,88.6,241108.0,65091468.0,78.0
Whoopty,Whoopty,CJ,297,88.6,213464.0,28998615.0,61.0
Super Shy,NewJeans 'Super Shy',NewJeans,298,88.4,48103.0,22977059.0,77.0
Happier,Happier - Single,Marshmello,299,87.9,220298.0,53040597.0,16.0
HARLEY QUINN,HARLEY QUINN - Single,Fuerza Regida,301,87.7,31617.0,36745154.0,84.0
Baby Don't Hurt Me,Baby Don't Hurt Me - Single,David Guetta,300,87.7,69486.0,142546135.0,79.0
Butter,Butter,BTS,302,87.5,90160.0,40533320.0,70.0
"CAN'T STOP THE FEELING! (Original Song From Dreamworks Animation's ""Trolls"")","CAN'T STOP THE FEELING! (Original Song From Dreamworks Animation's ""Trolls"")",Justin Timberlake,305,87.1,191065.0,88781556.0,72.0
Say So,Hot Pink,Doja Cat,306,87.0,161574.0,48493190.0,69.0
Ransom,Ransom,Lil Tecca,307,86.8,198992.0,52412236.0,77.0
Romantic Homicide,Romantic Homicide,d4vd,308,86.8,152157.0,60605828.0,81.0
Pink Skies,Pink Skies,Zach Bryan,309,86.7,4611.0,98570633.0,84.0
Rockabye (feat. Sean Paul & Anne-Marie),Rockabye (feat. Sean Paul & Anne-Marie),Clean Bandit,310,86.6,170648.0,55710071.0,73.0
Rich Men North of Richmond,Rich Men North of Richmond - Single,Oliver Anthony Music,312,86.5,66613.0,6363839.0,74.0
Que Vuelvas,Que Vuelvas - Single,Carin Leon,314,86.1,42893.0,25716699.0,73.0
Just Wanna Rock,Just Wanna Rock,Lil Uzi Vert,318,85.8,152193.0,67322941.0,68.0
Mood Swings (feat. Lil Tjay),Shoot For The Stars Aim For The Moon,Pop Smoke,317,85.8,210669.0,32702397.0,70.0
Fuck Love (feat. Trippie Redd),17,XXXTENTACION,319,85.6,203617.0,35375009.0,79.0
Rich Flex,Her Loss,Drake,320,85.5,185579.0,57165405.0,73.0
Standing Next to You,GOLDEN,Jung Kook,321,85.5,23181.0,58344509.0,85.0
Congratulations,Congratulations,Post Malone,322,85.3,246374.0,81736432.0,75.0
Do It To It,Do It To It,ACRAZE,324,85.2,238887.0,94531613.0,73.0
Tusa,Tusa,KAROL G,323,85.2,157185.0,59187880.0,68.0
For The Night (feat. Lil Baby & DaBaby),Shoot For The Stars Aim For The Moon,Pop Smoke,325,84.8,272485.0,46626350.0,71.0
Good Good,Good Good,USHER,326,84.7,14742.0,9204769.0,59.0
Austin,Austin - Single,Dasha,327,84.6,17900.0,169190514.0,87.0
Search & Rescue,Search & Rescue,Drake,329,84.6,96709.0,21646810.0,69.0
TULUM,TULUM,Peso Pluma,328,84.6,36912.0,13688250.0,74.0
Shivers,#NAME?,Ed Sheeran,330,84.4,188855.0,77441110.0,77.0
Adderall (Corvette Corvette),Adderall (Corvette Corvette),Popp Hunna,332,84.1,24868.0,4716437.0,45.0
Los del Espacio,Los del Espacio - Single,LIT killah,336,83.3,53671.0,24287193.0,72.0
Taste (feat. Offset),Taste (feat. Offset),Tyga,338,83.1,217189.0,31143734.0,69.0
MAMIII,MAMIII,Becky G,337,83.1,80109.0,53928265.0,74.0
Until I Found You,Until I Found You,Stephen Sanchez,339,83.0,169696.0,52678003.0,73.0
Banana (feat. Shaggy),Banana (feat. Shaggy),Conkarah,341,82.7,9067.0,1365840.0,41.0
Stick Season,Stick Season,Noah Kahan,342,82.6,113676.0,169323128.0,86.0
Need To Know,Need To Know,Doja Cat,344,82.5,164743.0,42269625.0,71.0
Last Last,Last Last,Burna Boy,346,82.4,130203.0,16877163.0,68.0
500lbs,500lbs,Lil Tecca,349,82.1,79228.0,26972646.0,68.0
Knife Talk (with 21 Savage ft. Project Pat),Certified Lover Boy,Drake,348,82.1,217189.0,35225322.0,72.0
BILLIE EILISH.,BILLIE EILISH.,Armani White,350,82.0,91114.0,29730236.0,64.0
Madonna,Madonna - Single,Natanael Cano,354,81.3,7265.0,54631978.0,85.0
deja vu,deja vu,Olivia Rodrigo,355,81.3,172376.0,64346126.0,80.0
WILDFLOWER,HIT ME HARD AND SOFT,Billie Eilish,359,80.8,5188.0,50795354.0,87.0
Doja,Doja,Central Cee,360,80.5,192241.0,57503569.0,74.0
Kill This Love,Kill This Love,BLACKPINK,361,80.4,63934.0,18843601.0,67.0
"Good Luck, Babe!","Good Luck, Babe!",Chappell Roan,363,80.2,13470.0,157502211.0,87.0
Sweet but Psycho,Sweet but Psycho,Ava Max,365,80.1,174052.0,42966784.0,76.0
Hey Mor,Hey Mor,Ozuna,364,80.1,97956.0,68983561.0,76.0
Ferrari,Ferrari,James Hype,366,80.1,185422.0,78359363.0,74.0
Falling,Falling,Trevor Daniel,367,80.0,225643.0,32822629.0,71.0
positions,positions,Ariana Grande,368,80.0,139215.0,53934095.0,74.0
Where Are You Now,Where Are You Now,Lost Frequencies,370,79.9,211823.0,114773091.0,74.0
Save Your Tears,After Hours,The Weeknd,371,79.9,304456.0,63126296.0,80.0
Happier Than Ever,Happier Than Ever,Billie Eilish,372,79.9,189487.0,51228803.0,78.0
This Is What You Came For,This Is What You Came For,Calvin Harris,373,79.8,204049.0,117171040.0,79.0
China,China,Anuel AA,376,79.5,137559.0,58323638.0,68.0
"Let It Go - From ""Frozen""/Soundtrack Version",Frozen (Original Motion Picture Soundtrack / Deluxe Edition),Idina Menzel,374,79.5,64239.0,27371339.0,69.0
Smart,EASY,LE SSERAFIM,379,79.3,6829.0,20291074.0,74.0
That's What I Like,24K Magic,Bruno Mars,378,79.3,209632.0,84707015.0,80.0
Ride It,Ride It,Regard,382,78.2,220002.0,106549747.0,76.0
Mwaki,SURRENDER,Zerb,383,77.9,36468.0,76765385.0,42.0
BICHOTA,BICHOTA,KAROL G,385,77.8,86379.0,31261057.0,64.0
Renklensin,Renklensin - Single,Reynmen,384,77.8,2630.0,6589111.0,75.0
Bad idea,Missing,Kurochuu,387,77.6,2.0,2190.0,1.0
writhe,writhe,daine,386,77.6,163.0,6893.0,15.0
The Hills,The Hills,The Weeknd,388,77.5,333310.0,91689799.0,80.0
Seven (feat. Latto) (Clean Ver.),Seven (feat. Latto),Jung Kook,389,77.4,15863.0,14237841.0,72.0
SKINNY,HIT ME HARD AND SOFT,Billie Eilish,390,77.3,4083.0,13850203.0,84.0
Te Felicito,Te Felicito,Shakira,392,77.0,74269.0,37254627.0,67.0
Que Onda,Que Onda - Single,Calle 24,393,76.9,36781.0,21579429.0,81.0
Stumblin' In,Stumblin' In,CYRIL,394,76.9,22208.0,150873146.0,83.0
STAR WALKIN' (League of Legends Worlds Anthem),STAR WALKIN' (League of Legends Worlds Anthem) - Single,Lil Nas X,396,76.6,80340.0,18339674.0,68.0
Desesperados,VICE VERSA,Rauw Alejandro,397,76.6,119558.0,50631491.0,78.0
Sugar,V (Deluxe),Maroon 5,399,76.6,186038.0,69903249.0,75.0
"Jhoome Jo Pathaan (From ""Pathaan"") [Arabic Version]","Jhoome Jo Pathaan (From ""Pathaan"") [Arabic Version] - Single",Abd El Fattah Grini,402,76.2,245.0,79264.0,28.0
Old Town Road - Remix,Old Town Road,Lil Nas X,404,76.2,186252.0,34012219.0,68.0
Let Me Love You,Encore,DJ Snake,403,76.2,205482.0,89333146.0,80.0
Envolver,Envolver - Single,Anitta,401,76.2,77669.0,44546385.0,65.0
Oublie-moi,Oublie-moi,Emkal,405,76.0,11288.0,327900.0,42.0
MAESTRO,SEVENTEEN BEST ALBUM '17 IS RIGHT HERE',SEVENTEEN,407,75.7,1629.0,14912783.0,75.0
you broke me first,you broke me first,Tate McRae,409,75.6,169076.0,47204234.0,77.0
Relationship (feat. Future),Beautiful Thugger Girls,Young Thug,410,75.5,89812.0,13215590.0,61.0
Pretty - Sped Up,Pretty,MEYY,411,75.4,498.0,521031.0,40.0
LA FALDA,LA FALDA - Single,Myke Towers,416,75.3,29235.0,106808249.0,82.0
Cradles,Cradles,Sub Urban,418,75.2,155765.0,20317539.0,68.0
Roses - Imanbek Remix,Roses (Imanbek Remix),SAINt JHN,417,75.2,323997.0,86092004.0,72.0
Angel Numbers / Ten Toes,11:11,Chris Brown,419,75.1,40225.0,15526253.0,75.0
MASHA ULTRAFUNK,MASHA ULTRAFUNK,HISTED,422,74.9,2141.0,18509359.0,76.0
Under The Influence,Indigo (Extended),Chris Brown,423,74.9,202465.0,56664631.0,79.0
Life Goes On,"Ugly is Beautiful: Shorter, Thicker & Uglier (Deluxe)",Oliver Tree,424,74.8,142225.0,16247309.0,68.0
BATTER UP,BABYMONSTER Debut Digital Single [BATTER UP],BABYMONSTER,426,74.5,6748.0,14377499.0,80.0
SI NO ES CONTIGO,SI NO ES CONTIGO,Cris Mj,427,74.5,2099.0,98932469.0,81.0
Trance (with Travis Scott & Young Thug),HEROES & VILLAINS,Metro Boomin,429,74.4,142076.0,31958929.0,79.0
Rock and A Hard Place,Rock and A Hard Place,Bailey Zimmerman,430,74.4,59749.0,11166198.0,73.0
Wanna Be,Wanna Be (Alternate Versions),GloRilla,433,74.1,4228.0,57383746.0,77.0
Don't Let Me Down,Pop Party,The Chainsmokers,432,74.1,206507.0,80884955.0,76.0
DDU-DU DDU-DU,SQUARE UP,BLACKPINK,434,74.0,51129.0,14859569.0,65.0
Wake Me Up,TRUE,Avicii,436,73.7,347004.0,112575684.0,81.0
Overdrive (feat. Norma Jean Martine),Overdrive (feat. Norma Jean Martine),Ofenbach,437,73.6,20983.0,96389865.0,80.0
Chulo pt.2,Chulopt2,Bad Gyal,438,73.6,42351.0,29908589.0,69.0
All Girls Are The Same,All Girls Are The Same,Juice WRLD,439,73.5,219797.0,40289611.0,76.0
Push Up - Main Edit,Push Up - Single,Creeds,441,73.4,81319.0,88956153.0,77.0
Kings & Queens,Kings & Queens,Ava Max,440,73.4,130031.0,24897061.0,73.0
Adore You,Adore You,Harry Styles,442,73.2,171120.0,93127826.0,78.0
HIGHEST IN THE ROOM,HIGHEST IN THE ROOM,Travis Scott,443,73.2,304394.0,58905241.0,78.0
UNAVAILABLE (feat. Musa Keys),Timeless,Davido,444,73.2,51032.0,16505336.0,68.0
Million Dollar Baby (Vhs),Million Dollar Baby - Single,Tommy Richman,445,73.1,5049.0,856394.0,2.0
"Taki Taki (feat. Selena Gomez, Ozuna & Cardi B)",Taki Taki,DJ Snake,446,73.0,37830.0,10568342.0,65.0
"Chaleya (From ""Jawan"")","Chaleya (From ""Jawan"")",Anirudh Ravichander,447,73.0,18958.0,16311735.0,70.0
Dreamers [Music from the FIFA World Cup Qatar 2022 Official Soundtrack],Dreamers [Music from the FIFA World Cup Qatar 2022 Official Soundtrack],Jung Kook,448,73.0,24878.0,16888060.0,42.0
ADIVINO,ADIVINO - Single,Myke Towers,449,72.9,11425.0,115304111.0,84.0
THE BOX MEDLEY FUNK 2,THE BOX MEDLEY FUNK 2,THE BOX,450,72.8,3010.0,33303786.0,78.0
Cruel Summer,Lover,Taylor Swift,451,72.8,121479.0,201964859.0,88.0
Unforgettable,EPIC AF,French Montana,454,72.6,275044.0,91691537.0,82.0
EASY,EASY,LE SSERAFIM,455,72.4,7192.0,20908017.0,78.0
"Peso Pluma: Bzrp Music Sessions, Vol. 55","Peso Pluma: Bzrp Music Sessions, Vol. 55 - Single",Bizarrap,456,72.2,47202.0,14298402.0,70.0
Lose My Breath (Feat. Charlie Puth),Lose My Breath,Stray Kids,457,72.0,1665.0,25533535.0,57.0
Move,Move - Single,Adam Port,459,71.9,1348.0,19711644.0,67.0
F.N,F.N,Lil Tjay,461,71.7,186835.0,18420557.0,70.0
Say You Won't Let Go,Say You Won't Let Go,James Arthur,462,71.5,233504.0,128647419.0,82.0
Blank Space,1989 (Deluxe),Taylor Swift,463,71.5,157465.0,49558504.0,76.0
Girls Like You,Red Pill Blues (Deluxe),Maroon 5,464,71.4,43481.0,8855966.0,63.0
HUMBLE.,HUMBLE.,Kendrick Lamar,466,71.4,311766.0,77191099.0,80.0
Forget Me,Forget Me,Lewis Capaldi,465,71.4,53783.0,14916823.0,69.0
Scared To Start,Scared To Start,Michael Marcagi,469,71.2,23417.0,101687677.0,84.0
Super Freaky Girl,Super Freaky Girl,Nicki Minaj,468,71.2,88241.0,44497733.0,64.0
Miracle (with Ellie Goulding),Miracle (with Ellie Goulding),Calvin Harris,470,71.1,91229.0,100955340.0,74.0
Somebody That I Used To Know,Making Mirrors (Deluxe),Gotye,471,71.0,352833.0,87651528.0,74.0
We Don't Talk Anymore (feat. Selena Gomez),Nine Track Mind,Charlie Puth,474,70.6,161156.0,90365431.0,78.0
Oh No,Cold As Ice,Kreepa,473,70.6,14548.0,3212878.0,41.0
Pop Out (feat. Lil Tjay),Pop Out (feat. Lil TJay),Polo G,472,70.6,181654.0,27803039.0,70.0
7 Years,Lukas Graham (Blue Album),Lukas Graham,475,70.5,218955.0,70223741.0,78.0
Something in the Orange,Something in the Orange,Zach Bryan,478,70.4,134151.0,56220971.0,82.0
"Happy - From ""Despicable Me 2""",538 Hitzone Best Of 2013,Pharrell Williams,476,70.4,204118.0,68556599.0,75.0
Bailando Bachata,Bailando Bachata - Single,Chayanne,479,70.2,15391.0,18104979.0,72.0
Treat You Better,Treat You Better,Shawn Mendes,481,70.2,183260.0,79238401.0,80.0
Let Her Go,Let Her Go,Passenger,484,70.1,84884.0,25149126.0,69.0
Fall Back,Fall Back / Selfish Game - Single,Lithe,485,70.1,10811.0,34967691.0,81.0
Stressed Out,Stressed Out,Twenty One Pilots,482,70.1,333612.0,85684817.0,79.0
Astronaut In The Ocean,Astronaut In The Ocean (International Remixes),Masked Wolf,486,70.0,233472.0,41467312.0,67.0
All of Me,Love In The Future (South Africa Tour Edition),John Legend,487,69.8,259202.0,144805002.0,80.0
2055,2055,Sleepy Hallow,488,69.7,195603.0,31185690.0,77.0
Bandit,Bandit - Single,Don Toliver,490,69.6,19834.0,64067368.0,12.0
Redbone,Redbone,Childish Gambino,489,69.6,377159.0,51251842.0,76.0
Yimmy Yimmy,Yimmy Yimmy (feat. Jacqueline Fernandez) - Single,Tayc,491,69.5,1305.0,5420569.0,74.0
You Proof,You Proof,Morgan Wallen,494,69.3,64367.0,18795673.0,79.0
Enemy (with JID) - from the series Arcane League of Legends,Mercury - Act 1,Imagine Dragons,495,69.2,240419.0,57503380.0,75.0
Break My Heart,Break My Heart,Dua Lipa,496,69.2,130486.0,49149923.0,71.0
Shut Down,BORN PINK,BLACKPINK,497,69.0,39852.0,17682503.0,67.0
Never Let Go,Never Let Go - Single,Jung Kook,499,68.9,722.0,63940453.0,81.0
Chill Vibes,Chill Vibes,Tollan Kim,501,68.8,560.0,367540.0,32.0
MIA (feat. Drake),MIA (feat. Drake),Bad Bunny,503,68.7,159832.0,44868247.0,71.0
Toosie Slide,Toosie Slide,Drake,505,68.7,200623.0,36388485.0,64.0
Down Bad,THE TORTURED POETS DEPARTMENT,Taylor Swift,504,68.7,5179.0,38317286.0,80.0
Ballin' (with Roddy Ricch),Perfect Ten,Mustard,502,68.7,200091.0,36757073.0,69.0
La llama que Baila,La llama que Baila,El Reino Infantil,508,68.5,145.0,25771.0,22.0
Ain't No Love In Oklahoma (From Twisters: The Album),Ain't No Love In Oklahoma (From Twisters: The Album),Luke Combs,507,68.5,3565.0,32881291.0,79.0
Vegas (From the Original Motion Picture Soundtrack ELVIS),Vegas (From the Original Motion Picture Soundtrack ELVIS),Doja Cat,509,68.2,83450.0,40562156.0,68.0
El Merengue,El Merengue - Single,Marshmello,510,68.2,59791.0,80570021.0,75.0
Made For Me,Made For Me,Muni Long,513,68.1,13253.0,40716529.0,76.0
TELEKINESIS,UTOPIA,Travis Scott,512,68.1,92838.0,14575457.0,75.0
Daqui pra Sempre,Daqui pra Sempre,Manu,514,68.0,12794.0,30495153.0,76.0
Martin & Gina,THE GOAT,Polo G,516,68.0,212406.0,24064966.0,76.0
"thank u, next","thank u, next",Ariana Grande,515,68.0,134913.0,54753824.0,73.0
One Dance,One Dance (feat. Wizkid & Kyla) - Single,Drake,518,67.9,379853.0,131832723.0,82.0
ily (i love you baby) (feat. Emilee),ily (feat. Emilee),Surf Mesa,517,67.9,160875.0,50549340.0,70.0
Hope,?,XXXTENTACION,519,67.8,201082.0,35338608.0,78.0
TRUSTFALL,TRUSTFALL,P!nk,520,67.6,35610.0,35412821.0,65.0
Intentions (feat. Quavo),Intentions,Justin Bieber,521,67.5,124387.0,38596274.0,69.0
PRC,PRC,Peso Pluma,522,67.4,52040.0,23580184.0,69.0
Lemonade,Lemonade,Internet Money,523,67.3,280937.0,43396860.0,12.0
WITHOUT YOU,F*CK LOVE (SAVAGE),The Kid LAROI,524,67.0,192182.0,29317288.0,69.0
LET GO,LET GO,Central Cee,526,66.9,131562.0,25729246.0,70.0
No Idea,No Idea,Don Toliver,529,66.8,176497.0,26466335.0,74.0
Love Yourself,Love Yourself,Justin Bieber,530,66.8,221550.0,85152861.0,78.0
Cari Mama Muda (Senorita Joven) - Original Mix,Cari Mama Muda (Senorita Joven),Carella,532,66.6,53.0,14039.0,7.0
Need A Favor,NEED A FAVOR,Jelly Roll,533,66.5,26335.0,16587886.0,73.0
Heeriye (feat. Arijit Singh),Heeriye (feat. Arijit Singh),Jasleen Royal,534,66.4,19549.0,12641512.0,74.0
Work from Home (feat. Ty Dolla $ign),Pop Party,Fifth Harmony,535,66.4,126593.0,41728493.0,71.0
Anabella,Anabella,Khaid,536,66.3,2424.0,586834.0,52.0
Bam Bam (feat. Ed Sheeran),#NAME?,Camila Cabello,539,66.2,106835.0,71070491.0,68.0
Single Soon,Single Soon,Selena Gomez,538,66.2,18831.0,38391532.0,70.0
Falling Down - Bonus Track,Falling Down,Lil Peep,541,66.1,189320.0,31366549.0,76.0
Sin Pijama,Sin Pijama,Becky G,542,65.9,70607.0,24678614.0,61.0
Wasted On You,Dangerous: The Double Album,Morgan Wallen,545,65.7,73851.0,11500647.0,79.0
Murder In My Mind,Murder In My Mind,Kordhell,547,65.6,120095.0,62454609.0,74.0
Unstoppable,Unstoppable,Sia,548,65.5,166761.0,75244498.0,76.0
traitor,SOUR,Olivia Rodrigo,550,65.5,150597.0,73290053.0,80.0
goosebumps,Birds In The Trap Sing McKnight,Travis Scott,549,65.5,381756.0,90317118.0,82.0
Hrs and Hrs,Public Displays of Affection,Muni Long,551,65.3,58384.0,11312967.0,67.0
Boy With Luv (feat. Halsey),MAP OF THE SOUL : PERSONA,BTS,553,65.0,62333.0,28686399.0,70.0
Angel Baby,Angel Baby,Troye Sivan,554,64.9,51383.0,15263459.0,68.0
Way 2 Sexy (with Future & Young Thug),Certified Lover Boy,Drake,555,64.7,159492.0,30567448.0,67.0
SORRY 4 THAT MUCH,SORRY 4 THAT MUCH,Feid,557,64.5,1184.0,87529320.0,71.0
PUFFIN ON ZOOTIEZ,I NEVER LIKED YOU,Future,560,64.3,135307.0,21175776.0,71.0
3D (feat. Jack Harlow),3D (feat. Jack Harlow),Jung Kook,559,64.3,27154.0,33077841.0,74.0
XO Tour Llif3,XO TOUR Llif3,Lil Uzi Vert,562,64.2,59071.0,11326598.0,24.0
Lift Me Up - From Black Panther: Wakanda Forever - Music From and Inspired By,Lift Me Up (From Black Panther: Wakanda Forever - Music From and Inspired By),Rihanna,563,64.2,66018.0,36625617.0,65.0
Desire (with Sam Smith),Desire (with Sam Smith),Calvin Harris,561,64.2,43558.0,87204848.0,75.0
Cute,Cute,Aurel Surya Lie,564,64.1,90.0,4986.0,21.0
Cold Heart - PNAU Remix,Diamonds (Deluxe),Elton John,565,64.0,314601.0,173805568.0,77.0
In My Mind,In My Mind,Dynoro,567,63.8,235239.0,70280564.0,74.0
Eastside (with Halsey & Khalid),Eastside (with Halsey & Khalid),benny blanco,571,63.7,174867.0,50426363.0,73.0
Godzilla (feat. Juice WRLD),Music To Be Murdered By,Eminem,572,63.7,241715.0,56568076.0,78.0
"Besharam Rang (From ""Pathaan"")","Besharam Rang (From ""Pathaan"")",Vishal-Shekhar,574,63.5,10974.0,8344652.0,66.0
Cheques,Still Rollin,Shubh,576,63.4,18698.0,9458603.0,73.0
Friday (feat. Mufasa & Hypeman) - Dopamine Re-Edit,Friday (feat. Mufasa & Hypeman) [Dopamine Re-Edit],Riton,577,63.3,257132.0,93789915.0,72.0
VAGABUNDO,VAGABUNDO,Sebastian Yatra,578,63.3,44292.0,44021764.0,75.0
Cheap Thrills,Cheap Thrills,Sia,580,63.2,161840.0,45579916.0,70.0
Yummy,Yummy,Justin Bieber,579,63.2,96177.0,23338709.0,62.0
Wishing Well,Legends Never Die,Juice WRLD,583,63.1,157381.0,25837638.0,71.0
Too Good At Goodbyes,Too Good At Goodbyes,Sam Smith,584,62.9,157801.0,71564108.0,78.0
SPECIALZ,SPECIALZ,King Gnu,585,62.8,22972.0,6194085.0,78.0
Ta Ta Ta,Bayanni,Bayanni,586,62.8,31737.0,2778661.0,62.0
Un Finde | CROSSOVER #2,Un Finde | CROSSOVER #2,Big One,588,62.6,34991.0,12554230.0,72.0
There's Nothing Holdin' Me Back,Illuminate,Shawn Mendes,589,62.6,185796.0,81455782.0,80.0
Gulabi Sadi,Gulabi Sadi,Sanju Rathod,587,62.6,983.0,2100536.0,69.0
Breaking Me,Breaking Me (feat. A7S),Topic,590,62.5,184002.0,50489973.0,69.0
Belong Together,Belong Together - Single,Mark Ambor,592,62.4,19001.0,153692182.0,87.0
Shake It Off,1989 (Deluxe),Taylor Swift,593,62.3,162649.0,73697294.0,74.0
La Curiosidad,Platonicos,Jay Wheeler,595,62.1,107383.0,57705968.0,78.0
EL MAKINON,EL MAKINON,KAROL G,596,62.0,69491.0,28426363.0,69.0
In The Stars,In The Stars,Benson Boone,597,61.9,107667.0,48040727.0,74.0
Shirt,Shirt,SZA,598,61.9,68997.0,24096906.0,73.0
Tiryakinim,Tiryakinim,Bayhan,599,61.8,1805.0,4615455.0,71.0
Call Out My Name,"My Dear Melancholy,",The Weeknd,603,61.6,229909.0,75001452.0,79.0
THE GREATEST,HIT ME HARD AND SOFT,Billie Eilish,606,61.5,4192.0,13299713.0,84.0
X - Remix,X (Remix),Nicky Jam,605,61.5,36912.0,15902955.0,60.0
223's (feat. 9lokknine),223's (feat. 9lokknine),YNW Melly,609,61.4,97431.0,11914330.0,64.0
Saami Saami,"Saami Saami (From ""Pushpa - The Rise Part - 01"") - Single",Mounika Yadav,608,61.4,3192.0,1364915.0,49.0
Mask Off,EPIC AF,Future,614,61.3,281838.0,66110271.0,77.0
BON,No.O -ring-,Number_i,613,61.3,133.0,4401335.0,70.0
Before You Go,Divinely Uninspired To a Hellish Extent (Extended Edition),Lewis Capaldi,611,61.3,211573.0,106250249.0,77.0
SAD GIRLZ LUV MONEY Remix (feat. Kali Uchis and Moliy),SAD GIRLZ LUV MONEY Remix (feat. Kali Uchis and Moliy),Amaarae,610,61.3,95507.0,22395876.0,67.0
Queencard,I feel,(G)I-DLE,616,61.2,25925.0,7047731.0,72.0
RAPSTAR,RAPSTAR,Polo G,615,61.2,218155.0,31818910.0,72.0
Say Yes To Heaven,Say Yes To Heaven (sim0ne & Melo Nada Remix),Lana Del Rey,620,61.1,73253.0,71366345.0,80.0
Maan Meri Jaan,Champagne Talk,King,621,61.0,25221.0,7852722.0,71.0
Best Friend (feat. Doja Cat),Best Friend (feat. Doja Cat),Saweetie,622,61.0,95775.0,30817811.0,66.0
Swalla (feat. Nicki Minaj & Ty Dolla $ign),Swalla (feat. Nicki Minaj & Ty Dolla $ign),Jason Derulo,624,61.0,120975.0,28691304.0,66.0
SICKO MODE,ASTROWORLD,Travis Scott,626,60.9,330314.0,97027433.0,77.0
Barbie World (with Aqua) [From Barbie The Album],Barbie World (with Aqua) [From Barbie The Album],Nicki Minaj,630,60.6,53386.0,35912569.0,71.0
The Kind of Love We Make,The Kind of Love We Make,Luke Combs,628,60.6,68177.0,14091711.0,75.0
Europapa,Europapa,Joost,629,60.6,12493.0,25123151.0,81.0
OMG,NewJeans 'OMG',NewJeans,632,60.5,53019.0,18823180.0,75.0
PUNTO 40,PUNTO 40 - Single,Rauw Alejandro,635,60.4,56179.0,20926929.0,67.0
In The Name Of Love,Pacha 2017,Martin Garrix,637,60.4,164935.0,69180262.0,75.0
Shorty Party,Shorty Party,Cartel De Santa,633,60.4,28785.0,11052463.0,69.0
Drama,Drama - The 4th Mini Album,aespa,634,60.4,11991.0,12559068.0,78.0
Head & Heart (feat. MNEK),Head & Heart (feat. MNEK),Joel Corry,636,60.4,190615.0,90132900.0,74.0
Callaita,Callaita,Bad Bunny,638,60.0,156477.0,70813159.0,70.0
How Do I Say Goodbye,How Do I Say Goodbye,Dean Lewis,639,59.9,86820.0,35269550.0,69.0
Hundred Miles (Sped Up Version),Hundred Miles (Sped Up Version) [feat. Gabriela Richardson] - Single,Yall,641,59.7,4532.0,1638498.0,48.0
SNAP,SNAP,Rosa Linn,643,59.7,99333.0,60341587.0,79.0
Criminal,Criminal,NATTI NATASHA,648,59.6,84086.0,32287923.0,69.0
Chantaje,Chantaje,Shakira,646,59.6,96248.0,34837159.0,72.0
Laugh Now Cry Later (feat. Lil Durk),Laugh Now Cry Later (feat. Lil Durk),Drake,645,59.6,222576.0,40254416.0,69.0
Psycho,Psycho (feat. Ty Dolla $ign),Post Malone,650,59.5,183827.0,31780671.0,70.0
Casanova,Casanova,Soolking,649,59.5,46669.0,12795882.0,72.0
Holanda,Holanda,Jhayco,651,59.5,51073.0,31619869.0,73.0
Cough,Cough,Kizz Daniel,655,59.3,24888.0,4522560.0,62.0
Afraid To Feel,Afraid To Feel,LF SYSTEM,656,59.3,146218.0,60783514.0,74.0
Wow.,Wow.,Post Malone,657,59.3,201840.0,56914511.0,74.0
Radioactive,Hear Me EP,Imagine Dragons,654,59.3,236427.0,68978853.0,75.0
RITMO (Bad Boys For Life),RITMO (Bad Boys For Life),Black Eyed Peas,659,59.2,155959.0,47278163.0,65.0
hot girl bummer,hot girl bummer,blackbear,658,59.2,198773.0,30644248.0,70.0
Dancing With A Stranger (with Normani),Dancing With A Stranger (with Normani),Sam Smith,663,59.1,113525.0,53504146.0,71.0
Heartbreak Anniversary,HEARTBREAK ANNIVERSARY,Giveon,665,59.1,189404.0,63215005.0,75.0
Toxic,Faded,BoyWithUke,662,59.1,145080.0,16730668.0,69.0
Tennessee Whiskey,Tennessee Whiskey,Chris Stapleton,661,59.1,162233.0,36021163.0,77.0
Up,Up (Instrumental),Cardi B,664,59.1,97970.0,34102798.0,65.0
Sabor Fresa,Sabor Fresa,Fuerza Regida,668,58.9,37578.0,22883474.0,77.0
MON LOVE OHO,MON LOVE OHO,Liamsi,666,58.9,12008.0,950490.0,48.0
Surround Sound (feat. 21 Savage & Baby Tate),Surround Sound (feat. 21 Savage & Baby Tate),JID,667,58.9,170892.0,80727459.0,79.0
Super Gremlin,Sniper Gang Presents Syko Bob & Snapkatt: Nightmare Babies,Kodak Black,672,58.8,123862.0,25561593.0,63.0
Natural,Natural,Imagine Dragons,674,58.8,154255.0,36941962.0,75.0
La Triple M,La Triple M,Mawell,671,58.8,9405.0,3224288.0,59.0
OUT WEST (feat. Young Thug),JACKBOYS,JACKBOYS,675,58.8,165912.0,33706762.0,70.0
High Hopes,High Hopes On Saturday Night,Panic! At The Disco,678,58.7,207598.0,99517459.0,75.0
Side To Side,Dangerous Woman,Ariana Grande,680,58.6,120921.0,38322144.0,70.0
Build a Bitch,Build a Bitch,Bella Poarch,682,58.5,81642.0,21651326.0,63.0
"Natanael Cano: Bzrp Music Sessions, Vol. 59","Natanael Cano: Bzrp Music Sessions, Vol. 59",Bizarrap,683,58.4,6242.0,27462520.0,79.0
Y LLORO,$AD BOYZ 4 LIFE II,Junior H,685,58.3,16161.0,16393454.0,80.0
Streets,Hot Pink,Doja Cat,686,58.3,154003.0,62848076.0,75.0
How We Roll,How We Roll,Ciara,684,58.3,11757.0,1829300.0,53.0
"Satranga (From ""Animal"")","Satranga (From ""Animal"") - Single",Arijit Singh,690,58.2,9450.0,15024564.0,76.0
My Universe,My Universe,Coldplay,688,58.2,124247.0,79296537.0,71.0
Peaches & Eggplants (feat. 21 Savage),Peaches & Eggplants (feat. 21 Savage),Young Nudy,689,58.2,54118.0,15660760.0,64.0
"Who Want Smoke?? (feat. G Herbo, Lil Durk & 21 Savage)","Who Want Smoke?? (feat. G Herbo, Lil Durk & 21 Savage)",Nardo Wick,691,58.1,103369.0,11693843.0,61.0
Thinking Out Loud,Piano Moods: 50 Songs,Ed Sheeran,693,58.0,17.0,2117.0,7.0
O Me Voy O Te Vas,O Me Voy O Te Vas,Natanael Cano,692,58.0,14009.0,22457916.0,77.0
Girls Like You (feat. Cardi B),Red Pill Blues (Deluxe),Maroon 5,694,57.9,145231.0,35076065.0,66.0
Therefore I Am,Therefore I Am,Billie Eilish,695,57.9,132298.0,34341587.0,67.0
Wish You The Best,Wish You The Best,Lewis Capaldi,701,57.8,37111.0,22160670.0,71.0
Stitches,Stitches,Shawn Mendes,700,57.8,170905.0,58551250.0,69.0
Back On 74,Back On 74,Jungle,702,57.8,61462.0,73347896.0,80.0
THIS YEAR (Blessings),THIS YEAR (Blessings) (feat. Ehis 'D' Greatest) - Single,Victor Thompson,705,57.7,45328.0,7606515.0,61.0
Fair Trade (with Travis Scott),Certified Lover Boy,Drake,708,57.6,220374.0,42648915.0,75.0
Mayores,Mayores,Becky G,709,57.6,66677.0,26417997.0,66.0
CHORRITO PA LAS ANIMAS,SIXDO,Feid,707,57.6,61360.0,26903567.0,75.0
White Horse,White Horse,Chris Stapleton,711,57.5,28835.0,15122339.0,68.0
Ojitos Rojos,Ojitos Rojos - Single,Grupo Frontera,712,57.5,20975.0,10461108.0,70.0
La Morocha,La Morocha,Luck Ra,710,57.5,17882.0,11897449.0,66.0
Who Is Your Guy?,Who Is Your Guy?,Spyro,714,57.4,6366.0,592410.0,52.0
You Right,You Right,Doja Cat,713,57.4,119953.0,44866271.0,72.0
AMG,AMG,Natanael Cano,715,57.3,51522.0,21663790.0,70.0
Bandido,Bandido,Myke Towers,717,57.2,99936.0,23605544.0,68.0
El Gordo Trae El Mando,El Gordo Trae El Mando,Chino Pacas,720,57.1,38598.0,20258181.0,76.0
52 Gaj Ka Daman,52 Gaj Ka Daman,Renuka Panwar,719,57.1,4295.0,619647.0,52.0
Go Crazy,Slime & B,Young Thug,721,57.0,126934.0,20887762.0,68.0
Roar,2013 The Hottest,Katy Perry,725,56.9,146653.0,68107488.0,73.0
No Guidance (feat. Drake),No Guidance (feat. Drake),Chris Brown,724,56.9,157003.0,35028641.0,70.0
34+35,Positions,Ariana Grande,727,56.8,97191.0,40917688.0,70.0
Permission to Dance,Butter / Permission to Dance,BTS,728,56.8,43682.0,27994315.0,68.0
changes,changes,XXXTENTACION,729,56.8,171651.0,36731138.0,70.0
Tell Ur Girlfriend,Tell Ur Girlfriend,Lay Bankz,730,56.7,10335.0,116287670.0,90.0
SPIDER,SPIDER,GIMS,731,56.6,3364.0,11637634.0,76.0
Sunday Best,Where the Light Is,Surfaces,733,56.6,151446.0,27674084.0,16.0
Guli Mata,Guli Mata,Saad Lamjarred,734,56.6,8540.0,685520.0,62.0
HOLA PERDIDA,HOLA PERDIDA,Luck Ra,732,56.6,10663.0,17155186.0,69.0
Better,Better,Khalid,736,56.5,108485.0,20494060.0,72.0
I Don't Care (with Justin Bieber),I Don't Care (with Justin Bieber),Ed Sheeran,735,56.5,156748.0,74047669.0,70.0
Substitution,Substitution,Purple Disco Machine,737,56.4,36861.0,48220875.0,72.0
Automotivo Bibi Fogosa,Automotivo Bibi Fogosa,Bibi Babydoll,739,56.4,47406.0,32423214.0,36.0
MERCHO,MERCHO,LiL CaKe,738,56.4,52345.0,27129754.0,67.0
Bandook,Bandook,Nirvair Pannu,740,56.4,5825.0,638204.0,54.0
Silence,Silence,Marshmello,741,56.3,188349.0,52573571.0,77.0
Trap Queen,Trap Queen,Fetty Wap,744,56.2,201337.0,36698633.0,70.0
Sign of the Times,Sign of the Times,Harry Styles,743,56.2,191817.0,85380382.0,76.0
METAMORPHOSIS,METAMORPHOSIS,INTERWORLD,746,56.2,88566.0,48503856.0,76.0
Botella Tras Botella,Botella Tras Botella,Gera MX,747,56.2,72494.0,22027404.0,71.0
"Me, Myself & I","Me, Myself & I",G-Eazy,745,56.2,174312.0,39798446.0,73.0
"Steal The Show - From ""Elemental""","Steal The Show (From ""Elemental"")",Lauv,749,56.1,20157.0,12372416.0,68.0
Lut Gaye,Lut Gaye,Jubin Nautiyal,751,56.1,16697.0,3873550.0,56.0
Piel,Piel,Tiago PZK,748,56.1,6815.0,48721232.0,79.0
Pasoori,Pasoori,Shae Gill,750,56.1,37940.0,6753521.0,65.0
the boy is mine,eternal sunshine,Ariana Grande,752,56.0,8386.0,79812251.0,80.0
When We Were Young (The Logical Song),When We Were Young (The Logical Song),David Guetta,754,55.9,20712.0,61778572.0,3.0
Bounce When She Walk,Bounce When She Walk,Ohboyprince,753,55.9,6915.0,751599.0,45.0
"Apna Bana Le (From ""Bhediya"")","Apna Bana Le (From ""Bhediya"")",Arijit Singh,757,55.8,19757.0,12938935.0,66.0
Hold My Hand,"Hold My Hand (Music From The Motion Picture ""Top Gun: Maverick"")",Lady Gaga,759,55.7,50632.0,13985305.0,69.0
Big Energy,Big Energy - Single,Latto,758,55.7,53099.0,32807694.0,61.0
Goodbyes (feat. Young Thug),Goodbyes (Feat. Young Thug),Post Malone,761,55.6,156671.0,25905453.0,72.0
Location,Location,Khalid,760,55.6,169370.0,32275029.0,71.0
Italodisco,Italodisco,The Kolors,762,55.4,22711.0,10786942.0,67.0
Perfect Night,Perfect Night,LE SSERAFIM,763,55.4,23583.0,16220736.0,78.0
Vida de Rico,Vida de Rico,Camilo,767,55.4,54968.0,26455856.0,64.0
In My Feelings,Scorpion,Drake,766,55.4,179820.0,36937605.0,68.0
Attention,Attention,Charlie Puth,768,55.3,162682.0,40159047.0,75.0
Let Me Down Slowly,Let Me Down Slowly,Alec Benjamin,769,55.3,187053.0,79925766.0,80.0
In The End,In the End,Tommee Profitt,771,55.2,23747.0,2345029.0,52.0
Took Her To The O,Took Her To The O,King Von,772,55.1,156669.0,13464335.0,74.0
Boyfriend,Boyfriend,Dove Cameron,774,55.1,96878.0,50739981.0,68.0
Orquestra Maldita,Orquestra Maldita,TRASHXRL,773,55.1,16844.0,15941203.0,14.0
Sucker,Sucker,Jonas Brothers,775,55.0,128280.0,42394972.0,73.0
Alone,Alone,Marshmello,776,55.0,80971.0,18764148.0,65.0
PAINTING PICTURES,5LBS OF PRESSURE,Superstar Pride,777,54.9,76047.0,4765141.0,8.0
GOOBA,GOOBA,6ix9ine,780,54.8,97766.0,8876147.0,2.0
THE DINER,HIT ME HARD AND SOFT,Billie Eilish,790,54.7,3693.0,9878576.0,84.0
6 In the Morning (feat. Nate Dogg),6 In the Morning (feat. Nate Dogg) - Single,Flex (UK),785,54.7,1248.0,19427406.0,64.0
Light Switch,Light Switch (Instrumental),Charlie Puth,782,54.7,84288.0,17284885.0,67.0
On Me,On Me,Lil Baby,788,54.7,105732.0,15129396.0,67.0
when the party's over,when the party's over,Billie Eilish,787,54.7,186633.0,79124996.0,79.0
Love The Way You Lie,538 Hitzone 55,Eminem,784,54.7,236943.0,76167038.0,79.0
Party,Un Verano Sin Ti,Bad Bunny,789,54.7,83311.0,29009374.0,72.0
Freaks,Freaks,Surf Curse,791,54.6,200016.0,33498182.0,77.0
In Da Getto,In Da Getto,J Balvin,792,54.6,133279.0,27602101.0,61.0
Try That In A Small Town,Try That In A Small Town,Jason Aldean,793,54.5,20547.0,1758957.0,37.0
Tarot,Un Verano Sin Ti,Bad Bunny,796,54.3,93128.0,28604664.0,73.0
Mas Existe um Lugar,Mas Existe um Lugar - Single,Kaio Viana,795,54.3,5624.0,1097527.0,48.0
Bura Na Mano Holi Hai,Bura Na Mano Holi Hai,Shaan,801,54.2,6.0,44905.0,14.0
Work,ANTI (Deluxe),Rihanna,799,54.2,144823.0,46076265.0,73.0
Normal,Normal,Feid,804,54.1,76821.0,31039211.0,76.0
Sum 2 Prove,Sum 2 Prove,Lil Baby,807,54.0,141088.0,17349295.0,66.0
Lottery (Renegade),Lottery,K CAMP,808,54.0,28272.0,6607554.0,46.0
Meant to Be (feat. Florida Georgia Line),All Your Fault: Pt. 2,Bebe Rexha,805,54.0,119969.0,51471665.0,66.0
Good Days,Good Days,SZA,806,54.0,164541.0,62561721.0,77.0
Leave Before You Love Me (with Jonas Brothers),Summer 2021,Marshmello,810,53.9,94185.0,54080564.0,74.0
Youngblood,Youngblood,5 Seconds of Summer,811,53.9,180069.0,75602805.0,76.0
Sweater Weather,I'm Sorry...,The Neighbourhood,809,53.9,415650.0,149359220.0,85.0
Merayu Tuhan,Merayu Tuhan,Tri Suaka,813,53.8,506.0,74157.0,43.0
Can We Kiss Forever?,Can We Kiss Forever?,Kina,815,53.7,89559.0,32092279.0,66.0
Felices los 4,Felices los 4,Maluma,814,53.7,73487.0,24333265.0,68.0
ELOVRGA,Elovrga - Single,Alex Favela,819,53.6,24862.0,20963358.0,75.0
Party Girl,Party Girl,StaySolidRocky,816,53.6,115574.0,16306099.0,67.0
I Feel It Coming,I Feel It Coming,The Weeknd,817,53.6,193568.0,52373071.0,72.0
Agua (with J Balvin),"Agua (with J Balvin) [Music From ""Sponge On The Run"" Movie]",Tainy,822,53.5,68311.0,11888692.0,58.0
Human,Human,Rag'n'Bone Man,824,53.4,170367.0,49113191.0,74.0
First Love,First Love - Single,Oscar Maydon,825,53.3,11519.0,61076412.0,78.0
La_Original.mp3,La_Original.mp3,Emilia,829,53.3,17845.0,26300966.0,73.0
OA,OA,Anuel AA,827,53.3,29895.0,35946086.0,80.0
Ice Cream (with Selena Gomez),Ice Cream (with Selena Gomez),BLACKPINK,826,53.3,47463.0,17801611.0,58.0
Deja Vu,minisode 3: TOMORROW,TOMORROW X TOGETHER,832,53.2,2524.0,11857367.0,84.0
one of wun,One of Wun,Gunna,831,53.2,7073.0,108431155.0,82.0
Thank You (Not So Bad),Thank You (Not So Bad),Dimitri Vegas & Like Mike,838,53.1,32776.0,133835796.0,82.0
Watch This - ARIZONATEARS Pluggnb Remix,Watch This (Lil Uzi Vert) [ARIZONATEARS Pluggnb Remix],Lil Uzi Vert,837,53.1,100095.0,41254482.0,71.0
MIDDLE CHILD,MIDDLE CHILD,J. Cole,836,53.1,221749.0,47461150.0,74.0
TO THE MOON,TO THE MOON,JNR CHOI,834,53.1,96137.0,14188085.0,60.0
Fancy Like,Country Stuff,Walker Hayes,835,53.1,56746.0,6878594.0,66.0
The Color Violet,Alone At Prom,Tory Lanez,833,53.1,152298.0,19863721.0,79.0
S91,S91,KAROL G,840,53.0,22270.0,15087485.0,64.0
LALISA,LALISA,LISA,839,53.0,33286.0,15876032.0,73.0
Levitating,Future Nostalgia,Dua Lipa,841,52.9,145601.0,34376048.0,73.0
Gimme Love,Gimme Love,Sia,843,52.9,11648.0,11690122.0,6.0
"Akhiyaan Gulaab (From ""Teri Baaton Mein Aisa Uljha Jiya"")","Akhiyaan Gulaab (From ""Teri Baaton Mein Aisa Uljha Jiya"")",Mitraz,848,52.8,3618.0,12001774.0,75.0
Demons,Continued Silence - EP,Imagine Dragons,847,52.8,263640.0,71470111.0,80.0
Supalonely,STELLA & STEVE,BENEE,845,52.8,111662.0,26764629.0,62.0
Spin Bout U,Her Loss,Drake,856,52.6,88034.0,16963292.0,71.0
From The Start,From The Start - Single,Laufey,855,52.6,53922.0,25450036.0,73.0
ZOOM,ZOOM,Jessi,850,52.6,22288.0,7774873.0,61.0
Can't Feel My Face,Your Songs 2015,The Weeknd,851,52.6,212829.0,101243254.0,76.0
Sexy And I Know It,Sorry For Party Rocking (Japan Version),LMFAO,853,52.6,107912.0,33797077.0,62.0
WHATS POPPIN,WHATS POPPIN,Jack Harlow,854,52.6,161131.0,28874159.0,70.0
POR EL CONTRARIO,ESQUINAS,Becky G,857,52.5,5913.0,9167049.0,75.0
Rara Vez,Rara Vez,Taiu,860,52.4,58646.0,20499657.0,77.0
That That (prod. & feat. SUGA of BTS),PSY 9th,PSY,858,52.4,26075.0,16176936.0,66.0
Yeah Glo!,Yeah Glo! (Alternate Versions),GloRilla,864,52.2,8049.0,60410593.0,75.0
Copines,Copines,Aya Nakamura,867,52.1,70125.0,7759068.0,67.0
Thank God,Different Man,Kane Brown,866,52.1,20612.0,11359519.0,67.0
TQM,TQM - Single,Fuerza Regida,869,51.8,40368.0,24948673.0,70.0
Lily,Different World,Alan Walker,870,51.8,45516.0,8731552.0,66.0
Massive,"Honestly, Nevermind",Drake,873,51.7,111173.0,20965015.0,65.0
a lot,i am > i was,21 Savage,872,51.7,219301.0,32815164.0,73.0
Adicto (with Anuel AA & Ozuna),Adicto (with Anuel AA & Ozuna),Tainy,871,51.7,84611.0,28656289.0,69.0
Look What You Made Me Do,Look What You Made Me Do,Taylor Swift,876,51.6,93178.0,62880711.0,75.0
WOKE UP,WOKE UP,XG,877,51.5,1247.0,25606219.0,74.0
Toki,Toki,Casper Magico,878,51.5,2062.0,5740990.0,72.0
Young Dumb & Broke,The RCA-List (Vol. 5),Khalid,881,51.4,187813.0,83108168.0,76.0
El Beneficio De La Duda,El Beneficio De La Duda,Grupo Firme,880,51.4,446.0,37375496.0,73.0
In A Minute,In A Minute,Lil Baby,879,51.4,81407.0,13177118.0,57.0
Save Your Tears (with Ariana Grande) (Remix),After Hours (Deluxe),The Weeknd,884,51.4,178149.0,71174158.0,73.0
Jerusalema (feat. Nomcebo Zikode),Jerusalem,Master KG,885,51.3,110858.0,13496585.0,66.0
DENTRO DA HILUX,DENTRO DA HILUX - Single,Luan Pereira,888,51.2,14552.0,18055636.0,24.0
Blueberry Faygo,Certified Hitmaker,Lil Mosey,889,51.2,197036.0,39104125.0,67.0
Jiggle Jiggle,Jiggle Jiggle,Duke & Jones,891,51.2,37436.0,6111674.0,56.0
En la Intimidad,En la Intimidad,Big One,890,51.2,24033.0,7343818.0,65.0
Counting Stars,Native (Standard),OneRepublic,892,51.1,343135.0,114346295.0,81.0
Essence (feat. Tems),Essence (feat. Tems),Wizkid,893,51.0,85783.0,13563028.0,66.0
Get Into It (Yuh),Planet Her,Doja Cat,895,51.0,97704.0,24305145.0,68.0
No Me Conoce,No Me Conoce,Jhay Cortez,896,51.0,9710.0,1428548.0,47.0
offline,att.,Young Miko,900,50.9,8869.0,89312461.0,82.0
TOPIA TWINS,UTOPIA,Travis Scott,898,50.9,70723.0,12274321.0,74.0
Janze,Janze,Xamdam Sobirov,899,50.9,77.0,5871.0,30.0
"O Saki Saki (From ""Batla House"")","O Saki Saki (From ""Batla House"")",Neha Kakkar,897,50.9,15143.0,5892217.0,57.0
Always Remember Us This Way,A Star Is Born Soundtrack,Lady Gaga,901,50.9,137601.0,32384233.0,76.0
Aku Sayang Tapi Kau Tak Paham,Aku Sayang Tapi Kau Tak Paham,DJ Boneng,902,50.8,22.0,36989.0,1.0
Thought You Should Know,Thought You Should Know,Morgan Wallen,906,50.7,40523.0,6267614.0,73.0
CAIRO,CAIRO,KAROL G,904,50.7,35995.0,21160001.0,72.0
Cupido,Cupido,TINI,905,50.7,35751.0,23674275.0,70.0
Winning Speech,Winning Speech,Karan Aujla,910,50.6,938.0,5754144.0,73.0
Sobrio,Sobrio,Maluma,908,50.6,66655.0,24281295.0,64.0
"Am I Dreaming (Metro Boomin & A$AP Rocky, Roisee)",METRO BOOMIN PRESENTS SPIDER-MAN: ACROSS THE SPIDER-VERSE (SOUNDTRACK FROM AND INSPIRED BY THE MOTION PICTURE),Metro Boomin,913,50.5,67166.0,13150883.0,72.0
Praise The Lord (Da Shine) (feat. Skepta),TESTING,A$AP Rocky,916,50.5,295646.0,48300175.0,78.0
Look Back At It,Look Back At It,A Boogie Wit da Hoodie,912,50.5,136145.0,21910460.0,73.0
End of Beginning,DECIDE,Djo,918,50.5,64517.0,191969474.0,90.0
K-POP,K-POP (Chopped & Screwed),Travis Scott,917,50.5,62715.0,24530922.0,68.0
favorite,favorite - EP,Isabel LaRosa,919,50.5,7364.0,40769771.0,82.0
Waka Waka (This Time for Africa) [The Official 2010 FIFA World Cup (TM) Song] (feat. Freshlyground),So Fresh The Hits of Summer 2011 + The Best Of 2010,Shakira,921,50.4,159324.0,36048887.0,61.0
no tears left to cry,No Tears Left To Cry,Ariana Grande,923,50.2,100503.0,36840744.0,71.0
Upside Down,Upside Down,JVKE,925,50.1,28044.0,6194695.0,54.0
APAGA EL CEL,APAGA EL CEL - Single,FloyyMenor,929,50.0,2343.0,69471936.0,78.0
Genda Phool (feat. Payal Dev),Genda Phool (feat. Payal Dev),Badshah,930,50.0,7591.0,3058131.0,55.0
Pure Cocaine,Street Gossip,Lil Baby,928,50.0,170734.0,17463888.0,74.0
Pretty Little Poison,Pretty Little Poison - Single,Warren Zeiders,932,49.9,23828.0,9380794.0,72.0
Murder On My Mind,Murder On My Mind,YNW Melly,934,49.8,208777.0,21077896.0,72.0
You Are The Reason,You Are The Reason,Calum Scott,937,49.8,119883.0,31204776.0,73.0
Bad Liar,Bad Liar,Imagine Dragons,938,49.8,134812.0,31112950.0,74.0
ROXANNE,ROXANNE,Arizona Zervas,939,49.7,170595.0,31145335.0,68.0
Softly,Making Memories,Karan Aujla,941,49.6,12340.0,8409772.0,71.0
Tacones Rojos,Tacones Rojos,Sebastian Yatra,940,49.6,80542.0,23090494.0,68.0
Ride the Vibe,Ride the Vibe,NEXZ,942,49.6,147.0,2784044.0,46.0
family ties,family ties - Single,Baby Keem,945,49.5,204148.0,57623622.0,77.0
Whatever It Takes,Whatever It Takes,Imagine Dragons,944,49.5,156442.0,33271283.0,76.0
POP!,IM NAYEON,NAYEON,946,49.4,25748.0,12535016.0,69.0
Into the Unknown,New Horizons,ALPHA 9,948,49.4,67.0,5674.0,9.0
Lonely At The Top,Work Of Art,Asake,947,49.4,13107.0,7678884.0,69.0
ecstacy (slowed),ecstacy (slowed),SUICIDAL-IDOL,949,49.3,43999.0,9893510.0,74.0
Si Se Da,Si Se Da,Myke Towers,952,49.3,47247.0,7578697.0,54.0
Holy (feat. Chance The Rapper),Holy,Justin Bieber,950,49.3,110389.0,44478175.0,63.0
No Role Modelz,2014 Forest Hills Drive,J. Cole,955,49.3,403355.0,73668045.0,81.0
Symphony (feat. Zara Larsson),Symphony (feat. Zara Larsson),Clean Bandit,954,49.3,141677.0,49274720.0,71.0
Rain On Me (with Ariana Grande),Rain On Me (with Ariana Grande),Lady Gaga,951,49.3,104647.0,55948663.0,68.0
"Baddadan (feat. IRAH, Flowdan, Trigga & Takura)","Baddadan (feat. IRAH, Flowdan, Trigga & Takura)",Chase & Status,953,49.3,57036.0,35240391.0,71.0
One Right Now (with The Weeknd),One Right Now,Post Malone,963,49.2,99512.0,27179361.0,65.0
A Thousand Years,A Thousand Years,Christina Perri,964,49.2,177834.0,80060384.0,77.0
Secreto,Secreto,Anuel AA,957,49.2,68502.0,18835572.0,65.0
Toda Remix - Remix,Toda (Remix),Alex Rose,959,49.2,68578.0,13363939.0,66.0
I Hate U,I Hate U - Single,SZA,956,49.2,71261.0,34724014.0,66.0
Better Now,beerbongs & bentleys,Post Malone,962,49.2,239092.0,47844195.0,74.0
Call Me Maybe,Kiss,Carly Rae Jepsen,960,49.2,211162.0,114187117.0,77.0
Piece Of Your Heart,Piece Of Your Heart,MEDUZA,966,49.2,188608.0,44047615.0,65.0
"Tere Vaaste (From ""Zara Hatke Zara Bachke"")","Tere Vaaste (From ""Zara Hatke Zara Bachke"")",Varun Jain,961,49.2,14067.0,8370027.0,63.0
Ram Pam Pam,Ram Pam Pam,NATTI NATASHA,968,49.1,38896.0,13810240.0,55.0
No Se Va,No Se Va (En Vivo) - EP,Grupo Frontera,973,49.0,48881.0,17367502.0,70.0
LA PEOPLE II,LA PEOPLE II,Peso Pluma,978,48.9,5069.0,34480158.0,79.0
Your Love (9PM),Your Love (9PM),ATB,976,48.9,146298.0,62920572.0,71.0
One Side,One Side,Iyanya,977,48.9,10859.0,859682.0,53.0
HEAT STICK,HEAT STICK,Shoreline Mafia,979,48.8,3675.0,33607850.0,74.0
Photograph,x (Wembley Edition),Ed Sheeran,980,48.8,208671.0,121163411.0,77.0
Until I Found You (with Em Beihold) - Em Beihold Version,Until I Found You (Em Beihold Version),Stephen Sanchez,986,48.6,108274.0,75934462.0,79.0
Wants and Needs (feat. Lil Baby),Scary Hours 2,Drake,985,48.6,225513.0,37094631.0,71.0
Jiwa Yang Bersedih,Jiwa Yang Bersedih - Single,Ghea Indrawari,987,48.4,11931.0,7972917.0,69.0
Coco Chanel,3MEN2 KBRN,Eladio Carrion,988,48.4,67717.0,32043186.0,72.0
At My Worst,The Prelude,Pink Sweat$,991,48.3,83819.0,24550707.0,64.0
Go Down Deh (feat. Shaggy and Sean Paul),Go Down Deh (feat. Shaggy and Sean Paul),Spice,993,48.2,56998.0,7122424.0,61.0
Miles On It,Miles on It,Marshmello,992,48.2,3794.0,124369916.0,79.0
El Caballito,El Caballito - Single,FARIANA,994,48.2,74.0,5010610.0,42.0
PICK UP THE PHONE (feat. Nate Dogg),PICK UP THE PHONE (feat. Nate Dogg),PAWSA,995,48.1,1425.0,11819359.0,22.0
Tomorrow 2 (with Cardi B),Tomorrow 2 (with Cardi B),GloRilla,996,48.1,27840.0,14490602.0,64.0
Lost on You,Lost On You,LP,998,48.1,127522.0,22902207.0,70.0
"What Jhumka ? (From ""Rocky Aur Rani Kii Prem Kahaani"")","What Jhumka ? (From ""Rocky Aur Rani Kii Prem Kahaani"")",Pritam,"1,005",47.9,7624.0,11285253.0,64.0
Lean Wit Me,Lean Wit Me,Juice WRLD,"1,001",47.9,137341.0,29154307.0,72.0
HOTEL LOBBY (Unc & Phew),HOTEL LOBBY (Unc and Phew),Quavo,"1,002",47.9,131547.0,25873871.0,69.0
April Rain in August Weather,April Rain in August Weather - Single,Baba Blakes,"1,004",47.9,38.0,1747.0,12.0
Panini,Panini,Lil Nas X,"1,003",47.9,96241.0,16599790.0,62.0
She Had Me At Heads Carolina,Stereotype,Cole Swindell,"1,007",47.9,33533.0,14159174.0,69.0
"So Long, London",THE TORTURED POETS DEPARTMENT,Taylor Swift,"1,008",47.8,4454.0,20883678.0,84.0
bad idea right?,bad idea right?,Olivia Rodrigo,"1,012",47.7,37313.0,23894665.0,12.0
happier,SOUR,Olivia Rodrigo,"1,015",47.7,116055.0,29173011.0,79.0
Lalala,Lalala,Y2K,"1,010",47.7,142494.0,16656325.0,66.0
Chichiquetere,Chichiquetere,HCTM,"1,017",47.6,581.0,37113.0,28.0
After Hours,After Hours,Kehlani,"1,019",47.6,3962.0,55053444.0,14.0
Monkeys Spinning Monkeys,SteamFun - Single,Kevin MacLeod,"1,018",47.6,7679.0,1490705.0,36.0
One Kiss (with Dua Lipa),Dua Lipa (Complete Edition),Calvin Harris,"1,024",47.5,291456.0,162511602.0,79.0
Mmhmm,Mmhmm,BigXthaPlug,"1,020",47.5,28131.0,46683719.0,82.0
BOP,KIRK,DaBaby,"1,021",47.5,158363.0,34079735.0,68.0
Husn,Husn,Anuv Jain,"1,023",47.5,12424.0,10746664.0,74.0
Titanium (feat. Sia),Nothing But The Beat,Sia,"1,031",47.4,244291.0,103798139.0,74.0
Kahani Suno 2.0,Kahani Suno 2.0,Kaifi Khalil,"1,027",47.4,21479.0,6678540.0,68.0
No_se_ve.mp3,No_se_ve.mp3 - Single,Emilia,"1,025",47.4,30667.0,18842918.0,64.0
Arcade,Arcade,Duncan Laurence,"1,029",47.4,199838.0,52970224.0,69.0
Ya Te Olvide,Ya Te Olvide,Natanael Cano,"1,032",47.4,1763.0,29137587.0,79.0
How Deep Is Your Love,How Deep Is Your Love,Calvin Harris,"1,026",47.4,168603.0,66723908.0,78.0
BUTTERFLY EFFECT,EPIC AF,Travis Scott,"1,028",47.4,219410.0,37089107.0,79.0
Let You Down,Let You Down,NF,"1,034",47.2,187536.0,40032849.0,73.0
Yo Perreo Sola,YHLQMDLG,Bad Bunny,"1,036",47.1,95154.0,29388631.0,67.0
ETA,NewJeans 2nd EP 'Get Up',NewJeans,"1,038",47.1,20419.0,7910753.0,74.0
Jordan,Jordan,Ryan Castro,"1,037",47.1,57454.0,22561916.0,73.0
Take You Dancing,Take You Dancing,Jason Derulo,"1,039",47.1,98905.0,32882211.0,65.0
Be Alright,Be Alright,Dean Lewis,"1,042",47.0,182732.0,81424354.0,72.0
Jalebi Baby,Jalebi Baby,Tesher,"1,041",47.0,47324.0,4827888.0,58.0
Endless Summer,Endless Summer,Alan Walker,"1,040",47.0,7147.0,9900066.0,55.0
Belly Dancer,Belly Dancer,Imanbek,"1,047",46.9,110008.0,103107258.0,75.0
Who Told You (feat. Drake),Who Told You (feat. Drake) - Single,J Hus,"1,046",46.9,72496.0,16207605.0,62.0
NIGHT DANCER,NIGHT DANCER - Single,imase,"1,045",46.9,46984.0,6134615.0,67.0
DON'T YOU WORRY,Don't You Worry,Black Eyed Peas,"1,044",46.9,48916.0,26723190.0,62.0
Volando (Remix),Volando (Remix),Mora,"1,052",46.8,105247.0,22304375.0,68.0
Moth To A Flame (with The Weeknd),The Highlights (Deluxe),Swedish House Mafia,"1,056",46.8,153435.0,41139591.0,74.0
"Naina (From ""Crew"")","Naina (From ""Crew"") - Single",Diljit Dosanjh,"1,049",46.8,2351.0,12360484.0,76.0
Bel Bont El3areedh,Haflet Al'ahramat 2022 - Egypt,Hussain Aljassmi,"1,059",46.7,5.0,411.0,6.0
"Naa Ready (From ""Leo"")","Naa Ready (From ""Leo"")",Anirudh Ravichander,"1,058",46.7,6611.0,5093444.0,64.0
Feel the POP,You had me at HELLO,ZEROBASEONE,"1,060",46.6,533.0,10481435.0,58.0
Diamonds,Unapologetic (Edited Version),Rihanna,"1,063",46.5,180128.0,62951327.0,70.0
Fuera del mercado,@dannocean,Danny Ocean,"1,064",46.5,57772.0,25048190.0,71.0
El Cielo,El Cielo - Single,Sky Rompiendo,"1,068",46.4,53606.0,50446311.0,74.0
BITTERSUITE,HIT ME HARD AND SOFT,Billie Eilish,"1,066",46.4,3394.0,9510078.0,87.0
Me Fui de Vacaciones,Un Verano Sin Ti,Bad Bunny,"1,067",46.4,61014.0,15444758.0,68.0
Talk (feat. Disclosure),Talk,Khalid,"1,065",46.4,121168.0,29487473.0,64.0
Reloj,Reloj,Rauw Alejandro,"1,072",46.2,90725.0,22415388.0,65.0
BADGYAL,SAKURA,SAIKO,"1,076",46.1,5849.0,51387051.0,80.0
Sorry 4 The Wait,Sorry 4 The Wait,Lil Wayne,"1,079",46.0,8422.0,1181602.0,54.0
DILUVIO,PLAYA SATURNO,Rauw Alejandro,"1,078",46.0,33458.0,54918981.0,79.0
ZEZE (feat. Travis Scott & Offset),ZEZE (feat. Travis Scott & Offset),Kodak Black,"1,080",46.0,203323.0,32147932.0,71.0
"Kesariya (From ""Brahmastra"")","Kesariya (From ""Brahmastra"") - Single",Pritam,"1,084",46.0,30584.0,13659510.0,67.0
Peaches,The Super Mario Bros. Movie (Original Motion Picture Soundtrack),Jack Black,"1,077",46.0,35929.0,3276465.0,64.0
Take My Breath - Single Version,Take My Breath,The Weeknd,"1,085",45.9,89586.0,17062402.0,57.0
Lavender Haze,Midnights,Taylor Swift,"1,090",45.9,42535.0,28394531.0,73.0
KU LO SA - A COLORS SHOW,KU LO SA - A COLORS SHOW,Oxlade,"1,089",45.9,92569.0,17049738.0,68.0
Nobody Gets Me,SOS,SZA,"1,091",45.9,58561.0,39587642.0,82.0
Glock In My Lap,SAVAGE MODE II,21 Savage,"1,088",45.9,164722.0,24902576.0,78.0
overseas,overseas,Ken Carson,"1,095",45.8,7297.0,7809196.0,79.0
PUNTO G,Punto G,Quevedo,"1,096",45.8,73593.0,22371448.0,71.0
"Muqabla (From ""Street Dancer 3D"")","Muqabla (From ""Street Dancer 3D"")",Yash Narvekar,"1,093",45.8,8999.0,4335630.0,58.0
Ditto,Ditto,NewJeans,"1,098",45.7,47586.0,17245496.0,74.0
Bubble Gum,How Sweet,NewJeans,"1,101",45.6,1536.0,9077425.0,76.0
Lo Siento BB:/ (with Bad Bunny & Julieta Venegas),Lo Siento BB:/ (with Bad Bunny & Julieta Venegas),Tainy,"1,104",45.4,94302.0,33979642.0,67.0
BABY HELLO,BABY HELLO - Single,Rauw Alejandro,"1,105",45.3,47936.0,46787442.0,68.0
ONE CALL,ONE CALL,Rich Amiri,"1,106",45.2,33970.0,50694559.0,80.0
Pehle Bhi Main,ANIMAL,Vishal Mishra,"1,111",45.2,10873.0,14151452.0,77.0
2/Catorce,2/Catorce,Rauw Alejandro,"1,107",45.2,92466.0,17067105.0,64.0
Ride,Ride,Twenty One Pilots,"1,110",45.2,240346.0,62583866.0,79.0
Dusk Till Dawn (feat. Sia),Dusk Till Dawn (feat. Sia) - Single,ZAYN,"1,108",45.2,2412.0,584352.0,36.0
Physical,Physical,Dua Lipa,"1,115",45.1,108666.0,29267130.0,71.0
Pumped Up Kicks,Pumped up Kicks,Foster The People,"1,113",45.1,344490.0,131726745.0,81.0
Yes Indeed,Yes Indeed,Lil Baby,"1,112",45.1,186456.0,41273853.0,74.0
Open Arms (feat. Travis Scott),SOS,SZA,"1,114",45.1,67858.0,17377077.0,76.0
edamame (feat. Rich Brian),edamame,bbno$,"1,117",45.0,137449.0,12880333.0,9.0
Turn Down for What,Turn Down for What,DJ Snake,"1,116",45.0,103666.0,30719577.0,65.0
Calling (feat. A Boogie wit da Hoodie) [Spider-Man: Across the Spider-Verse],METRO BOOMIN PRESENTS SPIDER-MAN: ACROSS THE SPIDER-VERSE (SOUNDTRACK FROM AND INSPIRED BY THE MOTION PICTURE),Metro Boomin,"1,120",44.9,56138.0,13361149.0,69.0
Smokin Out The Window,Smokin Out The Window,Bruno Mars,"1,121",44.9,100305.0,15798103.0,66.0
Goin' Off,Goin' Off,Karan Aujla,"1,118",44.9,836.0,4594419.0,70.0
Close To You,Close To You,Gracie Abrams,"1,119",44.9,1162.0,89144538.0,74.0
From The D To The A (feat. Lil Yachty),From The D To The A (feat. Lil Yachty),Tee Grizzley,"1,122",44.8,83638.0,10924243.0,64.0
Nonsense,emails i can't send,Sabrina Carpenter,"1,129",44.8,55620.0,61610668.0,83.0
Run It Up (feat. Offset & Moneybagg Yo),Destined 2 Win,Lil Tjay,"1,127",44.8,141221.0,21996686.0,67.0
Lose You To Love Me,Lose You To Love Me,Selena Gomez,"1,123",44.8,109325.0,48327775.0,72.0
Worth It,Worth It,YK Osiris,"1,125",44.8,66487.0,6617103.0,60.0
Fight The Feeling,Fight The Feeling,Rod Wave,"1,128",44.8,18112.0,2247123.0,51.0
Axel F,Best of Crazy Hits,Crazy Frog,"1,134",44.7,870.0,142649.0,30.0
Robbery,Robbery,Juice WRLD,"1,131",44.7,213493.0,32159591.0,73.0
Bebe Dame,Bebe Dame - Single,Fuerza Regida,"1,132",44.7,51229.0,20388246.0,70.0
Green Green Grass,george ezra songs to play when the sun's out,George Ezra,"1,133",44.7,50552.0,12812123.0,69.0
Zihaal e Miskin,Zihaal e Miskin,Javed-Mohsin,"1,135",44.7,4432.0,3741353.0,65.0
Fiel,Los Legendarios 001,Los Legendarios,"1,130",44.7,106151.0,40485324.0,64.0
Neverita,Un Verano Sin Ti,Bad Bunny,"1,139",44.6,93211.0,21780286.0,73.0
2002 - Remix,2002 (Remix),Shaun Reynolds,"1,136",44.6,88.0,6796.0,8.0
Infinity,Feel Something,Jaymes Young,"1,138",44.6,169454.0,48961048.0,74.0
Popular (with Playboi Carti & Madonna) - Music from the HBO Original Series,The Highlights (Deluxe),The Weeknd,"1,142",44.5,137681.0,53947304.0,81.0
adore u,adore u,Fred again..,"1,141",44.5,44672.0,48826452.0,71.0
Numb Little Bug,Numb Little Bug,Em Beihold,"1,143",44.5,68868.0,18801509.0,66.0
Loco Contigo (feat. J. Balvin & Tyga),"Loco Contigo (with J. Balvin, feat. Tyga)",DJ Snake,"1,144",44.4,141261.0,26970098.0,68.0
Faz um Vuk Vuk (Teto Espelhado),Faz um Vuk Vuk (Teto Espelhado),MC Kevin o Chris,"1,145",44.4,26854.0,23489333.0,68.0
Suicidal,Melly vs. Melvin,YNW Melly,"1,146",44.4,113061.0,13801176.0,67.0
"Photo (From ""Luka Chuppi"")","Photo (From ""Luka Chuppi"")",Karan Sehmbi,"1,149",44.3,9804.0,2252266.0,54.0
Sky,Whole Lotta Red,Playboi Carti,"1,147",44.3,209136.0,30701216.0,74.0
Payphone,Overexposed Track By Track,Maroon 5,"1,153",44.2,249663.0,71678167.0,78.0
Brickell,MANIFESTING 20-05,Feid,"1,150",44.2,5064.0,62237863.0,79.0
I Like Me Better,I Like Me Better,Lauv,"1,152",44.2,157818.0,34910721.0,75.0
RUNAWAY,RUNAWAY,OneRepublic,"1,154",44.2,16650.0,19684494.0,67.0
Que Se Cuide,Que Se Cuide,Luis R Conriquez,"1,151",44.2,1566.0,48637114.0,77.0
On My Love,On My Love (Sped Up),Zara Larsson,"1,159",44.1,20826.0,60798732.0,7.0
She Share Story,She Share Story,Shayne Orok,"1,156",44.1,2443.0,424979.0,33.0
Mujeriego,Mujeriego - Single,Ryan Castro,"1,158",44.1,63343.0,16024245.0,63.0
Miss The Rage (feat. Playboi Carti),Miss The Rage,Trippie Redd,"1,160",44.1,188778.0,26774987.0,6.0
TUTA GOLD,TUTA GOLD,Mahmood,"1,157",44.1,5218.0,9118781.0,65.0
My Boy Only Breaks His Favorite Toys,THE TORTURED POETS DEPARTMENT,Taylor Swift,"1,161",44.0,3784.0,17036800.0,83.0
Legends,Legends,Juice WRLD,"1,166",44.0,118639.0,18809173.0,63.0
Black Beatles,SremmLife 2 (Deluxe),Rae Sremmurd,"1,164",44.0,186174.0,27470180.0,69.0
King Size,Feed Tha Streets III,Roddy Ricch,"1,163",44.0,3105.0,291653.0,33.0
Girls Want Girls (with Lil Baby),Certified Lover Boy,Drake,"1,168",43.9,137691.0,22202207.0,68.0
Linger - SiriusXM Session,SiriusXM Session,Royel Otis,"1,171",43.9,908.0,11708987.0,69.0
SLOW DANCING IN THE DARK,SLOW DANCING IN THE DARK,Joji,"1,167",43.9,241882.0,48328259.0,29.0
Addicted,Addicted (feat. Ink) - Single,Zerb,"1,170",43.9,7213.0,65806267.0,79.0
Besos Moja2,Besos Moja2,Wisin & Yandel,"1,176",43.8,48450.0,23910344.0,69.0
Wake Up in the Sky,Wake Up in the Sky,Gucci Mane,"1,173",43.8,188378.0,27325666.0,71.0
Chanel,Chanel,Becky G,"1,175",43.8,21244.0,8675975.0,65.0
Back In Blood (feat. Lil Durk),Back In Blood (feat. Lil Durk),Pooh Shiesty,"1,180",43.7,126894.0,19992900.0,62.0
Una Foto Remix (feat. Emilia),Una Foto Remix (feat. Emilia),Mesita,"1,181",43.7,15932.0,35397476.0,78.0
Religiously,Religiously,Bailey Zimmerman,"1,178",43.7,25164.0,10017767.0,73.0
What Happened To Virgil (feat. Gunna),7220,Lil Durk,"1,179",43.7,63045.0,7698742.0,59.0
Hello,Hello,Adele,"1,186",43.6,140637.0,42531792.0,68.0
HAY LUPITA,HAY LUPITA - Single,Lomiiel,"1,187",43.6,1996.0,19217759.0,71.0
Gatita,Gatita,Bellakath,"1,184",43.6,25714.0,8048259.0,57.0
World on Fire,NATE SMITH (DELUXE),Nate Smith,"1,183",43.6,15383.0,9521311.0,69.0
Love You Anyway,Love You Anyway,Luke Combs,"1,185",43.6,29896.0,7920265.0,67.0
MOJABI GHOST,DATA,Tainy,"1,188",43.5,46625.0,20677828.0,75.0
N95,Mr. Morale & The Big Steppers,Kendrick Lamar,"1,194",43.4,118020.0,24734503.0,74.0
Niagara Falls (Foot or 2) [with Travis Scott & 21 Savage],HEROES & VILLAINS,Metro Boomin,"1,191",43.4,108296.0,18764224.0,71.0
Earned It (Fifty Shades Of Grey),Fifty Shades Of Grey (Original Motion Picture Soundtrack),The Weeknd,"1,195",43.4,97707.0,24754802.0,69.0
Gucci Gang,Gucci Gang,Lil Pump,"1,189",43.4,66961.0,13429975.0,55.0
La Bebe,LPM,Yng Lvcas,"1,198",43.3,35404.0,4489095.0,64.0
Jaded,Endless Summer Vacation,Miley Cyrus,"1,197",43.3,22117.0,9481406.0,65.0
Bye,Bye,Peso Pluma,"1,196",43.3,24974.0,6379185.0,65.0
L$d,Deaf 2 Society,Luclover,"1,199",43.3,15846.0,2877860.0,36.0
Wolves,Wolves,Selena Gomez,"1,200",43.3,123735.0,33188573.0,71.0
Scars To Your Beautiful,Know-It-All,Alessia Cara,"1,201",43.2,129568.0,38951634.0,71.0
FRI(END)S,FRI(END)S,V,"1,203",43.2,3800.0,44868049.0,85.0
Surface Pressure,Encanto (Original Motion Picture Soundtrack),Jessica Darrow,"1,204",43.2,41062.0,14552186.0,65.0
Volver Al Futuro,Volver Al Futuro,Oscar Maydon,"1,202",43.2,1247.0,63521139.0,78.0
Praise God,Donda,Kanye West,"1,208",43.1,143071.0,22968843.0,67.0
Friesenjung,Friesenjung,Ski Aggu,"1,205",43.1,70377.0,9755773.0,70.0
El Azul,El Azul - Single,Junior H,"1,206",43.1,42304.0,22784674.0,76.0
EARFQUAKE,IGOR,"Tyler, The Creator","1,207",43.1,198786.0,34308753.0,76.0
if u think i'm pretty,if u think i'm pretty,Artemas,"1,212",43.0,26538.0,17112526.0,78.0
Fin de Semana,Fin de Semana,Oscar Maydon,"1,211",43.0,38126.0,18723665.0,76.0
My Oh My (feat. DaBaby),Romance,Camila Cabello,"1,218",42.9,78873.0,23552368.0,68.0
Forever After All,What You See Ain't Always What You Get (Deluxe Edition),Luke Combs,"1,217",42.9,66543.0,14596512.0,70.0
123 Song,123 Song,D Billions,"1,214",42.9,98.0,14910.0,23.0
Hello (feat. A Boogie Wit da Hoodie),Shoot For The Stars Aim For The Moon (Deluxe),Pop Smoke,"1,213",42.9,190490.0,26875379.0,67.0
Numb,Numb,Marshmello,"1,219",42.9,70661.0,51920160.0,69.0
Ojapiano,Ojapiano - Single,KCee,"1,222",42.8,8182.0,3092737.0,56.0
Area Codes,Area Codes,Kaliii,"1,220",42.8,33819.0,27729274.0,68.0
Domingo Abacaxi Flamingo,Domingo Abacaxi Flamingo,Bolofofos,"1,221",42.8,1887.0,331053.0,51.0
Riptide,Ministry Of Sound Presents Chillout Sessions XVI,Vance Joy,"1,223",42.8,369150.0,165607442.0,80.0
Ch y la Pizza,Ch y la Pizza,Fuerza Regida,"1,230",42.7,37923.0,17851037.0,75.0
In Ha Mood,In Ha Mood,Ice Spice,"1,234",42.7,39734.0,15519701.0,63.0
ALL MINE,WASTELAND,Brent Faiyaz,"1,232",42.7,61987.0,22567278.0,71.0
Let Me Know (I Wonder Why Freestyle),Sucker,Juice WRLD,"1,231",42.7,126610.0,15066503.0,72.0
The Night We Met,The Night We Met,Lord Huron,"1,226",42.7,286668.0,123211490.0,84.0
BOO!SHUT,BOO!SHUT,PIGGS,"1,233",42.7,41.0,1972.0,3.0
HOLA PERDIDA REMIX,HOLA PERDIDA REMIX,Luck Ra,"1,228",42.7,873.0,40161269.0,70.0
Talk,Talk,Yeat,"1,229",42.7,77898.0,8717113.0,67.0
For Life (feat. Zak Abel & Nile Rodgers),For Life (feat. Zak Abel & Nile Rodgers),Kygo,"1,240",42.6,4216.0,90998184.0,76.0
Kya Loge Tum,Kya Loge Tum,B Praak,"1,238",42.6,2561.0,1939449.0,57.0
California Breeze,It's Only Me,Lil Baby,"1,237",42.6,45626.0,8408366.0,61.0
Nonstop,Scorpion,Drake,"1,239",42.6,175188.0,51548109.0,71.0
LOVE DIVE,LOVE DIVE,IVE,"1,243",42.5,28165.0,11131897.0,69.0
Go Stupid,Go Stupid,Polo G,"1,241",42.5,112485.0,21170575.0,69.0
POPSTAR (feat. Drake),POPSTAR (feat. Drake),DJ Khaled,"1,247",42.4,165234.0,35485186.0,63.0
Lovesick Girls,THE ALBUM,BLACKPINK,"1,248",42.4,40766.0,14363550.0,65.0
Solo (feat. Demi Lovato),Solo (feat. Demi Lovato),Clean Bandit,"1,246",42.4,114049.0,30877323.0,64.0
Una Vida Pasada,Una Vida Pasada,Camilo,"1,249",42.4,2952.0,47126163.0,81.0
Steven Universe,Steven Universe,L.Dre,"1,245",42.4,14464.0,2212197.0,50.0
places to be,places to be,Fred again..,"1,250",42.4,2277.0,40816159.0,73.0
Elvira,Elvira,Oscar Maydon,"1,255",42.3,8183.0,47711465.0,81.0
Fantasias,Fantasias,Rauw Alejandro,"1,253",42.3,76919.0,24789585.0,67.0
Am,AM,Nio Garcia,"1,257",42.2,70546.0,11143810.0,57.0
PLEBADA,PLEBADA,El Alfa,"1,260",42.2,17100.0,7456228.0,65.0
Fall In Love,Fall In Love,Bailey Zimmerman,"1,262",42.2,47288.0,6430525.0,71.0
Cupid,The Beginning: Cupid - Single,FIFTY FIFTY,"1,256",42.2,34632.0,4625072.0,37.0
Guilty as Sin?,THE TORTURED POETS DEPARTMENT,Taylor Swift,"1,264",42.1,4418.0,21928475.0,78.0
Waiting For Love,Ibiza Residence 2015,Avicii,"1,263",42.1,205128.0,62368816.0,74.0
EVERY CHANCE I GET (feat. Lil Baby & Lil Durk),KHALED KHALED,DJ Khaled,"1,271",42.0,108705.0,24218793.0,68.0
Mo Bamba,Mo Bamba,Sheck Wes,"1,266",42.0,198581.0,38436526.0,71.0
Bank Account,Issa Album,21 Savage,"1,267",42.0,195032.0,31101180.0,70.0
"One Of The Girls (with JENNIE, Lily Rose Depp)",The Highlights (Deluxe),The Weeknd,"1,269",42.0,67381.0,127728248.0,87.0
Never Felt So Alone,Never Felt So Alone,Labrinth,"1,275",41.9,44019.0,21429823.0,67.0
Love Me JeJe,Love Me JeJe - Single,Tems,"1,274",41.9,4787.0,53092639.0,76.0
Heather,Kid Krow,Conan Gray,"1,276",41.8,191604.0,123682546.0,80.0
Come & Go (with Marshmello),Come & Go (with Marshmello),Juice WRLD,"1,277",41.8,180366.0,25884639.0,71.0
Mas Rica Que Ayer,Mas Rica Que Ayer,Anuel AA,"1,278",41.7,34370.0,18181647.0,67.0
Love Again,Future Nostalgia,Dua Lipa,"1,279",41.7,90805.0,19218236.0,67.0
Giving Me,Giving Me,Jazzy,"1,284",41.6,44298.0,37322737.0,67.0
What Do You Mean?,Full Circle: The Live Anthology,Justin Bieber,"1,282",41.6,137106.0,54447816.0,74.0
Bailando - English Version,S** AND LOVE,Enrique Iglesias,"1,289",41.5,28233.0,7288674.0,50.0
TV,Guitar Songs,Billie Eilish,"1,285",41.5,80064.0,39873526.0,76.0
But Daddy I Love Him,THE TORTURED POETS DEPARTMENT,Taylor Swift,"1,286",41.5,3535.0,21565868.0,76.0
pushin P (feat. Young Thug),DRIP SEASON 4EVER,Gunna,"1,291",41.4,125521.0,25605777.0,65.0
Take Me to Church,Take Me To Church,Hozier,"1,293",41.4,238611.0,69693570.0,78.0
It's You,It's You,Ali Gatie,"1,292",41.4,140766.0,29272883.0,72.0
Love Lee,Love Lee,AKMU,"1,294",41.4,10736.0,4247248.0,65.0
Jump,TYLA,Tyla,"1,295",41.4,10243.0,123617533.0,77.0
Venom - Music From The Motion Picture,Kamikaze,Eminem,"1,290",41.4,139716.0,24601490.0,68.0
The Painter,The Painter - Single,Cody Johnson,"1,298",41.3,16004.0,19123002.0,66.0
Chiky Boom,Chiky Boom,Paylon,"1,300",41.2,14.0,769.0,1.0
Vista Al Mar,Vista Al Mar,Quevedo,"1,303",41.2,74845.0,23960314.0,68.0
Imagine,Imagine,Carbonne,"1,301",41.2,3113.0,9735703.0,77.0
All The Stars (with SZA),All The Stars (with SZA),Kendrick Lamar,"1,304",41.2,207686.0,66120497.0,82.0
X (feat. Future),Savage Mode,21 Savage,"1,302",41.2,115125.0,20776088.0,65.0
CRAZYZ,Pa las Baby's Y Belikeada,Fuerza Regida,"1,314",41.1,12683.0,18918954.0,78.0
Passionfruit,More Life,Drake,"1,309",41.1,288559.0,72837714.0,77.0
Like Crazy,FACE,Jimin,"1,308",41.1,16425.0,22818507.0,84.0
What It Is (Solo Version),What It Is (Versions),Doechii,"1,311",41.1,38674.0,36667220.0,70.0
Bad and Boujee (feat. Lil Uzi Vert),Bad and Boujee,Migos,"1,307",41.1,173279.0,29410941.0,66.0
SUBEME LA RADIO (feat. Descemer Bueno & Zion & Lennox),SUBEME LA RADIO,Enrique Iglesias,"1,313",41.1,87667.0,24084151.0,65.0
Soak City (Do it),Soak City (Do it),310babii,"1,310",41.1,26723.0,26216067.0,65.0
The Woo (feat. 50 Cent & Roddy Ricch),Shoot For The Stars Aim For The Moon,Pop Smoke,"1,319",41.0,166545.0,26349705.0,65.0
Cheerleader - Felix Jaehn Remix Radio Edit,Cheerleader (Felix Jaehn Remix) (Radio Edit),OMI,"1,318",41.0,49556.0,9366950.0,52.0
Woah (feat. D3Mstreet),Woah,KRYPTO9095,"1,315",41.0,21725.0,3265269.0,45.0
Wrecking Ball,538 Hitzone Best Of 2013,Miley Cyrus,"1,316",41.0,113036.0,73538856.0,73.0
Stuck with U (with Justin Bieber),Stuck with U,Ariana Grande,"1,321",40.9,116269.0,56772519.0,73.0
she's all i wanna be,she's all i wanna be,Tate McRae,"1,324",40.8,58658.0,18026092.0,71.0
Oh My God,30,Adele,"1,327",40.8,66469.0,27321505.0,68.0
iSpy (feat. Lil Yachty),iSpy (feat. Lil Yachty),KYLE,"1,325",40.8,121478.0,17895084.0,64.0
I AM,I've IVE,IVE,"1,326",40.8,20356.0,8290715.0,71.0
Midnight Sky,Midnight Sky,Miley Cyrus,"1,323",40.8,86326.0,19484618.0,66.0
Andrea,Un Verano Sin Ti,Bad Bunny,"1,335",40.7,51912.0,12241438.0,71.0
Ric Flair Drip (with Metro Boomin),Without Warning,Offset,"1,338",40.7,257640.0,63705857.0,80.0
Going Bad (feat. Drake),Championships,Meek Mill,"1,330",40.7,190095.0,47916138.0,73.0
Wunder,Wunder,AYLIVA,"1,336",40.7,3863.0,15268731.0,77.0
Safaera,YHLQMDLG,Bad Bunny,"1,331",40.7,116275.0,31273843.0,70.0
Baby,R&B Collection 2011,Justin Bieber,"1,337",40.7,136655.0,76732478.0,76.0
On BS,Her Loss,Drake,"1,333",40.7,82934.0,17735363.0,67.0
LAGUNAS,LAGUNAS,Peso Pluma,"1,339",40.6,23886.0,6601410.0,74.0
Narcotics (with Bryant Myers),Narcotics (with Bryant Myers),Dei V,"1,344",40.6,23281.0,12418680.0,73.0
24K Magic,24K Magic,Bruno Mars,"1,340",40.6,175419.0,63087960.0,77.0
The Feels,The Feels,TWICE,"1,346",40.5,43727.0,10543105.0,66.0
Someone Like You,21' Sampler,Adele,"1,345",40.5,211527.0,80288449.0,75.0
Oh U Went (feat. Drake),BUSINESS IS BUSINESS,Young Thug,"1,347",40.5,43943.0,22872664.0,64.0
High Fashion (feat. Mustard),Please Excuse Me For Being Antisocial,Roddy Ricch,"1,351",40.3,113736.0,16354487.0,65.0
Ronald,Ronald,Falling In Reverse,"1,357",40.3,3463.0,4194033.0,72.0
We Paid (feat. 42 Dugg),My Turn (Deluxe),Lil Baby,"1,353",40.3,128536.0,20047619.0,68.0
Boss Bitch,Boss Bitch,Doja Cat,"1,352",40.3,126275.0,47587177.0,70.0
Ballena,Ballena,Vulgo FK,"1,354",40.3,28303.0,9617276.0,66.0
Locked Away (feat. Adam Levine),Locked Away,R. City,"1,355",40.3,143056.0,48490958.0,75.0
Tal Vez,Tal Vez,Paulo Londra,"1,350",40.3,75691.0,21188829.0,67.0
the remedy for a broken heart (why am I so in love),?,XXXTENTACION,"1,359",40.2,142939.0,25725853.0,69.0
Beautiful Mistakes (feat. Megan Thee Stallion),Beautiful Mistakes (feat. Megan Thee Stallion),Maroon 5,"1,362",40.2,93856.0,28511210.0,71.0
Cynical,Cynical,twocolors,"1,363",40.2,20339.0,47189903.0,41.0
These Words,These Words,Badger,"1,360",40.2,9301.0,84272492.0,78.0
Robarte un Beso,Robarte un Beso,Carlos Vives,"1,361",40.2,53101.0,23936663.0,72.0
Vida Gangster,Vida Gangster,Lauty Gram,"1,358",40.2,20571.0,4824421.0,56.0
For My Hand (feat. Ed Sheeran),"Love, Damini",Burna Boy,"1,366",40.1,62386.0,29271052.0,65.0
Cowgirls (feat. ERNEST),One Thing At A Time,Morgan Wallen,"1,371",40.1,31680.0,27441895.0,81.0
Hass Hass,Hass Hass - Single,Diljit Dosanjh,"1,370",40.1,10191.0,8686387.0,70.0
You Got It,You Got It,Vedo,"1,367",40.1,56415.0,7671267.0,64.0
LDR,LDR,Shoti,"1,365",40.1,5646.0,1050088.0,57.0
"Kaavaalaa (From ""Jailer"")","Kaavaalaa (From ""Jailer"")",Shilpa Rao,"1,373",40.0,5151.0,4767067.0,61.0
Me or Sum (feat. Future & Lil Baby),Me or Sum (feat. Future & Lil Baby) - Single,Nardo Wick,"1,374",40.0,77071.0,7941140.0,59.0
You're Welcome,Moana (Original Motion Picture Soundtrack/Deluxe Edition),Dwayne Johnson,"1,372",40.0,57721.0,18005001.0,66.0
Billete Grande (En Vivo),Billete Grande (En Vivo),Fuerza Regida,"1,377",39.9,30705.0,7109920.0,68.0
Royals,The Love Club EP,Lorde,"1,386",39.8,163195.0,59733007.0,73.0
Charm,Charm (Sped Up),Rema,"1,387",39.8,35929.0,7199181.0,65.0
Mon Amour - Remix,Mon Amour (Remix),zzoilo,"1,381",39.8,101479.0,31506074.0,72.0
Adan y Eva,Adan y Eva,Paulo Londra,"1,383",39.8,85897.0,24226776.0,70.0
No Lie,Dua Lipa (Complete Edition),Sean Paul,"1,384",39.8,180669.0,44962652.0,76.0
"Phir Aur Kya Chahiye (From ""Zara Hatke Zara Bachke"")","Phir Aur Kya Chahiye (From ""Zara Hatke Zara Bachke"")",Sachin-Jigar,"1,379",39.8,11941.0,13056935.0,66.0
The Astronaut,The Astronaut,JIN,"1,382",39.8,12509.0,19653160.0,79.0
Gogo Dance,SABIDURIA,El Alfa,"1,385",39.8,29662.0,6577251.0,64.0
Komang,Komang,Raim Laode,"1,378",39.8,16110.0,3893973.0,70.0
The Spectre,The Spectre,Alan Walker,"1,395",39.7,67602.0,15209777.0,67.0
DARARI,THE SECOND STEP : CHAPTER ONE,TREASURE,"1,396",39.7,23891.0,5328396.0,63.0
Ferxxo 100,Ferxxo 100,Feid,"1,392",39.7,56678.0,17366565.0,73.0
More than you know,More than you know,NoSpace,"1,397",39.7,5.0,33.0,2.0
Shower,Crave Vol. 9 (Mixed By DJ Havana Brown),Becky G,"1,390",39.7,110573.0,53838139.0,73.0
B.O.T.A. (Baddest Of Them All) - Edit,B.O.T.A. (Baddest Of Them All) / Move To The,Eliza Rose,"1,389",39.7,119047.0,39606593.0,70.0
Chatak Matak,Chatak Matak,Renuka Panwar,"1,391",39.7,1588.0,347235.0,54.0
Cooped Up (with Roddy Ricch),Cooped Up,Post Malone,"1,401",39.6,76622.0,17496536.0,62.0
FRIENDS,Speak Your Mind,Marshmello,"1,399",39.6,148480.0,33658538.0,70.0
Come back to me,Come back to me,RM,"1,400",39.6,1389.0,24249059.0,84.0
3:15 (Breathe),3:15 (Breathe),Russ,"1,406",39.5,72865.0,7583638.0,72.0
Love Me Again,Layover,V,"1,402",39.5,13455.0,18636467.0,82.0
Down Under (feat. Colin Hay),Down Under,Luude,"1,403",39.5,125064.0,22299331.0,60.0
Like That (feat. Gucci Mane),Hot Pink,Doja Cat,"1,405",39.5,74416.0,19414789.0,66.0
Control,Control,Zoe Wees,"1,407",39.5,81641.0,24075887.0,66.0
Push Up - Original Mix,Push Up - Single,Creeds,"1,409",39.4,78156.0,5245976.0,58.0
Dancin (feat. Luvli) - Krono Remix,Dancin (Krono Remix),Aaron Smith,"1,411",39.4,163911.0,32032973.0,71.0
Goosebumps - Remix,Goosebumps (Remix),Travis Scott,"1,410",39.4,142094.0,65054729.0,70.0
Die For You,SMITHEREENS,Joji,"1,412",39.4,74276.0,30821017.0,71.0
SC-9,SC-9,Yahir Saldivar,"1,415",39.3,2994.0,12621491.0,64.0
My Head & My Heart,Heaven & Hell,Ava Max,"1,413",39.3,72376.0,41025788.0,69.0
Accendio,IVE SWITCH,IVE,"1,418",39.2,1027.0,749609.0,72.0
Loosing interest,Missing,Kurochuu,"1,419",39.2,2.0,2190.0,4.0
Turbo S,PISTOLER POESI OCH SEX,Yasin,"1,416",39.2,1764.0,32374.0,33.0
Mi Bello Angel,Nata Montana,Natanael Cano,"1,421",39.1,23359.0,14819855.0,76.0
1-800-273-8255,1-800-273-8255,Logic,"1,427",39.0,155866.0,27988875.0,67.0
The Middle,The Middle,Zedd,"1,432",38.9,135666.0,65498300.0,72.0
Pompeii,Bad Blood (The Extended Cut),Bastille,"1,434",38.9,259895.0,65869505.0,71.0
Hymn For The Weekend - Seeb Remix,A Head Full Of Dreams,Coldplay,"1,429",38.9,66904.0,13714193.0,62.0
Lonely (with benny blanco),Lonely (with benny blanco),Justin Bieber,"1,431",38.9,119464.0,35423440.0,66.0
Hold On,Hold On,Justin Bieber,"1,433",38.9,98447.0,21788917.0,65.0
Can't Hold Us - feat. Ray Dalton,The Heist,Macklemore & Ryan Lewis,"1,430",38.9,287524.0,83050639.0,74.0
I Like It,Invasion of Privacy,Cardi B,"1,439",38.8,175421.0,77421150.0,72.0
8 Parche,8 Parche,Baani Sandhu,"1,436",38.8,9383.0,1730849.0,58.0
THANK GOD,UTOPIA,Travis Scott,"1,440",38.8,53828.0,5159560.0,68.0
The London (feat. J. Cole & Travis Scott),The London (feat. J. Cole & Travis Scott),Young Thug,"1,438",38.8,155380.0,26351002.0,62.0
Si Te Pudiera Mentir,Simplemente Gracias,Calibre 50,"1,444",38.7,39746.0,21866121.0,69.0
Tell Em,Tell Em,Cochise,"1,442",38.7,156928.0,20525072.0,70.0
Close Eyes,Close Eyes,DVRST,"1,448",38.6,118862.0,32562324.0,70.0
LA DURANGO,LA DURANGO,Peso Pluma,"1,447",38.6,2684.0,48467220.0,79.0
Please Me,Please Me,Cardi B,"1,449",38.6,58065.0,19199798.0,70.0
El Hijo Mayor,El Hijo Mayor - Single,Junior H,"1,450",38.6,30881.0,19190261.0,71.0
TIL FURTHER NOTICE,UTOPIA,Travis Scott,"1,451",38.5,55843.0,7668430.0,71.0
"Poblado (feat. Crissin, Totoy El Frio & Natan & Shander) [Remix]",Poblado (Remix),J Balvin,"1,454",38.5,60696.0,17980948.0,61.0
LOKERA,LOKERA,Rauw Alejandro,"1,452",38.5,74344.0,55382119.0,75.0
cardigan,folklore,Taylor Swift,"1,458",38.4,94169.0,67796903.0,80.0
See You Again (feat. Kali Uchis),Flower Boy,"Tyler, The Creator","1,456",38.4,283537.0,75314202.0,84.0
Amanece,Amanece,Anuel AA,"1,457",38.4,80071.0,22684253.0,77.0
King Shit,Leo,Shubh,"1,455",38.4,4988.0,9741006.0,71.0
LA INOCENTE,Microdosis,Mora,"1,461",38.4,92256.0,38659924.0,76.0
Chicago Freestyle (feat. Giveon),Dark Lane Demo Tapes,Drake,"1,462",38.3,200270.0,32837352.0,72.0
Johnny Dang (with Paul Wall & DRODi),Johnny Dang (with Paul Wall & DRODi),That Mexican OT,"1,466",38.3,42334.0,16862073.0,68.0
S-Class,5-STAR,Stray Kids,"1,465",38.3,14268.0,6924859.0,70.0
GASLIGHT,GASLIGHT,INJI,"1,463",38.3,8421.0,1500039.0,48.0
Die Young (feat. 347aidan),Die Young (feat. 347aidan),Sleepy Hallow,"1,464",38.3,75951.0,9524862.0,60.0
Vente Pa' Ca,Vente Pa' Ca,Ricky Martin,"1,467",38.2,57564.0,22110798.0,66.0
Can't Tame Her,Can't Tame Her,Zara Larsson,"1,473",38.2,31456.0,22058380.0,62.0
VIBEZ,KIRK,DaBaby,"1,470",38.2,95756.0,16692750.0,59.0
I Don't Fuck With You,I Don't Fuck With You,Big Sean,"1,475",38.2,135134.0,33420257.0,67.0
Se Grita,Reinsertado,Morad,"1,474",38.2,47009.0,7163568.0,69.0
HYAENA,UTOPIA,Travis Scott,"1,468",38.2,47247.0,5437356.0,68.0
KICK BACK,KICK BACK,Kenshi Yonezu,"1,469",38.2,61627.0,7633366.0,70.0
M.A.I,111,Milo j,"1,471",38.2,12417.0,15958224.0,76.0
Tu hai kahan,Tu hai kahan,AUR,"1,472",38.2,16445.0,7312501.0,72.0
Truth or Dare,TYLA,Tyla,"1,480",38.1,13407.0,30382319.0,77.0
Just the Way You Are,Just The Way You Are,Bruno Mars,"1,477",38.1,233719.0,148404419.0,79.0
Rasputin,Rasputin,Majestic,"1,481",38.1,152363.0,73448130.0,73.0
Say It Right (Dance),"This Is MELON, Vol. 1 (Dance)",MELON,"1,479",38.1,560.0,10301672.0,30.0
If the World Was Ending - feat. Julia Michaels,If the World Was Ending (feat. Julia Michaels),JP Saxe,"1,483",38.1,134427.0,81562006.0,69.0
"How Far I'll Go - From ""Moana""","How Far I'll Go (From ""Moana"")",Alessia Cara,"1,476",38.1,49852.0,13088456.0,58.0
Heartless,Heartless,The Weeknd,"1,486",38.0,137196.0,28066964.0,73.0
Upa Cavalinho,"Galinha Pintadinha, Vol. 4",Galinha Pintadinha,"1,485",38.0,1140.0,407642.0,49.0
Show Time,Show Time,SUPER JUNIOR,"1,491",38.0,31.0,2988530.0,39.0
Mirrors,Songs For The Philippines,Justin Timberlake,"1,487",38.0,168622.0,53352470.0,74.0
we fell in love in october,we fell in love in october / October Passed Me By,girl in red,"1,490",38.0,201381.0,54919566.0,77.0
Sorry Not Sorry,Sorry Not Sorry,Demi Lovato,"1,489",38.0,78398.0,28404966.0,67.0
X ESO BB,X ESO BB,Jere Klein,"1,484",38.0,18514.0,4998854.0,66.0
Where Did You Go? (feat. MNEK),Where Did You Go?,Jax Jones,"1,488",38.0,65208.0,36265310.0,70.0
The Lazy Song,Doo-Wops & Hooligans,Bruno Mars,"1,496",37.9,151801.0,51937840.0,72.0
Sex Sounds,True 2 Myself,Lil Tjay,"1,495",37.9,110016.0,7011141.0,69.0
Asiwaju,Asiwaju,Ruger,"1,498",37.9,34390.0,4480387.0,18.0
Sticky,"Honestly, Nevermind",Drake,"1,492",37.9,83779.0,16621189.0,66.0
Mahiye Jinna Sohna Slowed + Reverb,Mahiye Jinna Sohna Lofi Remix,Darshan Raval,"1,502",37.9,311.0,174474.0,35.0
Centuries,Centuries,Fall Out Boy,"1,501",37.9,180715.0,48698123.0,75.0
What Makes You Beautiful,Up All Night,One Direction,"1,494",37.9,175809.0,81950675.0,80.0
Sweetest Pie,Sweetest Pie - Single,Megan Thee Stallion,"1,500",37.9,50913.0,44666984.0,64.0
GMFU (w/ 6arelyhuman),GMFU (w/ 6arelyhuman),Odetari,"1,503",37.8,31285.0,5660364.0,72.0
SKITZO,UTOPIA,Travis Scott,"1,513",37.8,49313.0,5181004.0,66.0
Friendly Fire,Friendly Fire,Linkin Park,"1,505",37.8,4232.0,10396816.0,8.0
SkeeYee,Hood Hottest Princess,Sexyy Red,"1,510",37.8,24566.0,8733511.0,67.0
The Git Up,The Git Up,Blanco Brown,"1,506",37.8,70080.0,10444758.0,61.0
Beautiful Crazy,Beautiful Crazy,Luke Combs,"1,511",37.8,83834.0,17064586.0,77.0
"Annihilate (Spider-Man: Across the Spider-Verse) (Metro Boomin & Swae Lee, Lil Wayne, Offset)",METRO BOOMIN PRESENTS SPIDER-MAN: ACROSS THE SPIDER-VERSE (SOUNDTRACK FROM AND INSPIRED BY THE MOTION PICTURE),Metro Boomin,"1,504",37.8,53777.0,10893828.0,69.0
Lover,Lover,Taylor Swift,"1,507",37.8,104435.0,94697921.0,81.0
Midas Touch,Midas Touch,KISS OF LIFE,"1,512",37.8,2846.0,15707891.0,75.0
Follow You,Follow You / Cutthroat,Imagine Dragons,"1,514",37.8,69959.0,8523570.0,65.0
Por las Noches,Por las Noches,Peso Pluma,"1,509",37.8,34793.0,10847105.0,43.0
Body Like A Back Road,Body Like A Back Road,Sam Hunt,"1,520",37.7,78015.0,21590960.0,66.0
Best Part (feat. H.E.R.),Freudian,Daniel Caesar,"1,516",37.7,183645.0,51977530.0,79.0
Melhor Vibe,Melhor Vibe,MC Ryan SP,"1,519",37.7,2886.0,19563551.0,73.0
Set Fire to the Rain,More Music 2011,Adele,"1,518",37.7,186319.0,52679491.0,77.0
2 Be Loved (Am I Ready),Special,Lizzo,"1,525",37.6,36991.0,30514705.0,62.0
Shut Up and Dance,Full Circle: The Live Anthology,WALK THE MOON,"1,530",37.6,225204.0,121786733.0,81.0
SugarCrash!,SugarCrash!,ElyOtto,"1,529",37.6,81556.0,11888277.0,63.0
Sail,Back From Earth,AWOLNATION,"1,523",37.6,145349.0,25209426.0,68.0
Dial Drunk (with Post Malone),Dial Drunk (with Post Malone),Noah Kahan,"1,533",37.5,37445.0,15016410.0,79.0
Piscina,Piscina,Maria Becerra,"1,532",37.5,7972.0,12644546.0,6.0
Bandit (with YoungBoy Never Broke Again),Death Race For Love (Bonus Track Version),Juice WRLD,"1,538",37.5,178435.0,28731824.0,67.0
this is what falling in love feels like,this is what falling in love feels like (Ramengvrl Remix),JVKE,"1,531",37.5,108333.0,12027452.0,72.0
Firework,Teenage Dream,Katy Perry,"1,534",37.5,164650.0,60511467.0,67.0
wait in the truck (feat. Lainey Wilson),wait in the truck - Single,HARDY,"1,537",37.5,24922.0,3869411.0,63.0
Funny Song,"Vintage Oddities, Vol. 4",Cavendish Music,"1,539",37.4,3514.0,462009.0,39.0
Adventure Of A Lifetime,Adventure Of A Lifetime,Coldplay,"1,546",37.4,148456.0,30840228.0,76.0
Nice For What,Nice For What,Drake,"1,544",37.4,192868.0,46195383.0,72.0
Vaaste,Vaaste,Dhvani Bhanushali,"1,540",37.4,13291.0,2873906.0,60.0
Left and Right (Feat. Jung Kook of BTS),Left and Right (Feat. Jung Kook of BTS),Charlie Puth,"1,542",37.4,59942.0,47877896.0,72.0
Obsessed With You,Obsessed With You,Central Cee,"1,549",37.3,130841.0,9639874.0,64.0
Bang!,Bang!,AJR,"1,550",37.3,79159.0,7658013.0,56.0
Despeinada,Despeinada,Ozuna,"1,555",37.2,51117.0,16617076.0,63.0
Runnin,SAVAGE MODE II,21 Savage,"1,556",37.2,181583.0,32640138.0,77.0
Hey Driver (feat. The War and Treaty),Hey Driver (feat. The War and Treaty),Zach Bryan,"1,552",37.2,30798.0,7204607.0,78.0
Free Mind,For Broken Ears,Tems,"1,559",37.1,49453.0,8122764.0,67.0
favorite crime,SOUR,Olivia Rodrigo,"1,564",37.1,110900.0,40458627.0,79.0
La Forma en Que Me Miras,La Forma en Que Me Miras,Super Yei,"1,560",37.1,85006.0,18024271.0,67.0
When You're Gone,When You're Gone,Shawn Mendes,"1,562",37.1,40626.0,21320097.0,71.0
High Road (feat. Jessie Murph),High Road (feat. Jessie Murph),Koe Wetzel,"1,558",37.1,855.0,19941200.0,67.0
Savage,Suga,Megan Thee Stallion,"1,563",37.1,63715.0,20704851.0,61.0
Put It On Da Floor Again (feat. Cardi B),Put It On Da Floor Again (feat. Cardi B) - Single,Latto,"1,572",37.0,11423.0,20395049.0,60.0
You Should Probably Leave,Starting Over,Chris Stapleton,"1,566",37.0,56215.0,12087656.0,77.0
Runaway,Runaway,AURORA,"1,567",37.0,204318.0,32928246.0,70.0
Spicy,MY WORLD - The 3rd Mini Album,aespa,"1,570",37.0,12910.0,7751540.0,63.0
Need It (feat. YoungBoy Never Broke Again),Need It,Migos,"1,569",37.0,115095.0,17047436.0,67.0
Into You,Dangerous Woman,Ariana Grande,"1,571",37.0,112014.0,38138998.0,72.0
Invincible,Meet The Woo 2,Pop Smoke,"1,573",37.0,173912.0,17443810.0,70.0
Le Monde,Talk to Me (Original Soundtrack),Richard Carter,"1,568",37.0,23465.0,5042229.0,62.0
Ya No Somos Ni Seremos,Ya No Somos Ni Seremos,Christian Nodal,"1,580",36.9,30545.0,19963782.0,76.0
Goa Beach,Goa Beach,Tony Kakkar,"1,576",36.9,3507.0,1365917.0,48.0
Sharks,Sharks,Imagine Dragons,"1,579",36.9,48772.0,11144471.0,65.0
Teenage Dream,Teenage Dream,Stephen Dawes,"1,578",36.9,31472.0,6431843.0,64.0
Thousand Miles,Thousand Miles,The Kid LAROI,"1,583",36.8,65016.0,30594262.0,65.0
STAYING ALIVE (feat. Drake & Lil Baby),STAYING ALIVE (feat. Drake & Lil Baby) - Single,DJ Khaled,"1,586",36.8,72788.0,16063916.0,55.0
Walk Em Down (feat. Roddy Ricch),Walk Em Down (feat. Roddy Ricch),NLE Choppa,"1,584",36.8,139124.0,21558993.0,68.0
Khairiyat,Chhichhore,Arijit Singh,"1,587",36.8,23561.0,8550167.0,65.0
Moves Like Jagger - Studio Recording From The Voice Performance,Hands All Over (Revised Asia Standard Version),Maroon 5,"1,598",36.7,216137.0,99533361.0,76.0
Private Landing (feat. Justin Bieber & Future),Private Landing (feat. Justin Bieber & Future),Don Toliver,"1,599",36.7,57228.0,39892662.0,72.0
Turn Yo Clic Up (feat. Future),Turn Yo Clic Up (feat. Future),Quavo,"1,593",36.7,32989.0,17684550.0,57.0
Hotline Bling,Hotline Bling,Drake,"1,588",36.7,205003.0,49738762.0,72.0
Down Below,Feed Tha Streets II,Roddy Ricch,"1,591",36.7,120605.0,10013237.0,66.0
Emiliana,Emiliana,CKay,"1,595",36.7,85051.0,6093468.0,62.0
World Hold On - FISHER Rework,World Hold On (feat. Steve Edwards) [FISHER Rework] - Single,Bob Sinclar,"1,592",36.7,97818.0,33219102.0,62.0
Cry,Fireworks & Rollerblades,Benson Boone,"1,589",36.7,5724.0,21375874.0,18.0
11:00 PM,11:11,Maluma,"1,596",36.7,64741.0,26033088.0,67.0
One Call Away,One Call Away,Charlie Puth,"1,604",36.6,74711.0,20494033.0,69.0
Bitch Let's Do It,Richest Opp,YoungBoy Never Broke Again,"1,600",36.6,20691.0,2569902.0,60.0
Stay,Unapologetic (Edited Version),Rihanna,"1,607",36.6,140970.0,62521370.0,69.0
Faucet Failure,STOKELEY,Ski Mask The Slump God,"1,601",36.6,121284.0,14959393.0,66.0
Danza Kuduro,Vem Dancar Kuduro,Don Omar,"1,605",36.6,266408.0,90687992.0,76.0
Suavemente,Suavemente,Soolking,"1,608",36.6,53444.0,4694099.0,59.0
Locked Out Of Heaven,NRJ 200% Hits 2013,Bruno Mars,"1,602",36.6,277766.0,134689771.0,83.0
Party Rock Anthem,Sorry For Party Rocking (Japan Version),LMFAO,"1,609",36.6,190770.0,55770260.0,68.0
Jealous,Jealous,Eyedress,"1,615",36.5,170553.0,31361482.0,78.0
"Love Me Like You Do - From ""Fifty Shades Of Grey""",Now That's What I Call Music! 91,Ellie Goulding,"1,617",36.5,238.0,104606.0,6.0
Love Nwantiti - Remix,Love Nwantiti (Remix),Dj Yo!,"1,613",36.5,132469.0,16068014.0,66.0
THE SCOTTS,THE SCOTTS,THE SCOTTS,"1,614",36.5,176635.0,30767602.0,68.0
Still With You,Still With You,Jung Kook,"1,610",36.5,18003.0,4851271.0,72.0
Daytona,Partyson,Cris Mj,"1,611",36.5,11011.0,21825739.0,77.0
Not Afraid,Not Afraid,Eminem,"1,612",36.5,168108.0,37935827.0,74.0
Bad Romance,The Fame Monster (France FNAC Version),Lady Gaga,"1,624",36.4,166904.0,87537106.0,77.0
The Feeling,The Feeling - Single,Lost Frequencies,"1,623",36.4,22830.0,27375823.0,66.0
Just Give Me a Reason,The Truth About Love,P!nk,"1,627",36.3,145608.0,86545078.0,78.0
UN DIA (ONE DAY) (Feat. Tainy),UN DIA (ONE DAY) (Feat. Tainy),J Balvin,"1,629",36.3,93376.0,34702149.0,64.0
Fancy,The New Classic,Iggy Azalea,"1,630",36.3,89470.0,32447335.0,61.0
Apocalypse,Apocalypse,Cigarettes After Sex,"1,628",36.3,259761.0,79958707.0,82.0
Pacas De Billetes,Pacas De Billetes,Natanael Cano,"1,634",36.2,20550.0,7148639.0,66.0
"Villano Antillano: Bzrp Music Sessions, Vol. 51","Villano Antillano: Bzrp Music Sessions, Vol. 51 - Single",Bizarrap,"1,633",36.2,54393.0,11174340.0,65.0
Castle on the Hill,Castle on the Hill,Ed Sheeran,"1,635",36.2,128114.0,42923398.0,73.0
GENTO,Gento,SB19,"1,631",36.2,4379.0,1586804.0,58.0
BABY OTAKU,BABY OTAKU,Pablito Pesadilla,"1,640",36.1,31155.0,5507531.0,58.0
The Less I Know The Better,Currents,Tame Impala,"1,644",36.1,368350.0,80916788.0,79.0
Next Thing You Know,Next Thing You Know,Jordan Davis,"1,642",36.1,26694.0,14934201.0,71.0
Faster n Harder,Faster n Harder,6arelyhuman,"1,639",36.1,6008.0,7286918.0,68.0
Bongos (feat. Megan Thee Stallion),Bongos: The Pack,Cardi B,"1,647",36.0,14129.0,13224135.0,1.0
Better Days (NEIKED x Mae Muller x Polo G),Better Days (NEIKED x Mae Muller x Polo G),NEIKED,"1,650",36.0,92690.0,46125153.0,67.0
Golden,Fine Line,Harry Styles,"1,645",36.0,117541.0,36158508.0,70.0
Music For a Sushi Restaurant,Harry's House,Harry Styles,"1,649",36.0,54371.0,24669724.0,67.0
Dance The Night,Barbie The Album,Dua Lipa,"1,652",36.0,19743.0,10536844.0,67.0
RAM TCHUM,RAM TCHUM,DENNIS,"1,648",36.0,3309.0,21702281.0,74.0
Coal,Coal,Dylan Gossett,"1,661",35.9,40016.0,15156630.0,2.0
Habits (Stay High),Habits,Tove Lo,"1,658",35.9,144657.0,32634535.0,69.0
Moonwalking in Calabasas (feat. Blueface) - Remix,Moonwalking in Calabasas Remix,DDG,"1,657",35.9,124013.0,14195159.0,61.0
Deli,Like..? Deluxe (Apple Music Edition),Ice Spice,"1,659",35.9,30799.0,19538464.0,70.0
Too Little Light,Some of Your Pain,koko die,"1,660",35.9,6.0,594.0,1.0
God's Country,God's Country,Blake Shelton,"1,665",35.8,62389.0,11424665.0,62.0
Desejo Imortal (It Must Have Been Love),Desejo Imortal (It Must Have Been Love),Gusttavo Lima,"1,666",35.8,7107.0,12749577.0,63.0
BOA,BOA,Megan Thee Stallion,"1,663",35.8,1925.0,30906340.0,79.0
30 GRADOS,30 Grados,El Turko,"1,662",35.8,5098.0,8000291.0,72.0
Relax My Eyes,Relax My Eyes,ANOTR,"1,671",35.7,85011.0,24383123.0,73.0
Starlight,Starlight,Dave,"1,668",35.7,114589.0,7654318.0,67.0
Soy Peor,Soy Peor,Bad Bunny,"1,672",35.7,55811.0,18606189.0,67.0
Never Stop,Valedictorian,ian,"1,674",35.7,2138.0,9237218.0,68.0
Earth Song,Earth Song - Single,Wizard Chan,"1,675",35.7,2127.0,61056.0,39.0
GREECE (feat. Drake),GREECE (feat. Drake),DJ Khaled,"1,676",35.7,155782.0,23951058.0,63.0
Jericho,Jericho - Single,Iniko,"1,673",35.7,46111.0,11577648.0,65.0
I Fall Apart,Stoney (Deluxe),Post Malone,"1,683",35.6,181604.0,50160716.0,72.0
Iced Coffee,Iced Coffee,Arthur Hill,"1,678",35.6,824.0,277122.0,40.0
Anyone,Anyone,Justin Bieber,"1,687",35.6,86677.0,29278931.0,63.0
Betty (Get Money),Betty (Get Money),Yung Gravy,"1,685",35.6,61547.0,12763919.0,59.0
Paradise (feat. Dermot Kennedy),Paradise,MEDUZA,"1,679",35.6,118990.0,41567899.0,64.0
Bel Mercy,Bel Mercy,Jengi,"1,681",35.6,70768.0,38059683.0,64.0
The Nights,Full Circle: The Live Anthology,Avicii,"1,680",35.6,306987.0,80839124.0,79.0
Run,Run,OneRepublic,"1,684",35.6,80089.0,40942274.0,70.0
Hate Me (with Juice WRLD),Hate Me (with Juice WRLD),Ellie Goulding,"1,677",35.6,127019.0,21769100.0,66.0
Wellerman - Sea Shanty / 220 KID x Billen Ted Remix,Wellerman (220 KID x Billen Ted Remix),Nathan Evans,"1,691",35.5,114482.0,30042982.0,63.0
Mi Cuarto,DI LETRA,Jerry Di,"1,694",35.5,56978.0,13109496.0,63.0
Commas,Commas,Ayra Starr,"1,689",35.5,6447.0,15113118.0,76.0
Dial Drunk,Stick Season (We'll All Be Here Forever),Noah Kahan,"1,690",35.5,23162.0,10693382.0,67.0
Angels Like You,Plastic Hearts,Miley Cyrus,"1,697",35.5,89447.0,36703975.0,77.0
Call It Love,Call It Love,Felix Jaehn,"1,693",35.5,49454.0,65339595.0,73.0
Rodeo (Remix),Rodeo (Remix) - Single,Lah Pat,"1,695",35.5,26131.0,10508416.0,72.0
Vete,Vete,Bad Bunny,"1,702",35.4,101177.0,25041872.0,64.0
What If,What If,Johnny Orlando,"1,707",35.4,33551.0,4047671.0,57.0
TRUCK BED,TRUCK BED,HARDY,"1,699",35.4,25411.0,8624258.0,73.0
Chosen (feat. Ty Dolla $ign),No Love Lost (Deluxe),Blxst,"1,705",35.4,124791.0,11642222.0,64.0
Que Tire Pa Lante,Que Tire Pa Lante,Daddy Yankee,"1,700",35.4,43389.0,18068383.0,59.0
Where the Wild Things Are,Gettin' Old,Luke Combs,"1,701",35.4,23954.0,22829582.0,80.0
Jaldi Chhoda Ghare Bullet Se,Jaldi Chhoda Ghare Bullet Se,Vinay Pandey Sanu,"1,703",35.4,3.0,10.0,6.0
ANTIFRAGILE,ANTIFRAGILE,LE SSERAFIM,"1,704",35.4,29686.0,8500191.0,70.0
This Girl (Kungs Vs. Cookin' On 3 Burners),This Girl (Kungs Vs. Cookin' On 3 Burners),Kungs,"1,719",35.3,193004.0,76999574.0,75.0
Own Brand Freestyle,Own Brand Freestyle,FelixThe1st,"1,718",35.3,39905.0,6175231.0,52.0
Pussy & Millions (feat. Travis Scott),Her Loss,Drake,"1,712",35.3,90842.0,21454523.0,67.0
Sent Gamkauwa,Sent Gamkauwa,Shivani Singh,"1,717",35.3,487.0,282647.0,62.0
I Hope,I Hope,Gabby Barrett,"1,714",35.3,50441.0,13504790.0,66.0
"...And to Those I Love, Thanks for Sticking Around",STOP STARING AT THE SHADOWS,$uicideboy$,"1,709",35.3,167727.0,15198984.0,73.0
Bite Me,DARK BLOOD,ENHYPEN,"1,713",35.3,17657.0,7369849.0,73.0
Promises (with Sam Smith),Promises (with Sam Smith),Calvin Harris,"1,711",35.3,125480.0,39427143.0,69.0
Cover Me In Sunshine,Cover Me In Sunshine,P!nk,"1,715",35.3,90145.0,20519485.0,64.0
Outside (feat. Ellie Goulding),Full Circle: The Live Anthology,Calvin Harris,"1,708",35.3,167396.0,68560436.0,79.0
Bamba (feat. Aitch & BIA),Bamba (feat. Aitch & BIA),Luciano,"1,723",35.2,82200.0,8134899.0,62.0
Sin Querer,Sin Querer - Single,Fer Vazquez,"1,720",35.2,4000.0,10260168.0,67.0
TOMBOY,I NEVER DIE,(G)I-DLE,"1,724",35.2,26565.0,10803270.0,67.0
Everything I Love,3 Songs At A Time Sampler,Morgan Wallen,"1,722",35.2,32550.0,3744217.0,68.0
Butta My Bread,Butta My Bread - Single (feat. Lasmid) - Single,JZyNo,"1,729",35.1,23723.0,2774325.0,60.0
Barking,Barking,Ramz,"1,726",35.1,137084.0,10305963.0,62.0
One Of Them Girls,One Of Them Girls,Lee Brice,"1,728",35.1,51259.0,13516221.0,67.0
INFERNO,INFERNO,Sub Urban,"1,730",35.1,44552.0,8372930.0,60.0
Bipolar,Bipolar,Mc Davi,"1,727",35.1,32650.0,7030076.0,52.0
bury a friend,bury a friend,Billie Eilish,"1,739",35.0,114243.0,30570088.0,68.0
"Alone, Pt. II","Alone, Pt. II",Alan Walker,"1,740",35.0,81259.0,19361013.0,69.0
El Tsurito,El Tsurito,Junior H,"1,741",35.0,24070.0,9835143.0,69.0
GOOD LOYAL THOTS,GOOD LOYAL THOTS,Odetari,"1,734",35.0,36832.0,6604256.0,71.0
No Me Acuerdo,No Me Acuerdo,Thalia,"1,733",35.0,32622.0,11307517.0,60.0
Freestyle,Too Hard,Lil Baby,"1,735",35.0,169855.0,37807345.0,75.0
Una Locura,ENOC,Ozuna,"1,732",35.0,77768.0,24701564.0,66.0
double take,double take,Dhruv,"1,737",35.0,106975.0,21112809.0,76.0
Trip,Trip,Ella Mai,"1,747",34.9,69350.0,20445990.0,66.0
Ni Una Ni Dos,Ni Una Ni Dos,BM,"1,743",34.9,17771.0,7444560.0,65.0
Un Desperdicio,Un Desperdicio,Rels B,"1,750",34.9,3045.0,44211129.0,78.0
El Boss,El Boss,Gabito Ballesteros,"1,746",34.9,3580.0,30332860.0,84.0
La Corriente,Un Verano Sin Ti,Bad Bunny,"1,745",34.9,65115.0,16254572.0,71.0
POLARIS - Remix,POLARIS (Remix),SAIKO,"1,749",34.9,44094.0,17083557.0,69.0
Love Tonight - David Guetta Remix Edit,Love Tonight (David Guetta Remix),Shouse,"1,748",34.9,160789.0,40271009.0,72.0
5 Foot 9,5 Foot 9,Tyler Hubbard,"1,742",34.9,27754.0,13141220.0,65.0
Broadway Girls (feat. Morgan Wallen),Broadway Girls (feat. Morgan Wallen),Lil Durk,"1,758",34.8,66276.0,8339705.0,72.0
Se Te Nota (with Guaynaa),Se Te Nota (with Guaynaa),Lele Pons,"1,756",34.8,52166.0,18095179.0,62.0
Ameno Amapiano Remix (You Wanna Bamba),Ameno Amapiano Remix - Single,Goya Menor,"1,759",34.8,26772.0,2001961.0,51.0
See You Dance (Extended Mix),See You Dance (Extended Mix) - Single,DJ Meetch,"1,760",34.8,1.0,137.0,4.0
MAMACITA,Mamacita,Black Eyed Peas,"1,755",34.8,84301.0,21657743.0,58.0
I Took A Pill In Ibiza - Seeb Remix,I Took A Pill In Ibiza (Seeb Remix),Mike Posner,"1,757",34.8,230708.0,75554079.0,76.0
El Efecto,El Efecto,Rauw Alejandro,"1,766",34.7,72991.0,32213511.0,72.0
What Lovers Do (feat. SZA),What Lovers Do (feat. SZA),Maroon 5,"1,763",34.7,92624.0,27086243.0,68.0
Dream Girl,Dream Girl,Izellah,"1,762",34.7,48.0,19503.0,30.0
Zona De Perigo,Zona De Perigo,Leo Santana,"1,764",34.7,18476.0,8152728.0,61.0
Kehribar,Kehribar - Single,Burak Bulut,"1,761",34.7,7062.0,5463250.0,67.0
Drugs From Amsterdam,Drugs From Amsterdam,Mau P,"1,776",34.6,97012.0,41938004.0,68.0
M.A - Remix,M.A (Remix),BM,"1,768",34.6,23659.0,5505641.0,61.0
BBY BOO (REMIX),BBY BOO (REMIX),iZaak,"1,771",34.6,9510.0,54471531.0,80.0
What My World Spins Around,What My World Spins Around,Jordan Davis,"1,769",34.6,23133.0,12193936.0,71.0
HOLIDAY,HOLIDAY,Lil Nas X,"1,774",34.6,101852.0,11132603.0,61.0
Beautiful People (feat. Khalid),Beautiful People (feat. Khalid),Ed Sheeran,"1,775",34.6,119546.0,43578048.0,66.0
Son Of A Sinner,Ballads Of The Broken,Jelly Roll,"1,773",34.6,32091.0,3315491.0,70.0
Animals,Full Circle: The Live Anthology,Maroon 5,"1,772",34.6,183681.0,46890920.0,74.0
EL BARCO,EL BARCO,KAROL G,"1,780",34.5,21517.0,8048081.0,72.0
Ahora Dice,Ahora Dice,Chris Jedi,"1,779",34.5,61561.0,20760337.0,68.0
Breakfast Challenge Song (Slowly),Breakfast Challenge Song (Slowly),SPENCE,"1,781",34.5,374.0,206771.0,14.0
Heaven,Heaven,Niall Horan,"1,784",34.5,29447.0,13951617.0,68.0
Fingers Crossed,Fingers Crossed,Lauren Spencer Smith,"1,783",34.5,71202.0,18194896.0,67.0
This Side of Paradise,Color,Coyote Theory,"1,789",34.4,121767.0,25106201.0,72.0
Pipoco,Pipoco,Ana Castela,"1,794",34.4,27066.0,8621319.0,60.0
Don't Go Yet,Don't Go Yet,Camila Cabello,"1,791",34.4,64967.0,25228814.0,62.0
My Baby,My Baby,Diamond Platnumz,"1,787",34.4,757.0,61488.0,30.0
DNA (Loving You) [feat. Hannah Boleyn],DNA (Loving You) [feat. Hannah Boleyn] - Single,Billy Gillies,"1,792",34.4,15522.0,22597896.0,68.0
How Far I'll Go,Moana (Original Motion Picture Soundtrack/Deluxe Edition),Auli'i Cravalho,"1,793",34.4,48476.0,19235449.0,67.0
Paani Paani,Paani Paani,Badshah,"1,790",34.4,9126.0,3802888.0,54.0
Static,Gemini Rights,Steve Lacy,"1,786",34.4,69159.0,17570340.0,72.0
Through Da Storm,Die A Legend,Polo G,"1,800",34.3,105025.0,7074555.0,64.0
Komet,Komet,Udo Lindenberg,"1,796",34.3,47584.0,5249832.0,68.0
La Bicicleta,La Bicicleta,Carlos Vives,"1,802",34.3,60309.0,20351309.0,69.0
Hecha Pa' Mi,Mas Negro Que Rojo,Boza,"1,797",34.3,87091.0,25572110.0,67.0
Caramelo,Caramelo,Ozuna,"1,795",34.3,68478.0,20213678.0,56.0
Calling My Spirit,Calling My Spirit,Kodak Black,"1,799",34.3,69136.0,7558306.0,59.0
Everybody Dies In Their Nightmares,17,XXXTENTACION,"1,812",34.2,203764.0,34418293.0,77.0
Maria Mariah,Maria Mariah,JC NO BEAT,"1,811",34.2,12453.0,3161785.0,32.0
"Shaitan Ka Saala (From ""Housefull 4"")","Shaitan Ka Saala (From ""Housefull 4"")",Sohail Sen,"1,805",34.2,3782.0,1470547.0,44.0
Me Niego (feat. Ozuna & Wisin),Me Niego,Reik,"1,814",34.2,58098.0,19508090.0,66.0
NEON BLADE,NEON BLADE,MoonDeity,"1,821",34.1,60620.0,23882871.0,68.0
Ho Hey,The Lumineers,The Lumineers,"1,818",34.1,214511.0,64606098.0,76.0
Frozen,Frozen,Madonna,"1,817",34.1,62420.0,13385720.0,62.0
Mahiye Jinna Sohna,Mahiye Jinna Sohna,Darshan Raval,"1,823",34.1,14238.0,8924766.0,66.0
Pain,Pain,PinkPantheress,"1,819",34.1,124555.0,17910647.0,77.0
T.B.H,1st Mini Album 'MANITO',QWER,"1,822",34.1,569.0,2440321.0,59.0
Arms Around You (feat. Maluma & Swae Lee),Arms Around You (feat. Maluma & Swae Lee),XXXTENTACION,"1,815",34.1,88533.0,17023029.0,65.0
Titliaan,Titliaan,Afsana Khan,"1,820",34.1,7617.0,1238881.0,54.0
Padam Padam,Padam Padam,Kylie Minogue,"1,826",34.0,27586.0,18160338.0,43.0
Pacto (feat. Bryant Myers & Dei V) - Remix,Pacto (Remix) [feat. Bryant Myers & Dei V],Jay Wheeler,"1,829",34.0,23871.0,11484313.0,64.0
Finesse,Finesse,Pheelz,"1,830",34.0,67124.0,8539093.0,62.0
Bad Blood,1989 (Deluxe),Taylor Swift,"1,834",34.0,64462.0,20443761.0,67.0
Crazy What Love Can Do,Only Honest On The Weekend (Deluxe),David Guetta,"1,825",34.0,69527.0,53951706.0,69.0
Man Made A Bar (feat. Eric Church),One Thing At A Time,Morgan Wallen,"1,824",34.0,21001.0,6637673.0,75.0
Bijlee Bijlee,Bijlee Bijlee - Single,Harrdy Sandhu,"1,832",34.0,20169.0,4249749.0,62.0
Do I Wanna Know?,AM,Arctic Monkeys,"1,837",33.9,361827.0,91030520.0,81.0
Self Love (Spider-Man: Across the Spider-Verse),METRO BOOMIN PRESENTS SPIDER-MAN: ACROSS THE SPIDER-VERSE (SOUNDTRACK FROM AND INSPIRED BY THE MOTION PICTURE),Metro Boomin,"1,838",33.9,40836.0,5604951.0,68.0
It's Not Right But It's Okay,It's Not Right (But It's Ok),Mr. Belt & Wezol,"1,841",33.9,9047.0,82301244.0,78.0
Sweet Dreams,Sweet Dreams,Koe Wetzel,"1,836",33.9,2016.0,9370898.0,75.0
Mittelmeer,Mittelmeer,Pashanim,"1,840",33.9,3159.0,12002200.0,76.0
Another Love,Songs from Another Love,Tom Odell,"1,842",33.9,380675.0,168483196.0,83.0
Djadja,Djadja,Aya Nakamura,"1,849",33.8,100823.0,11604346.0,65.0
We Are The People - southstar Remix,We Are The People (Southstar Remix),Empire Of The Sun,"1,847",33.8,46791.0,23537698.0,66.0
"Body (Remix) [feat. ArrDee, E1 (3x3), ZT (3x3), Bugzy Malone, Buni, Fivio Foreign & Darkoo]","Body (Remix) [feat. ArrDee, E1 (3x3), ZT (3x3), Bugzy Malone, Buni, Fivio Foreign & Darkoo]",Tion Wayne,"1,845",33.8,127068.0,10900641.0,59.0
Piyar Farak Wali,Piyar Farak Wali,Pawan Singh,"1,846",33.8,681.0,196547.0,60.0
Timber (feat. Ke$ha),Greatest Hits,Pitbull,"1,850",33.8,241550.0,126126362.0,79.0
LOVE YOU BETTER,I NEVER LIKED YOU,Future,"1,843",33.8,37150.0,4216777.0,63.0
Woah,Woah,Lil Baby,"1,851",33.8,104460.0,14977024.0,60.0
As If It's Your Last,As If It's Your Last,BLACKPINK,"1,858",33.7,39525.0,11903640.0,70.0
679 (feat. Remy Boyz),679 (feat. Remy Boyz),Fetty Wap,"1,863",33.7,130977.0,25603956.0,71.0
DE LUNES A LUNES,DE LUNES A LUNES - Single,Manuel Turizo,"1,856",33.7,12797.0,13650757.0,73.0
Whistle,Whistle (feat. Calum Scott),Jax Jones,"1,859",33.7,24147.0,33879427.0,68.0
Look At Me!,Look At Me!,XXXTENTACION,"1,864",33.7,178342.0,32522476.0,75.0
Thang For You (feat. No Cap),Thang For You (feat. No Cap),Rylo Rodriguez,"1,860",33.7,14562.0,6350457.0,54.0
Before You Leave Me,Before You Leave Me,Alex Warren,"1,854",33.7,9128.0,36536793.0,78.0
"break up with your girlfriend, i'm bored","thank u, next",Ariana Grande,"1,857",33.7,82431.0,31929703.0,69.0
la noia,La noia,Angelina Mango,"1,853",33.7,4777.0,7822812.0,80.0
Nothing Breaks Like a Heart (feat. Miley Cyrus),Nothing Breaks Like a Heart (feat. Miley Cyrus),Mark Ronson,"1,852",33.7,129847.0,59476416.0,68.0
Pump,Pump,Valentino Khan,"1,873",33.6,26030.0,3848842.0,42.0
Higher Love,Higher Love,Kygo,"1,875",33.6,117582.0,79382957.0,67.0
WORTH NOTHING (feat. Oliver Tree) - Fast & Furious: Drift Tape/Phonk Vol 1,WORTH NOTHING (feat. Oliver Tree) [Fast & Furious: Drift Tape/Phonk Vol 1],TWISTED,"1,868",33.6,67616.0,26749482.0,67.0
Friends,FRIENDS,Marshmello,"1,869",33.6,1231.0,419951.0,31.0
Entre Nosotros (Remix) [con Nicki Nicole],Entre Nosotros (Remix) [con Nicki Nicole],Tiago PZK,"1,866",33.6,36673.0,9448129.0,65.0
Love Lies (with Normani),Love Lies,Khalid,"1,865",33.6,96612.0,21547967.0,67.0
Tal Para Cual,Tal Para Cual,Salastkbron,"1,867",33.6,5115.0,10033097.0,70.0
Sorriso no Rosto,Sorriso no Rosto,Mc IG,"1,874",33.6,935.0,26514018.0,71.0
"jealousy, jealousy",SOUR,Olivia Rodrigo,"1,878",33.6,101479.0,24049783.0,77.0
Shaky Shaky,Shaky Shaky,Daddy Yankee,"1,872",33.6,32831.0,9930933.0,57.0
El Amante,El Amante,Nicky Jam,"1,870",33.6,52696.0,14027229.0,64.0
ICU,ICU,Coco Jones,"1,881",33.5,13612.0,2835147.0,61.0
Way down We Go,Way Down We Go,KALEO,"1,879",33.5,228925.0,44949918.0,79.0
Joy (In My Own Time) - Tribe Song,Joy (In My Own Time) [Tribe Song],DAMIEN,"1,880",33.5,10.0,398.0,3.0
PILLOWTALK,Mind Of Mine (Deluxe Edition),ZAYN,"1,883",33.5,124827.0,38410821.0,71.0
Enemy - Radio Edit,"NOW That's What I Call Music!, Vol. 82",Imagine Dragons,"1,886",33.4,204.0,16612.0,22.0
When It Comes To You,When It Comes To You,Fridayy,"1,884",33.4,7606.0,12388422.0,62.0
Semangat Kerjanya Kawan,Semangat Kerjanya Kawan,Aldo Zee,"1,891",33.4,7.0,2063.0,1.0
Libaas,Libaas,Kaka,"1,889",33.4,8933.0,1073356.0,51.0
OOOUUU,OOOUUU,Young M.A,"1,888",33.4,68407.0,10932431.0,60.0
Flooded The Face,Pink Tape,Lil Uzi Vert,"1,885",33.4,54044.0,18974212.0,66.0
"Ranjithame (From ""Varisu"")","Ranjithame (From ""Varisu"")",Thalapathy Vijay,"1,890",33.4,6218.0,4505067.0,62.0
X SI VOLVEMOS,X SI VOLVEMOS,KAROL G,"1,887",33.4,37814.0,18470152.0,75.0
It's A Wrap - Sped Up,It's A Wrap,Mariah Carey,"1,900",33.3,6013.0,1732149.0,51.0
"Give Me Everything (feat. Ne-Yo, Afrojack & Nayer)",Greatest Hits,Pitbull,"1,898",33.3,262779.0,103712117.0,81.0
Iko Iko (My Bestie),Iko Iko (feat. Small Jam),Justin Wellington,"1,901",33.3,85038.0,16060938.0,64.0
Low Life,EVOL,Future,"1,897",33.3,165579.0,32192169.0,72.0
Oi Erro - Ao Vivo,Oi Erro (Ao Vivo),Simone Mendes,"1,899",33.3,1390.0,2563092.0,51.0
"These Days (feat. Jess Glynne, Macklemore & Dan Caplen)","These Days (feat. Jess Glynne, Macklemore & Dan Caplen)",Rudimental,"1,893",33.3,131363.0,33090658.0,65.0
Been Like This,Been Like This,Meghan Trainor,"1,903",33.2,3110.0,21182930.0,24.0
Light It Up (feat. Nyla & Fuse ODG) [Remix],Peace Is The Mission,Major Lazer,"1,907",33.2,147868.0,30229579.0,72.0
The Weekend - Funk Wav Remix,The Weekend (Funk Wav Remix),SZA,"1,909",33.2,63764.0,17642317.0,66.0
Un Coco,Un Verano Sin Ti,Bad Bunny,"1,904",33.2,54870.0,16605882.0,73.0
Tutu,Tutu,Camilo,"1,908",33.2,50354.0,18628100.0,61.0
Tadow,Tadow,Masego,"1,911",33.2,169485.0,31599668.0,72.0
Heart Like A Truck,Heart Like A Truck,Lainey Wilson,"1,906",33.2,21559.0,5658951.0,68.0
Honey Boy (feat. Nile Rodgers & Shenseea),Honey Boy (feat. Nile Rodgers & Shenseea) - Single,Purple Disco Machine,"1,905",33.2,2924.0,43639283.0,73.0
Creeper Star,Creeper Star,Leo Walrus,"1,915",33.1,28.0,283.0,2.0
Ya Acabo,"DEV, Vol. 2",Marca MP,"1,916",33.1,34114.0,13462017.0,65.0
Love You So,The King Khan & BBQ Show,The King Khan & BBQ Show,"1,918",33.1,12434.0,3542140.0,44.0
DOGTOOTH,DOGTOOTH,"Tyler, The Creator","1,914",33.1,54114.0,7207419.0,66.0
All Too Well (10 Minute Version) (Taylor's Version) (From The Vault),Red (Taylor's Version),Taylor Swift,"1,912",33.1,55074.0,40675939.0,74.0
"Srivalli (From ""Pushpa The Rise Part - 01"")","Srivalli (From ""Pushpa The Rise Part - 01"")",Javed Ali,"1,917",33.1,6443.0,2952745.0,55.0
Go Back (feat. Julia Church),Go Back (feat. Julia Church),John Summit,"1,913",33.1,3327.0,49830444.0,72.0
Did It Again,Did It Again,Lil Tecca,"1,923",33.0,87099.0,9847312.0,69.0
"Tshwala Bam (feat. S.N.E, EeQue)","Tshwala Bam (feat. S.N.E, EeQue)",TitoM,"1,927",33.0,5326.0,8199508.0,68.0
Firestone,Running Hits - 2015.02,Kygo,"1,928",33.0,144992.0,42832108.0,71.0
Meridian,Meridian,Dave,"1,921",33.0,28740.0,4403115.0,3.0
Ten by Ten,Lazy Mechanics,Carrier,"1,929",33.0,37.0,2401.0,1.0
Dangerous Woman,Dangerous Woman,Ariana Grande,"1,934",32.9,104167.0,39070160.0,74.0
ON,MAP OF THE SOUL : 7,BTS,"1,939",32.9,26714.0,19212443.0,64.0
Problem,The Edge (Mixed By G-Wizard & DJ Nino Brown),Ariana Grande,"1,930",32.9,84796.0,36693869.0,70.0
Don't Call Me Up,Ivy To Roses (Mixtape),Mabel,"1,935",32.9,103794.0,41086368.0,68.0
Bodak Yellow,Bodak Yellow,Cardi B,"1,932",32.9,99270.0,29301256.0,66.0
Latch,Settle,Disclosure,"1,933",32.9,174201.0,45341736.0,71.0
Mourning,Mourning,Post Malone,"1,938",32.9,35523.0,3552008.0,62.0
300 Noches,300 Noches,Belinda,"1,937",32.9,2090.0,37145336.0,78.0
How Do You Sleep?,How Do You Sleep?,Sam Smith,"1,931",32.9,84347.0,25942681.0,62.0
Asylum,Avana (Deluxe),Olivetheboy,"1,940",32.8,518.0,3436044.0,64.0
ceilings,five seconds flat,Lizzy McAlpine,"1,944",32.8,67808.0,85710040.0,76.0
Love On The Brain,ANTI (Deluxe),Rihanna,"1,943",32.8,162952.0,72991098.0,78.0
GATITAS SANDUNGUERAS VOL.1,GATITAS SANDUNGUERAS VOL.1,Alvaro Diaz,"1,946",32.7,2895.0,85480305.0,79.0
Gangsta's Paradise,Gangsta's Paradise (25th Anniversary - Remastered),Coolio,"1,945",32.7,506.0,66189.0,25.0
Broccoli (feat. Lil Yachty),Broccoli (feat. Lil Yachty) - Single,DRAM,"1,947",32.7,131131.0,22922803.0,58.0
LOST!,"Right Place, Wrong Person",RM,"1,958",32.6,763.0,32866636.0,80.0
Stay (with Alessia Cara),Stay,Zedd,"1,949",32.6,115858.0,34379868.0,70.0
YuNg BrAtZ,Revenge,XXXTENTACION,"1,950",32.6,85567.0,16713395.0,68.0
"Saami Saami (From ""Pushpa The Rise Part - 01"")","Saami Saami (From ""Pushpa The Rise Part - 01"")",Sunidhi Chauhan,"1,957",32.6,3101.0,1472504.0,49.0
Black And Yellow,Black And Yellow,Wiz Khalifa,"1,960",32.6,141343.0,32621464.0,69.0
Sahara,Sahara,Hensonn,"1,953",32.6,80300.0,27332775.0,67.0
The Search,The Search,NF,"1,951",32.6,115214.0,15719606.0,69.0
wiggy,wiggy,Young Miko,"1,962",32.5,22636.0,7652807.0,61.0
Nxde,I love,(G)I-DLE,"1,969",32.5,24028.0,7729486.0,66.0
Vaina Loca,Vaina Loca,Ozuna,"1,963",32.5,68379.0,22527293.0,68.0
Street Runner,Street Runner,Rod Wave,"1,961",32.5,36519.0,4018180.0,64.0
Pure Water (with Migos),Pure Water (with Migos),Mustard,"1,971",32.5,145514.0,22684851.0,66.0
Ay Vamos,Superventas 2015,J Balvin,"1,966",32.5,51062.0,16368668.0,68.0
Samba de Malandro,Samba de Malandro,MC Paulin da Capital,"1,967",32.5,3206.0,27886603.0,75.0
Entre las de 20,Entre las de 20,Bizarrap,"1,968",32.5,4826.0,49679476.0,78.0
We Found Love,Talk That Talk (Explicit),Rihanna,"1,965",32.5,219739.0,111528796.0,79.0
Shut up My Moms Calling,Shut up My Moms Calling - Single,Hotel Ugly,"1,983",32.4,155446.0,25122611.0,82.0
Hell N Back,Hell N Back (Sped Up),Bakar,"1,975",32.4,180810.0,58052469.0,71.0
Stand By Me (feat. Morgan Wallen),Almost Healed,Lil Durk,"1,978",32.4,27561.0,8424250.0,69.0
Yaad Piya Ki Aane Lagi,Yaad Piya Ki Aane Lagi,Neha Kakkar,"1,976",32.4,8749.0,2989865.0,56.0
A-O-K,A-O-K,Tai Verdes,"1,982",32.4,101681.0,12962599.0,66.0
Shotgun,Staying at Tamara's,George Ezra,"1,980",32.4,130768.0,32965801.0,71.0
Kiss Me,Songs of Sonder,Dermot Kennedy,"1,973",32.4,22036.0,6228907.0,65.0
COCO LOCO,COCO LOCO - Single,Maluma,"1,977",32.4,23712.0,20427970.0,63.0
"High Rated Gabru (From ""High Rated Gabru"")",High Rated Gabru,Guru Randhawa,"1,981",32.4,8023.0,1580067.0,50.0
"I spoke to the devil in miami, he said everything would be fine",LOOK AT ME: THE ALBUM,XXXTENTACION,"1,979",32.4,14476.0,4616378.0,58.0
Goosebumps,Goosebumps,HVME,"1,999",32.3,128838.0,28968321.0,63.0
Rolex,Rolex,Ayo & Teo,"1,996",32.3,75806.0,13437276.0,62.0
on one tonight,One of Wun,Gunna,"1,986",32.3,4184.0,26150391.0,77.0
You & Me - Rivo Remix,You & Me (Rivo Remix),Disclosure,"1,995",32.3,18706.0,48962409.0,76.0
Whiskey On You,Whiskey On You - Single,Nate Smith,"1,985",32.3,33972.0,7580172.0,68.0
NO,NO,Meghan Trainor,"1,988",32.3,70723.0,23190101.0,69.0
HP,HP,Maluma,"1,997",32.3,55782.0,18750996.0,64.0
I Smoked Away My Brain (I'm God x Demons Mashup) (feat. Imogen Heap & Clams Casino),I Smoked Away My Brain (I'm God x Demons Mashup) (feat. Imogen Heap & Clams Casino),A$AP Rocky,"2,000",32.3,37824.0,13018777.0,79.0
I'm a Mess,I'm a Mess,Bebe Rexha,"1,987",32.3,64411.0,10816170.0,65.0
Un Ratito,Un Verano Sin Ti,Bad Bunny,"1,990",32.3,57541.0,10245525.0,70.0
Sezen Aksu,#1 - EP,Lvbel C5,"1,993",32.3,2613.0,5693826.0,75.0
hotline (edit),hotline (edit),Billie Eilish,"1,984",32.3,36901.0,11637721.0,78.0
One More Night,Overexposed Track By Track,Maroon 5,"1,989",32.3,129982.0,34799834.0,73.0
Desconocidos,Desconocidos,Mau y Ricky,"2,006",32.2,53221.0,16642929.0,65.0
After Party,Heaven Or Hell,Don Toliver,"2,005",32.2,170468.0,34103511.0,69.0
Fluxxwave,Fluxxwave,Clovis Reyes,"2,002",32.2,17012.0,6135810.0,69.0
We Can't Stop,NOW: The Hits Of Summer 2014,Miley Cyrus,"2,003",32.2,117008.0,50397971.0,71.0
Buy Dirt,Buy Dirt,Jordan Davis,"2,007",32.2,51641.0,18836339.0,77.0
Las Morras,Las Morras,Peso Pluma,"2,004",32.2,26015.0,6838351.0,66.0
Mamichula - con Nicki Nicole,Atrevido,Trueno,"2,013",32.1,65906.0,17187107.0,76.0
The Sound Of Silence,The Sound of Silence (CYRIL Remix),Disturbed,"2,022",32.1,135133.0,20085121.0,70.0
Higher Power,Higher Power,Coldplay,"2,016",32.1,52095.0,26147738.0,63.0
The Perfect Girl,The Perfect Girl,Mareux,"2,018",32.1,119524.0,26655185.0,72.0
Yeah! (feat. Lil Jon & Ludacris),Kings Of Crunk (Special Edition),USHER,"2,020",32.1,255327.0,107143110.0,80.0
Swear to God (feat. Future),Swear to God (feat. Future),Tee Grizzley,"2,011",32.1,1971.0,22252657.0,1.0
LOVE. FEAT. ZACARI.,DAMN.,Kendrick Lamar,"2,014",32.1,207632.0,54635449.0,79.0
Joga o Bum Bum Tam Tam,Bum Bum Tam Tam,MC Fioti,"2,019",32.1,1656.0,120121.0,34.0
Montagem Mysterious Game,Montagem Mysterious Game,LXNGVX,"2,021",32.1,13863.0,30279318.0,77.0
soso,Boy Alone,Omah Lay,"2,017",32.1,54358.0,6297689.0,71.0
You Say,You Say,Lauren Daigle,"2,033",32.0,81834.0,23568889.0,68.0
Watch The World Burn,Watch The World Burn,Falling In Reverse,"2,029",32.0,42638.0,4064739.0,69.0
"Hukum - Thalaivar Alappara (From ""Jailer"")","Hukum - Thalaivar Alappara (From ""Jailer"")",Anirudh Ravichander,"2,030",32.0,6149.0,3893159.0,61.0
With You,With You,AP Dhillon,"2,025",32.0,17289.0,9007969.0,68.0
I Love It (& Lil Pump),I Love It - Single,Kanye West,"2,035",32.0,126449.0,21054860.0,65.0
Love Songs - Bonus,Love Songs,Kaash Paige,"2,031",32.0,80058.0,16908119.0,73.0
Me Atraiu - Ao Vivo,Me Atraiu (Ao Vivo),Gabriela Rocha,"2,027",32.0,16094.0,9626456.0,63.0
LET'S GET FKD UP,LET'S GET FKD UP (feat. Tribbs),Alok,"2,034",32.0,28349.0,90192884.0,77.0
I LOVE YOU HOE (w/ 9lives),3x3,Odetari,"2,028",32.0,29292.0,5268261.0,64.0
HAPPY,HOPE,NF,"2,032",32.0,29689.0,7546223.0,68.0
BOOMBAYAH,SQUARE ONE,BLACKPINK,"2,024",32.0,43033.0,11871864.0,68.0
Min Awel Dekika,Min Awel Dekika,Elissa,"2,040",31.9,7751.0,520105.0,52.0
my ex's best friend (with blackbear),my ex's best friend (with blackbear),mgk,"2,042",31.9,115706.0,17572847.0,68.0
Parce (feat. Justin Quiles),Parce (feat. Justin Quiles),Maluma,"2,046",31.9,58315.0,14632113.0,61.0
Borro Cassette,Borro Cassette,Maluma,"2,045",31.9,58967.0,27208424.0,76.0
Wild Thoughts,Wild Thoughts,DJ Khaled,"2,043",31.9,145513.0,45841172.0,74.0
L'ULTIMA POESIA,L'ULTIMA POESIA - Single,Geolier,"2,044",31.9,2056.0,4977329.0,72.0
In Your Eyes,After Hours,The Weeknd,"2,054",31.8,130934.0,30398290.0,70.0
Take Her Home,Take Her Home - Single,Kenny Chesney,"2,048",31.8,1666.0,3832651.0,9.0
Don't Wanna Know (feat. Kendrick Lamar),Don't Wanna Know,Maroon 5,"2,055",31.8,87426.0,23437480.0,64.0
Entra Na Defender,Entra Na Defender,Luan Pereira,"2,064",31.8,2469.0,32369315.0,77.0
We're Good,Future Nostalgia (The Moonlight Edition),Dua Lipa,"2,049",31.8,56753.0,16981156.0,62.0
Sip (Alcohol),Alcohol - Single,Joeboy,"2,063",31.8,51136.0,5269627.0,58.0
Get You (feat. Kali Uchis),Get You - Single,Daniel Caesar,"2,056",31.8,168424.0,41883756.0,76.0
Body,Body,Loud Luxury,"2,059",31.8,148513.0,50006803.0,74.0
One Thing At A Time,One Thing At A Time (Sampler),Morgan Wallen,"2,057",31.8,31843.0,5546389.0,70.0
Mentiras | CROSSOVER #3,Mentiras | CROSSOVER #3,Big One,"2,051",31.8,12217.0,5490186.0,64.0
911,911,Sech,"2,058",31.8,68202.0,13733700.0,55.0
You Make It Easy,You Make It Easy,Jason Aldean,"2,066",31.8,39872.0,6195765.0,5.0
Hoy,Hoy,Valentino Merlo,"2,065",31.8,396.0,5178216.0,62.0
Suge,Baby On Baby,DaBaby,"2,053",31.8,112493.0,19804967.0,62.0
ball w/o you,i am > i was,21 Savage,"2,068",31.7,167409.0,20422800.0,77.0
Money,Money,Cardi B,"2,070",31.7,62829.0,21001481.0,65.0
Queen of Kings,Queen of Kings,Alessandra,"2,069",31.7,44113.0,11475897.0,66.0
Hasta Que Dios Diga,Emmanuel,Anuel AA,"2,071",31.7,87832.0,40590466.0,71.0
No Type,No Type,Rae Sremmurd,"2,072",31.7,124262.0,20748688.0,64.0
Sand In My Boots,Dangerous: The Double Album,Morgan Wallen,"2,078",31.6,52985.0,7003255.0,72.0
Overseas,Overseas,D-Block Europe,"2,086",31.6,90545.0,5425432.0,64.0
Monster (Shawn Mendes &amp; Justin Bieber),Monster,Shawn Mendes,"2,075",31.6,77941.0,24028281.0,61.0
Last Friday Night (T.G.I.F.),Teenage Dream,Katy Perry,"2,084",31.6,170779.0,83827327.0,71.0
Circo Loco,Her Loss,Drake,"2,077",31.6,74719.0,15970383.0,65.0
Limbo,Freddie's Inferno,Freddie Dredd,"2,080",31.6,78735.0,11859340.0,68.0
Laad Piya Ke,Laad Piya Ke,Raju Punjabi,"2,087",31.6,894.0,101013.0,55.0
Coco Cola,Coco Cola,Ruchika Jangid,"2,081",31.6,1547.0,487542.0,53.0
DUELE EL CORAZON,The RCA-List (Vol. 2),Enrique Iglesias,"2,100",31.5,69811.0,19744540.0,63.0
The Code,The Code,Nemo,"2,091",31.5,4755.0,12993786.0,79.0
A Puro Dolor,A Puro Dolor - Single,Gabito Ballesteros,"2,098",31.5,8065.0,19954898.0,80.0
Prisoner (feat. Dua Lipa),Prisoner (feat. Dua Lipa),Miley Cyrus,"2,101",31.5,89489.0,26707311.0,67.0
Why Not,Why Not,Ghostface Playa,"2,099",31.5,56849.0,20452829.0,64.0
Got It On Me,Shoot For The Stars Aim For The Moon,Pop Smoke,"2,096",31.5,167938.0,19174702.0,67.0
intro (end of the world),eternal sunshine,Ariana Grande,"2,090",31.5,6696.0,14339377.0,82.0
All I Want for Christmas Is You,Merry Christmas,Mariah Carey,"2,097",31.5,109411.0,45003974.0,60.0
La Rompe Corazones,La Rompe Corazones,Daddy Yankee,"2,093",31.5,48041.0,19056854.0,66.0
QUE ME FALTE TODO,QUE ME FALTE TODO,Luck Ra,"2,089",31.5,7535.0,12487998.0,66.0
360,360,Charli xcx,"2,104",31.4,3363.0,94336088.0,76.0
Love Scars,A Love Letter To You,Trippie Redd,"2,103",31.4,78206.0,11962192.0,5.0
Die Hard,Mr. Morale & The Big Steppers,Kendrick Lamar,"2,107",31.4,83638.0,10749840.0,71.0
Akher Yawm,Akher Yawm - Single,Ghaliaa,"2,109",31.4,133.0,28248.0,29.0
Ascend,Ascend - Single,Dezko,"2,114",31.3,31142.0,26310863.0,66.0
SI SABE FERXXO,SI SABE FERXXO,Blessd,"2,117",31.3,8723.0,37831803.0,74.0
Wind Up Missin' You,Wind Up Missin' You - Single,Tucker Wetmore,"2,116",31.3,5573.0,30858408.0,74.0
No Limit,No Limit,G-Eazy,"2,118",31.3,90212.0,20770256.0,62.0
Paro,Paro,Nej,"2,112",31.3,36872.0,4548963.0,56.0
HOPE,HOPE,NF,"2,111",31.3,40366.0,16074335.0,64.0
On My Way,On My Way,Alan Walker,"2,119",31.3,75834.0,16363220.0,67.0
You Need To Calm Down,You Need To Calm Down,Taylor Swift,"2,113",31.3,63937.0,44356528.0,75.0
Starting Over,Starting Over,Chris Stapleton,"2,134",31.2,52739.0,9354750.0,71.0
295,Moosetape,Sidhu Moose Wala,"2,130",31.2,21677.0,5861599.0,68.0
Gangsta's Paradise (feat. L.V.),...And You Don't Stop - A Celebration of 50 Years of Hip Hop,Coolio,"2,128",31.2,7.0,2021.0,13.0
Gulabi Sharara,Gulabi Sharara,Inder Arya,"2,122",31.2,1613.0,158758.0,53.0
Otro Atardecer,Un Verano Sin Ti,Bad Bunny,"2,126",31.2,58352.0,12590067.0,71.0
Soweto,Outlaw,Victony,"2,123",31.2,40696.0,2870988.0,69.0
Enjoy,Enjoy,Jux,"2,127",31.2,2938.0,535879.0,19.0
Poland,Poland - Single,Lil Yachty,"2,131",31.2,52177.0,9387393.0,58.0
Bertaraf,Sir,Canbay & Wolker,"2,124",31.2,7887.0,3440542.0,70.0
U My Everything (feat. Drake),In Sexyy We Trust,Sexyy Red,"2,133",31.2,1332.0,35500278.0,71.0
Devil Eyes,Providence,Hippie Sabotage,"2,121",31.2,195653.0,20289921.0,71.0
m y . l i f e (with 21 Savage & Morray),The Off-Season,J. Cole,"2,135",31.1,124236.0,21455262.0,68.0
I'm Yours,DDB Hitzone Best Of 2008,Jason Mraz,"2,136",31.1,241725.0,103480270.0,72.0
"Going, Going, Gone",Growin' Up,Luke Combs,"2,139",31.1,25097.0,5307004.0,72.0
Baarish Ki Jaaye,Baarish Ki Jaaye,B Praak,"2,142",31.1,6163.0,1029980.0,53.0
Company,Company,Emiway Bantai,"2,144",31.1,2423.0,691567.0,49.0
LA PEOPLE,LA PEOPLE,Peso Pluma,"2,143",31.1,21917.0,17543809.0,75.0
REACT,REACT,Switch Disco,"2,138",31.1,26625.0,54204917.0,69.0
Ocean,OCEAN,KAROL G,"2,149",31.0,30520.0,12759646.0,66.0
Wrecked,Wrecked,Imagine Dragons,"2,153",31.0,57487.0,5571645.0,64.0
Brown Munde,Brown Munde,AP Dhillon,"2,148",31.0,37741.0,5454166.0,64.0
pov,Positions,Ariana Grande,"2,147",31.0,62958.0,23901981.0,66.0
Dancing On My Own,Dancing On My Own,Calum Scott,"2,154",31.0,134807.0,70718949.0,74.0
Stay With Me,Full Circle: The Live Anthology,Sam Smith,"2,152",31.0,167759.0,96423336.0,77.0
Boucan (feat. Franglish),Boucan (feat. Franglish),KeBlack,"2,145",31.0,1989.0,6717297.0,73.0
Fulanito,Fulanito,Becky G,"2,151",31.0,38980.0,11054219.0,58.0
Only Love Can Hurt Like This (feat. Teddy Swims) - Remix,Only Love Can Hurt Like This (feat. Teddy Swims) - Single,Paloma Faith,"2,156",31.0,1307.0,1725637.0,58.0
Business (feat. Naza),Business (feat. Naza),DYSTINCT,"2,160",30.9,34206.0,3353721.0,60.0
MANIAC,ODDINARY,Stray Kids,"2,163",30.9,27089.0,8506820.0,68.0
Mona Lisa - Spider-Man: Across the Spider-Verse (Deluxe Edition),Mona Lisa - Spider-Man: Across the Spider-Verse (Deluxe Edition) - Single,Dominic Fike,"2,159",30.9,37054.0,15004163.0,63.0
Something About You,Something About You,Eyedress,"2,162",30.9,96233.0,22697396.0,77.0
After LIKE,After LIKE - Single,IVE,"2,169",30.8,28691.0,12128682.0,69.0
So Far,So Far,florias,"2,164",30.8,18.0,541.0,10.0
idontwannabeyouanymore,dont smile at me,Billie Eilish,"2,166",30.8,114997.0,28172038.0,72.0
Debo Entender,Debo Entender,Santa Fe Klan,"2,168",30.8,27383.0,5458230.0,66.0
Vem Desestressar,Vem Desestressar,MC PH,"2,177",30.8,3432.0,20567305.0,69.0
Darkside,Darkside,Alan Walker,"2,173",30.8,81058.0,16282307.0,67.0
Call Me Every Day (feat. WizKid),Call Me Every Day (feat. WizKid),Chris Brown,"2,174",30.8,43939.0,9282167.0,61.0
World's Smallest Violin,OK ORCHESTRA,AJR,"2,165",30.8,71196.0,5509068.0,63.0
Thot Shit,Thot Shit,Megan Thee Stallion,"2,176",30.8,63421.0,26904800.0,60.0
Money Trees,"good kid, m.A.A.d city (Deluxe)",Kendrick Lamar,"2,167",30.8,352198.0,59811242.0,75.0
Si La Calle Llama - Remix,3MEN2 KBRN,Eladio Carrion,"2,175",30.8,39949.0,11667012.0,65.0
Waffle House,Waffle House,Jonas Brothers,"2,170",30.8,16162.0,24753071.0,63.0
Tacata,Tacata,Tiagz,"2,172",30.8,13502.0,1974605.0,60.0
Got Me Started,Got Me Started,Troye Sivan,"2,180",30.7,19673.0,11567850.0,5.0
Low,SOS,SZA,"2,178",30.7,59064.0,17662712.0,73.0
Night Changes,FOUR (Deluxe),One Direction,"2,179",30.7,154325.0,92409509.0,83.0
De Los Besos Que Te Di,De Los Besos Que Te Di,Christian Nodal,"2,182",30.7,40921.0,13324377.0,71.0
BRODYAGA FUNK,BRODYAGA FUNK - EP,Eternxlkz,"2,183",30.7,6863.0,23952817.0,75.0
Private Jet,Mafia Musik,D. Savage,"2,181",30.7,3268.0,109837.0,40.0
DNA.,DAMN.,Kendrick Lamar,"2,184",30.7,185660.0,44429618.0,75.0
"Or Nah (feat. The Weeknd, Wiz Khalifa and DJ Mustard) - Remix","Or Nah (feat. The Weeknd, Wiz Khalifa and DJ Mustard) [Remix Version]",Ty Dolla $ign,"2,197",30.6,152498.0,28278237.0,74.0
Baklava,Baklava - Single,Gya,"2,189",30.6,418.0,286571.0,61.0
Veggie Dance,Veggie Dance,Gracie's Corner,"2,187",30.6,222.0,58855.0,55.0
Still Don't Know My Name,Euphoria (Original Score from the HBO Series),Labrinth,"2,185",30.6,127503.0,40134293.0,71.0
Sittin' On Top Of The World,Sittin' On Top Of The World - Single,Burna Boy,"2,196",30.6,23415.0,3622192.0,55.0
Broke In A Minute,Broke In A Minute,Tory Lanez,"2,186",30.6,116527.0,22947586.0,70.0
In Case You Didn't Know,Brett Young EP,Brett Young,"2,198",30.6,62305.0,14198815.0,68.0
HVN ON EARTH (with Kodak Black),HVN ON EARTH,Lil Tecca,"2,201",30.5,39763.0,21760033.0,60.0
It Ain't Me (with Selena Gomez),It Ain't Me (with Selena Gomez),Kygo,"2,205",30.5,150179.0,55438878.0,71.0
Baarish Ban Jaana,Baarish Ban Jaana,Payal Dev,"2,202",30.5,4554.0,1202197.0,57.0
I CAN'T STOP ME,Eyes Wide Open,TWICE,"2,200",30.5,32051.0,9361355.0,65.0
Take What You Want (feat. Ozzy Osbourne & Travis Scott),Hollywood's Bleeding,Post Malone,"2,203",30.5,108263.0,18637177.0,69.0
Filhaal2 Mohabbat,Filhaal2 Mohabbat,B Praak,"2,206",30.5,6300.0,1979759.0,57.0
Vivir Mi Vida,3,Marc Anthony,"2,210",30.4,78822.0,28465181.0,71.0
Lullaby - BadWolf Remix,Lullaby (BadWolf Remix),TR-MEET,"2,213",30.4,113.0,5777.0,10.0
Love Not War (The Tampa Beat),Love Not War (The Tampa Beat) [Remixes] (feat. Jason Derulo),Jason Derulo,"2,212",30.4,51888.0,9569404.0,59.0
"Lose Yourself - From ""8 Mile"" Soundtrack",8 Mile,Eminem,"2,222",30.4,345119.0,97808878.0,75.0
My Oh My,My Oh My,Ava Max,"2,216",30.4,2365.0,37158651.0,1.0
willow,evermore,Taylor Swift,"2,217",30.4,67136.0,50350718.0,72.0
100 MESSAGGI,100 MESSAGGI,Lazza,"2,219",30.4,5282.0,6183983.0,73.0
OUT OUT (feat. Charli XCX & Saweetie),OUT OUT (feat. Charli XCX & Saweetie),Joel Corry,"2,218",30.4,105947.0,68408965.0,68.0
Turn On The Lights again.. (feat. Future),USB,Fred again..,"2,214",30.4,102679.0,49713000.0,61.0
"Mommy, Mommy Give Me Yummy","Mommy, Mommy Give Me Yummy",D Billions,"2,209",30.4,49.0,4311.0,21.0
Illegal Weapon,Illegal Weapon,Garry Sandhu,"2,224",30.3,12496.0,2290221.0,57.0
Starships,Crave Volume 7,Nicki Minaj,"2,225",30.3,189848.0,71457898.0,73.0
Calidad,Calidad,Grupo Firme,"2,238",30.3,18763.0,9876263.0,54.0
Send My Love (To Your New Lover),25,Adele,"2,234",30.3,89443.0,24441546.0,66.0
Chakalitos,Chakalitos,Angi Fire,"2,229",30.3,1570.0,171193.0,10.0
Rather Be (feat. Jess Glynne),I Cry When I Laugh,Clean Bandit,"2,236",30.3,188363.0,58299660.0,70.0
Into Your Arms (feat. Ava Max),Into Your Arms (feat. Ava Max),Witt Lowry,"2,232",30.3,68181.0,10506568.0,67.0
1000 Blunts,"Sing Me a Lullaby, My Sweet Temptation",$uicideboy$,"2,237",30.3,43837.0,2663499.0,72.0
#BrooklynBloodPop!,#BrooklynBloodPop!,SyKo,"2,230",30.3,76485.0,8876090.0,62.0
Baby Songs,Baby Lullaby - Relaxing Piano Baby Lullabies Baby Songs and Nursery Rhymes for Baby Sleep and Newborn Natural Sleep Aid,Baby Lullaby,"2,227",30.3,36.0,9217.0,27.0
Clout (feat. Cardi B),FATHER OF 4,Offset,"2,231",30.3,61432.0,15468892.0,58.0
I love you,I love you,Dadju,"2,247",30.2,10432.0,9086026.0,63.0
One Last Time,My Everything,Ariana Grande,"2,243",30.2,110953.0,65876311.0,77.0
Malas Decisiones,K23,Kenia OS,"2,246",30.2,15573.0,11736236.0,68.0
Dos Mil 16,Un Verano Sin Ti,Bad Bunny,"2,249",30.2,50219.0,17690466.0,71.0
La Vaca Lola,Las 20 Mejores Canciones Infantiles,Toy Cantando,"2,250",30.2,3255.0,310554.0,55.0
Termina Comigo Antes,Termina Comigo Antes,Gusttavo Lima,"2,241",30.2,12885.0,13054030.0,63.0
Baarish,Baarish,Payal Dev,"2,244",30.2,1424.0,362321.0,41.0
Dijeron Que No La Iba Lograr,Dijeron Que No La Iba a Lograr,Chino Pacas,"2,254",30.1,23146.0,7025185.0,43.0
Feel It Still,Feel It Still,Portugal. The Man,"2,263",30.1,204110.0,65716191.0,74.0
MotorSport,MotorSport,Migos,"2,262",30.1,89159.0,24300466.0,62.0
Bad At Love,hopeless fountain kingdom (Deluxe),Halsey,"2,265",30.1,56371.0,12074505.0,59.0
Nevada,Nevada,YoungBoy Never Broke Again,"2,251",30.1,60031.0,4503801.0,64.0
The Adults Are Talking,The New Abnormal,The Strokes,"2,264",30.1,152115.0,30405327.0,76.0
Hips Don't Lie (feat. Wyclef Jean),Oral Fixation Vol. 2,Shakira,"2,257",30.1,261693.0,142426948.0,80.0
Overdose,Overdose - Single,natori,"2,259",30.1,26630.0,3407532.0,62.0
Tak Segampang Itu,Tak Segampang Itu,Anggi Marito,"2,253",30.1,14918.0,7489575.0,74.0
Emotionally Scarred,My Turn,Lil Baby,"2,261",30.1,93481.0,10151445.0,63.0
When It Rains It Pours,This One's for You,Luke Combs,"2,258",30.1,93613.0,23160480.0,78.0
If I Didn't Love You,If I Didn't Love You,Jason Aldean,"2,268",30.0,22233.0,3205615.0,60.0
UNHEALTHY (feat. Shania Twain),UNHEALTHY (feat. Shania Twain),Anne-Marie,"2,274",30.0,18457.0,6727123.0,60.0
ATORRANTE - con Los Palmeras,ATORRANTE - con Los Palmeras,Emanero,"2,280",30.0,7487.0,3295468.0,61.0
"Praise (feat. Brandon Lake, Chris Brown & Chandler Moore)",CAN YOU IMAGINE?,Elevation Worship,"2,284",30.0,31102.0,3889566.0,70.0
Roses,Roses,The Chainsmokers,"2,270",30.0,137023.0,33124854.0,68.0
Close Friends (Lil Baby & Gunna),Drip Harder,Lil Baby,"2,267",30.0,99524.0,11666867.0,65.0
Propuesta Indecente,Caliente! Latino Hitmix 2013,Romeo Santos,"2,266",30.0,76654.0,28891369.0,74.0
Atmosphere,Atmosphere,FISHER,"2,278",30.0,40300.0,55773870.0,70.0
Eid,Eid,Mehmood J,"2,273",30.0,5.0,29.0,4.0
Money In The Grave (Drake ft. Rick Ross),The Best In The World Pack,Drake,"2,275",30.0,180650.0,36876067.0,70.0
Lighter,Lighter (Extended Mix),Galantis,"2,295",29.9,4573.0,31483398.0,5.0
Kill Em With Kindness,Revival (Deluxe),Selena Gomez,"2,290",29.9,48598.0,14497820.0,56.0
Good Love,Good Love,Hannah Laing,"2,296",29.9,26116.0,36440018.0,70.0
Little Girl Gone,Little Girl Gone,CHINCHILLA,"2,297",29.9,21963.0,13959755.0,68.0
Ella Quiere Beber - Remix,Ella Quiere Beber (Remix),Anuel AA,"2,299",29.9,66150.0,25410849.0,70.0
Blicky,Blicky,Fresh X Reckless,"2,292",29.9,6378.0,749928.0,40.0
Baby (Lil Baby feat. DaBaby),Baby,Quality Control,"2,294",29.9,111477.0,16214693.0,68.0
Hotel,Hotel,Montell Fish,"2,291",29.9,56660.0,27811906.0,74.0
Mas Altas Que Bajadas,Nata Montana,Natanael Cano,"2,288",29.9,15069.0,7363178.0,71.0
Somewhere Only We Know,Somewhere Only We Know,Gustixa,"2,286",29.9,9646.0,1321681.0,43.0
X1,Little Hair,MC Cabelinho,"2,285",29.9,30221.0,5514940.0,62.0
DISPARA ***,DISPARA ***,Nicki Nicole,"2,301",29.8,23852.0,8214976.0,66.0
By Your Side,By Your Side,Rod Wave,"2,303",29.8,40909.0,4353138.0,60.0
No Te Contaron Mal,No Te Contaron Mal,Christian Nodal,"2,312",29.8,37141.0,12874966.0,68.0
When We Were Young,25,Adele,"2,305",29.8,117365.0,41710598.0,71.0
Miracle (Extended),Miracle (with Ellie Goulding) [Remixes],Calvin Harris,"2,314",29.8,92.0,28566.0,14.0
Do It Again (feat. 2Rare),Do It Again (feat. 2Rare),NLE Choppa,"2,313",29.8,65297.0,6721980.0,60.0
Loading,Loading,Central Cee,"2,311",29.8,137745.0,8267546.0,65.0
Tek Tek (feat. MHD),Tek Tek (feat. MHD),DYSTINCT,"2,326",29.7,30635.0,5622603.0,59.0
Dos Besitos,Dos Besitos,La Joaqui,"2,320",29.7,18928.0,3742291.0,56.0
Deep Down (feat. Never Dull),Deep Down (feat. Never Dull),Alok,"2,318",29.7,61133.0,99451251.0,76.0
No Me Conoce - Remix,No Me Conoce (Remix),Jhay Cortez,"2,322",29.7,135811.0,46929639.0,75.0
Freaky Friday (feat. Chris Brown),Freaky Friday (feat. Chris Brown),Lil Dicky,"2,321",29.7,82446.0,12953022.0,65.0
Still Rollin,Still Rollin,Shubh,"2,325",29.7,18344.0,7425022.0,69.0
Safe And Sound,Capital Cities EP,Capital Cities,"2,317",29.7,256512.0,74267670.0,78.0
Teeth,Teeth,5 Seconds of Summer,"2,315",29.7,103554.0,18582680.0,71.0
I Took A Pill In Ibiza,The Truth,Mike Posner,"2,316",29.7,17799.0,3474319.0,49.0
Run Free,Run Free,Deep Chills,"2,334",29.6,17950.0,3630498.0,55.0
In The Dark,In the Dark,Purple Disco Machine,"2,330",29.6,34102.0,6137203.0,59.0
Felina,Felina,WIU,"2,331",29.6,35385.0,8942936.0,63.0
Meet you at the Graveyard,"Clean Sheets, dirty walls",Cleffy,"2,327",29.6,21000.0,7441709.0,14.0
Sexy to Someone,Sexy to Someone,Clairo,"2,329",29.6,2626.0,37148745.0,74.0
FEARLESS,FEARLESS,LE SSERAFIM,"2,328",29.6,20231.0,4756698.0,62.0
Let It Go,Let It Go,James Bay,"2,338",29.5,128593.0,56315096.0,65.0
Where It Ends,Where It Ends,Bailey Zimmerman,"2,343",29.5,28857.0,7439902.0,75.0
Desenrola Bate Joga de Ladin (feat. DJ Biel do Furduncinho),Pros Menorzin (feat. DJ Biel do Furduncinho),L7NNON,"2,340",29.5,17907.0,7303868.0,53.0
Carry You Home,Carry You Home,Alex Warren,"2,339",29.5,1095.0,21925889.0,71.0
City Boys,Workout Rap 2024,Burna Boy,"2,342",29.5,58113.0,19505579.0,69.0
Wellerman - Sea Shanty,Wellerman (Sea Shanty),Nathan Evans,"2,336",29.5,103694.0,5805294.0,66.0
Every Summertime,Every Summertime,NIKI,"2,346",29.5,60923.0,13164145.0,70.0
Walk It Talk It,Culture II,Migos,"2,337",29.5,150813.0,29317904.0,67.0
Face Off,Face Off,Tech N9ne,"2,347",29.5,58039.0,6855506.0,59.0
Otra vez (feat. J Balvin),Motivan2,Zion & Lennox,"2,345",29.5,48788.0,18231793.0,67.0
Girls Never Die,<ASSEMBLE24>,tripleS,"2,352",29.4,769.0,17349465.0,67.0
"24/7, 365","24/7, 365",elijah woods,"2,359",29.4,12758.0,7968409.0,71.0
POCPOC,POCPOC,PEDRO SAMPAIO,"2,360",29.4,9079.0,26226576.0,72.0
Je M'appelle,Je M'appelle,Benzz,"2,358",29.4,83611.0,6994071.0,65.0
Soap,Soap,Melanie Martinez,"2,349",29.4,48604.0,10908000.0,67.0
Never Forget You,Never Forget You,Zara Larsson,"2,348",29.4,98962.0,23627265.0,66.0
Tyler Herro,Tyler Herro,Jack Harlow,"2,355",29.4,127984.0,22280549.0,66.0
"i hate u, i love u (feat. olivia o'brien)","i hate u, i love u (feat. olivia o'brien)",gnash,"2,354",29.4,122979.0,53743248.0,70.0
Ophelia,Ophelia,The Lumineers,"2,350",29.4,213943.0,47156566.0,70.0
Manos Rotas,Manos Rotas,DELLAFUENTE,"2,356",29.4,18359.0,8998620.0,71.0
Ella No Es Tuya - Remix,Ella No Es Tuya (Remix),Rochy RD,"2,353",29.4,76669.0,15412661.0,62.0
Satellite,Harry's House,Harry Styles,"2,373",29.3,51605.0,21294785.0,70.0
La Santa,YHLQMDLG,Bad Bunny,"2,361",29.3,96498.0,35375775.0,75.0
Tera Ban Jaunga,Kabir Singh,Akhil Sachdeva,"2,372",29.3,15632.0,8831229.0,63.0
Ranjha Maahi,Ranjha Maahi - Single,Siddhant,"2,375",29.3,75.0,45363.0,7.0
Sure Thing,All I Want Is You,Miguel,"2,362",29.3,190857.0,100835580.0,81.0
Talibans,No Love,Byron Messia,"2,371",29.3,28810.0,5603761.0,61.0
Escapism. - Sped Up,Escapism. (Sped Up),RAYE,"2,376",29.3,47167.0,13191481.0,66.0
Lisa,Lisa,Young Miko,"2,365",29.3,30013.0,8335647.0,67.0
you should see me in a crown,you should see me in a crown,Billie Eilish,"2,370",29.3,103375.0,35817894.0,71.0
Rewrite The Stars (with James Arthur & Anne-Marie),Rewrite The Stars (with James Arthur & Anne-Marie),James Arthur,"2,377",29.2,46385.0,17500223.0,73.0
Somebody (2024),Somebody (2024),Gotye,"2,378",29.2,14144.0,76264974.0,74.0
Dandelions,Dandelions,Ruth B.,"2,383",29.2,183674.0,67708124.0,82.0
I Love You So,I Love You So,The Walters,"2,394",29.2,218492.0,59487193.0,83.0
i love you,"WHEN WE ALL FALL ASLEEP, WHERE DO WE GO?",Billie Eilish,"2,390",29.2,116055.0,42732119.0,75.0
Not Fair,Not Fair,Niklas Dee,"2,392",29.2,46918.0,61515543.0,69.0
Him & I (with Halsey),Him & I,G-Eazy,"2,384",29.2,141296.0,23238086.0,72.0
TIKTOK,TIKTOK,Ian Lucas,"2,381",29.2,113.0,1773907.0,59.0
Call Your Friends,Call Your Friends - Single,Rod Wave,"2,395",29.2,10429.0,2724041.0,46.0
Rosa Pastel,Rosa Pastel,Peso Pluma,"2,391",29.2,22780.0,5337724.0,65.0
Dirt Cheap,Leather,Cody Johnson,"2,387",29.2,8961.0,11610924.0,11.0
Borderline,The Slow Rush,Tame Impala,"2,380",29.2,156377.0,27309112.0,76.0
No Time To Die,No Time To Die,Billie Eilish,"2,388",29.2,91391.0,29634724.0,70.0
En El Radio Un Cochinero,En El Radio Un Cochinero,Victor Cibrian,"2,399",29.1,26581.0,6387381.0,61.0
comethru,comethru,Jeremy Zucker,"2,405",29.1,90889.0,19172749.0,69.0
ROCKSTAR,$AD BOYZ 4 LIFE II,Junior H,"2,404",29.1,13021.0,14018925.0,79.0
Boy's a liar,Boy's a liar,PinkPantheress,"2,400",29.1,39800.0,6108454.0,62.0
B.O.T.A. (Baddest Of Them All),B.O.T.A. (Baddest Of Them All) / Move To The,Eliza Rose,"2,397",29.1,34495.0,3089794.0,52.0
Lucky Girl Syndrome,SUPER REAL ME,ILLIT,"2,408",29.0,1933.0,2045965.0,72.0
Little Dark Age,Little Dark Age,MGMT,"2,415",29.0,197169.0,31052903.0,72.0
Hypnotized,Hypnotized,Purple Disco Machine,"2,419",29.0,77323.0,15730444.0,58.0
Diable,Bocaterrosa,Ven'nus,"2,423",29.0,117.0,4155.0,10.0
Laung Laachi Title Track,"Laung Laachi Title Track (From ""Laung Laachi"")",Mannat Noor,"2,422",29.0,6294.0,1007695.0,45.0
ELEVEN,ELEVEN,IVE,"2,407",29.0,23542.0,9642342.0,66.0
Space Cadet (feat. Gunna),NOT ALL HEROES WEAR CAPES,Metro Boomin,"2,416",29.0,204396.0,35887216.0,75.0
November Rain (2022 Version),November Rain / Double Talkin' Jive / You Could Be Mine,Guns N' Roses,"2,420",29.0,2572.0,13575009.0,53.0
We Ride,We Ride - Single,Bryan Martin,"2,414",29.0,30976.0,8143503.0,76.0
Rich Spirit,Mr. Morale & The Big Steppers,Kendrick Lamar,"2,437",28.9,68188.0,10639841.0,71.0
Cochinae,Querian Perreo?,Julianno Sosa,"2,438",28.9,35527.0,6146030.0,58.0
Juju On That Beat (TZ Anthem),Juju On That Beat (TZ Anthem),Zay Hilfigerrr,"2,427",28.9,30216.0,6007155.0,52.0
I'm Not The Only One,In The Lonely Hour (Deluxe),Sam Smith,"2,428",28.9,164059.0,76679523.0,77.0
Murder,Murder,Bgnzinho,"2,431",28.9,1475.0,166424.0,37.0
Major Distribution,Her Loss,Drake,"2,430",28.9,70800.0,15434966.0,62.0
Chlorine,Trench,Twenty One Pilots,"2,425",28.9,91490.0,9737600.0,68.0
Here,Here,Alessia Cara,"2,441",28.9,76646.0,16115782.0,65.0
Favorito,Favorito,Camilo,"2,435",28.9,42311.0,12661251.0,58.0
Royalty,Royalty,Egzod,"2,432",28.9,52261.0,12634570.0,74.0
Am I Wrong,More Music 2013,Nico & Vinz,"2,440",28.9,160031.0,38549276.0,71.0
Tennessee Orange,Tennessee Orange,Megan Moroney,"2,424",28.9,28139.0,12480714.0,73.0
Still Trappin' (with King Von),The Voice,Lil Durk,"2,448",28.8,76081.0,7784086.0,61.0
YUM YUM (Slowed),YUM YUM,LXNGVX,"2,450",28.8,10792.0,6471028.0,64.0
Issues,Issues,Julia Michaels,"2,446",28.8,86990.0,25275888.0,69.0
Element,Meet The Woo 2,Pop Smoke,"2,457",28.8,164690.0,25242475.0,68.0
GOD'S COUNTRY,UTOPIA,Travis Scott,"2,455",28.8,34681.0,3243869.0,64.0
F Boy,F Boy,Ander Huang,"2,451",28.8,973.0,166740.0,19.0
Say It,Say It,Tory Lanez,"2,447",28.8,83010.0,18881944.0,70.0
Ain't Shit,Planet Her,Doja Cat,"2,454",28.8,90475.0,27073255.0,70.0
Dancing With Your Ghost,Dancing With Your Ghost,Sasha Alex Sloan,"2,458",28.8,104197.0,40491454.0,71.0
SIRENS,UTOPIA,Travis Scott,"2,449",28.8,39218.0,4027424.0,65.0
I Love Mama Mantu,I Love Mama Mantu,Bulan Sutena,"2,468",28.7,1905.0,405342.0,37.0
Hall of Fame (feat. will.i.am),NRJ Hits 17,The Script,"2,465",28.7,180669.0,67730386.0,78.0
Original som fan,HIPHOPP Vol. 1,OP,"2,466",28.7,93.0,4955.0,3.0
SLAY!,SLAY!,Eternxlkz,"2,471",28.7,5560.0,36721527.0,80.0
Runaway (U & I),Runaway (U & I),Galantis,"2,469",28.7,155100.0,42988196.0,72.0
Ley Seca,Ley Seca,Jhay Cortez,"2,462",28.7,80841.0,20936024.0,66.0
Dawns (feat. Maggie Rogers),Dawns (feat. Maggie Rogers) - Single,Zach Bryan,"2,461",28.7,44088.0,11298879.0,75.0
So High School,THE TORTURED POETS DEPARTMENT: THE ANTHOLOGY,Taylor Swift,"2,478",28.6,3397.0,13075013.0,87.0
Hola,Climaxxx,Dalex,"2,483",28.6,6572.0,781594.0,42.0
Dark Red,Dark Red,Steve Lacy,"2,475",28.6,261850.0,48425069.0,80.0
Diosa,Easy Money Baby,Myke Towers,"2,484",28.6,70596.0,17915387.0,66.0
Wagon Wheel,True Believers,Darius Rucker,"2,477",28.6,107826.0,25463894.0,73.0
Dil Galti Kar Baitha Hai,Dil Galti Kar Baitha Hai,Jubin Nautiyal,"2,482",28.6,5573.0,1466888.0,53.0
Is There Someone Else?,The Highlights (Deluxe),The Weeknd,"2,485",28.6,87216.0,26997782.0,76.0
Wild Side (feat. Cardi B),Wild Side (feat. Cardi B) - Single,Normani,"2,476",28.6,36504.0,12624326.0,60.0
Location (feat. Burna Boy),PSYCHODRAMA,Dave,"2,490",28.5,169023.0,15332361.0,70.0
Mon Amour,Mon Amour,Annalisa,"2,488",28.5,9584.0,2241484.0,56.0
"Ve Kamleya (From ""Rocky Aur Rani Kii Prem Kahaani"")","Ve Kamleya (From ""Rocky Aur Rani Kii Prem Kahaani"")",Pritam,"2,495",28.5,6294.0,9201752.0,68.0
Pray For Me,Pray For Me (with Kendrick Lamar),The Weeknd,"2,491",28.5,139420.0,28588643.0,71.0
p r i d e . i s . t h e . d e v i l (with Lil Baby),The Off-Season,J. Cole,"2,487",28.5,125205.0,14849325.0,65.0
Position,Prime,Franglish,"2,492",28.5,3922.0,6621845.0,73.0
Motley Crew,Motley Crew,Post Malone,"2,486",28.5,98593.0,24244488.0,66.0
"Sugarcane (Remix) [feat. King Promise, Mayorkun & Darkoo]","Sugarcane (Remix) [feat. King Promise, Mayorkun & Darkoo]",Camidoh,"2,498",28.4,24196.0,1963638.0,57.0
TOES (feat. Lil Baby & Moneybagg Yo),KIRK,DaBaby,"2,499",28.4,77636.0,12565087.0,60.0
10 Things I Hate About You,10 Things I Hate About You,Leah Kate,"2,496",28.4,38595.0,7419495.0,4.0
Lalala - Ilkan Gunuc Remix,Lalala (Ilkan Gunuc Remix),Y2K,"2,515",28.3,9377.0,3738275.0,49.0
Poco A Poco,Poco A Poco - Single,Xavi,"2,514",28.3,15570.0,15950378.0,82.0
Red Ruby Da Sleeze,Red Ruby Da Sleeze,Nicki Minaj,"2,504",28.3,25770.0,27326995.0,59.0
Mama,Mama,Jonas Blue,"2,509",28.3,89780.0,18075056.0,67.0
Self Care,Self Care,Mac Miller,"2,516",28.3,156992.0,21060151.0,70.0
Out of Time,The Highlights (Deluxe),The Weeknd,"2,507",28.3,78793.0,18239674.0,70.0
About You,Being Funny In a Foreign Language,The 1975,"2,506",28.3,48286.0,23268627.0,75.0
BED,BED,Joel Corry,"2,512",28.3,91401.0,37879799.0,66.0
23,23,Chayce Beckham,"2,511",28.3,52661.0,12543368.0,69.0
Remember,Club House,Becky Hill,"2,529",28.2,78241.0,59982572.0,67.0
Here's Your Perfect,Here's Your Perfect,Jamie Miller,"2,523",28.2,42598.0,8678739.0,69.0
Highs & Lows,Highs & Lows,Prinz,"2,530",28.2,19758.0,4733486.0,63.0
Halloween,Halloween,Blood Dance,"2,534",28.2,45.0,1692.0,2.0
Impossible,Impossible - Single,RIIZE,"2,533",28.2,987.0,16575491.0,69.0
El Rescate,El Rescate - Single,Grupo Marca Registrada,"2,528",28.2,34952.0,16586286.0,69.0
Mirame,Mirame - Single,Blessd,"2,532",28.2,1758.0,36846830.0,72.0
Pantysito,Pantysito,Alejo,"2,526",28.2,63085.0,23635638.0,66.0
brutal,SOUR,Olivia Rodrigo,"2,524",28.2,87550.0,20272841.0,73.0
Recognize (feat. Drake),PARTYNEXTDOOR TWO,PARTYNEXTDOOR,"2,531",28.2,58725.0,10964599.0,65.0
Lovefool,Lovefool,twocolors,"2,519",28.2,73161.0,29218709.0,62.0
MEMORIAS,Microdosis,Mora,"2,527",28.2,67125.0,16316500.0,70.0
JACKIE BROWN,WASTELAND,Brent Faiyaz,"2,542",28.1,57298.0,14371239.0,70.0
Never Going Home,Summer 2021,Kungs,"2,539",28.1,89224.0,17836102.0,63.0
Pacto (feat. Luar La L),Pacto (feat. Luar La L),Jay Wheeler,"2,547",28.1,19596.0,3713869.0,54.0
Daisy,Daisy,Ashnikko,"2,543",28.1,87580.0,20339605.0,63.0
Fast Forward,GAME PLAN,JEON SOMI,"2,556",28.0,9715.0,3943924.0,59.0
Stolen Dance,Die Ultimative Chartshow - Hits 2013,Milky Chance,"2,558",28.0,331171.0,51661945.0,76.0
Set Me Free Pt.2,Set Me Free Pt.2,Jimin,"2,554",28.0,12581.0,16368476.0,76.0
Azul,Colores,J Balvin,"2,557",28.0,60072.0,13255516.0,63.0
LOCATION,LOCATION,KAROL G,"2,551",28.0,36130.0,7600107.0,50.0
Terminator,Terminator,King Promise,"2,559",28.0,8723.0,6659055.0,58.0
Snowman,Snowman,Sia,"2,561",28.0,123852.0,25500657.0,69.0
Hurricane,Donda,Kanye West,"2,549",28.0,108795.0,16231758.0,62.0
Rumah Singgah,Rumah Singgah,Fabio Asher,"2,550",28.0,13095.0,3228030.0,67.0
Strip That Down (feat. Quavo),Strip That Down,Liam Payne,"2,560",28.0,86051.0,18285158.0,63.0
Lost in the Fire (feat. The Weeknd),Lost in the Fire (feat. The Weeknd),Gesaffelstein,"2,564",27.9,158437.0,56718950.0,75.0
The Man He Sees in Me,The Man He Sees in Me,Luke Combs,"2,569",27.9,766.0,17968556.0,71.0
Dilemma,Nellyville (Explicit Version),Nelly,"2,573",27.9,170136.0,65334656.0,74.0
My wrist (with Young Thug),My wrist (with Young Thug),Yeat,"2,572",27.9,32703.0,6521059.0,64.0
GigaChad Theme - Phonk House Version,GigaChad Theme (Phonk House Version),g3ox_em,"2,571",27.9,45283.0,24157482.0,69.0
Words (feat. Zara Larsson),Words (feat. Zara Larsson),Alesso,"2,563",27.9,58627.0,45560940.0,72.0
Bombonzinho - Ao Vivo,Bombonzinho (Ao Vivo),Israel & Rodolffo,"2,576",27.9,21379.0,13592125.0,61.0
Mil Preguntas,Mil Preguntas - Single,The La Planta,"2,567",27.9,2367.0,8527648.0,70.0
Bejeweled,Midnights,Taylor Swift,"2,577",27.8,32472.0,22834672.0,71.0
That Girl,That Girl,Amrinder Gill,"2,582",27.8,234.0,2317956.0,62.0
FERXXO 151,FERXXO 151,Feid,"2,587",27.8,23959.0,10822808.0,64.0
Young And Beautiful,Music From Baz Luhrmann's Film The Great Gatsby,Lana Del Rey,"2,586",27.8,158078.0,59355964.0,80.0
United In Grief,Mr. Morale & The Big Steppers,Kendrick Lamar,"2,578",27.8,81509.0,7710812.0,71.0
La Vida Sin Ti,La Vida Sin Ti,Rels B,"2,581",27.8,3367.0,20131086.0,74.0
FREAK,YUQ1,YUQI,"2,604",27.7,918.0,11306595.0,66.0
Casa Mia,Casa Mia,Ghali,"2,607",27.7,3119.0,3112859.0,74.0
Opp Stoppa (feat. 21 Savage),Opp Stoppa (feat. 21 Savage),YBN Nahmir,"2,603",27.7,80591.0,7682255.0,64.0
Mary On A Cross,Seven Inches Of Satanic Panic,Ghost,"2,594",27.7,130464.0,19387390.0,71.0
Go Fuck Yourself,First Steps,Two Feet,"2,591",27.7,160382.0,29032760.0,68.0
Antidepresan,Antidepresan,Mert Demir,"2,605",27.7,25648.0,5961079.0,62.0
Rise,Rise,Jonas Blue,"2,592",27.7,93636.0,18157143.0,64.0
Summertime Sadness,Born To Die (Deluxe Version),Lana Del Rey,"2,606",27.7,204954.0,53282968.0,79.0
8:00 AM,8:00 AM,Nicki Nicole,"2,601",27.7,20671.0,8011051.0,63.0
PICK IT UP (feat. A$AP Rocky),Pick It Up (feat. A$AP Rocky),Famous Dex,"2,595",27.7,47818.0,8308985.0,58.0
Double Fantasy (with Future),Double Fantasy,The Weeknd,"2,597",27.7,36631.0,14272823.0,66.0
Fisherrr,Fisherrr - Single,Cash Cobain,"2,598",27.7,2816.0,3862691.0,28.0
Thank You for Being You,Thank You for Being You,OctaSounds,"2,602",27.7,739.0,35130.0,43.0
Wild as Her,Wild as Her,Corey Kent,"2,614",27.6,32769.0,6038439.0,66.0
Beautiful (feat. Camila Cabello),Beautiful (feat. Camila Cabello),Bazzi,"2,611",27.6,55335.0,17510051.0,66.0
Summertime Sadness (Sped Up),Summertime Sadness (Sped Up),Lana Del Rey,"2,613",27.6,10765.0,7466559.0,59.0
Ignorantes,Ignorantes,Bad Bunny,"2,618",27.6,88857.0,22055975.0,62.0
Break Free,Pop Party 13,Ariana Grande,"2,610",27.6,96199.0,41829450.0,70.0
Risk,Risk,Gracie Abrams,"2,617",27.6,2686.0,35162711.0,78.0
"Nathy Peluso: Bzrp Music Sessions, Vol. 36","Nathy Peluso: Bzrp Music Sessions, Vol. 36",Bizarrap,"2,615",27.6,54422.0,8157305.0,61.0
Acapulco,Acapulco,Jason Derulo,"2,608",27.6,67318.0,33339871.0,65.0
GHOST TOWN,GHOST TOWN,Benson Boone,"2,612",27.6,65369.0,34887197.0,66.0
Only Human,Happiness Begins,Jonas Brothers,"2,634",27.5,58919.0,15436258.0,65.0
Daddy Issues,Wiped Out!,The Neighbourhood,"2,627",27.5,239555.0,84147867.0,80.0
Raining In Manila,Raining In Manila,Lola Amour,"2,633",27.5,11506.0,4813121.0,63.0
"Feels (feat. Pharrell Williams, Katy Perry & Big Sean)",Feels,Calvin Harris,"2,626",27.5,153725.0,45935052.0,70.0
Tu Aake Dekhle,The Carnival,King,"2,629",27.5,33664.0,5963459.0,69.0
Nice to Meet You,Nice to Meet You,Imagine Dragons,"2,623",27.5,1446.0,39911356.0,75.0
Verte Ir,Verte Ir,DJ Luian,"2,622",27.5,65928.0,18945081.0,64.0
Pink + White,Blonde,Frank Ocean,"2,642",27.4,228950.0,71708447.0,83.0
Mother,Takin' It Back (Deluxe),Meghan Trainor,"2,640",27.4,12390.0,2274976.0,57.0
Space Song,Depression Cherry,Beach House,"2,646",27.4,261122.0,71073470.0,73.0
OKAY,OKAY (Versions),JT,"2,641",27.4,1966.0,36576049.0,65.0
Chill Bill,The RCA-List (Vol. 2),Rob $tone,"2,649",27.4,155472.0,20340958.0,70.0
My Way,My Way,Calvin Harris,"2,636",27.4,132592.0,41964503.0,73.0
Big City Life,Big City Life,Luude,"2,653",27.4,71547.0,13471679.0,65.0
'Till I Collapse,The Eminem Show,Eminem,"2,651",27.4,282888.0,74055843.0,79.0
No Hands (feat. Roscoe Dash & Wale),No Hands (feat. Roscoe Dash & Wale),Waka Flocka Flame,"2,655",27.4,113043.0,31739594.0,71.0
Jumbotron Shit Poppin,Her Loss,Drake,"2,635",27.4,44782.0,4407877.0,62.0
La Nota,La Nota,Manuel Turizo,"2,648",27.4,80872.0,37192436.0,64.0
UNFORGIVEN (feat. Nile Rodgers),UNFORGIVEN,LE SSERAFIM,"2,639",27.4,18262.0,11833709.0,70.0
Elini Ver,Elini Ver,Amo988,"2,637",27.4,639.0,5601320.0,72.0
Sex Music,Sex Music,Tank,"2,638",27.4,920.0,403273.0,30.0
Porfa,Porfa,Feid,"2,661",27.3,62515.0,16214167.0,65.0
P power (feat. Drake),DRIP SEASON 4EVER,Gunna,"2,671",27.3,91786.0,17784294.0,69.0
"A ver, a ver - Ric Piccolo Edit","A ver, a ver (Ric Piccolo Edit)",Donald,"2,666",27.3,531.0,98875.0,10.0
Fight Song,Fight Song,Rachel Platten,"2,670",27.3,92326.0,47254001.0,69.0
South of the Border (feat. Camila Cabello & Cardi B),South of the Border (feat. Camila Cabello & Cardi B),Ed Sheeran,"2,665",27.3,69032.0,29531913.0,67.0
Losing It,Losing It,FISHER,"2,668",27.3,213614.0,31880596.0,67.0
MATHEMATICAL DISRESPECT,MATHEMATICAL DISRESPECT,Lil Mabu,"2,657",27.3,39238.0,3356524.0,62.0
Swervin (feat. 6ix9ine),Hoodie SZN,A Boogie Wit da Hoodie,"2,660",27.3,140617.0,18381330.0,66.0
Dick (feat. Doja Cat),Dick (feat. Doja Cat),StarBoi3,"2,669",27.3,55580.0,12451213.0,61.0
Perfect Strangers,Perfect Strangers,Jonas Blue,"2,664",27.3,113716.0,28088689.0,69.0
Hey Brother,TRUE,Avicii,"2,663",27.3,168666.0,43769189.0,72.0
Yet To Come,Proof,BTS,"2,656",27.3,16095.0,22964291.0,64.0
Girlfriend,The Second Wave (Deluxe),Ruger,"2,691",27.2,18344.0,1864537.0,16.0
WATATI (feat. Aldo Ranks) [From Barbie The Album],WATATI (feat. Aldo Ranks) [From Barbie The Album],KAROL G,"2,680",27.2,10333.0,11971076.0,62.0
Always,NEVER ENOUGH,Daniel Caesar,"2,688",27.2,40049.0,16537367.0,74.0
YKWIM?,Bipolar,Yot Club,"2,681",27.2,147651.0,25369800.0,75.0
Damage,Damage,H.E.R.,"2,686",27.2,24791.0,8314569.0,53.0
Rags2Riches 2 (feat. Lil Baby),Pray 4 Love (Deluxe),Rod Wave,"2,687",27.2,65190.0,11346495.0,61.0
Bellyache,Bellyache,Billie Eilish,"2,679",27.2,101445.0,18858886.0,73.0
No Wahala,No Wahala,1da Banton,"2,685",27.2,66808.0,4409868.0,63.0
Wait a Minute!,ARDIPITHECUS,WILLOW,"2,678",27.2,220073.0,41752381.0,73.0
HONEY BEES,HONEY BEES - Single,Hachi,"2,675",27.2,229.0,2853.0,29.0
Gypsy,Gypsy,G.D. Kaur,"2,682",27.2,4708.0,1055037.0,3.0
Ojos Marrones,Ojos Marrones,Lasso,"2,690",27.2,33800.0,12228512.0,68.0
WASTE,DISORDER,Kxllswxtch,"2,684",27.2,64633.0,11550020.0,72.0
512,Primer Dia de Clases,Mora,"2,674",27.2,85784.0,28617350.0,70.0
Little Things x Gypsy Woman - L BEATS MASHUP,Little Things x Gypsy Woman (L BEATS MASHUP),Jorja Smith,"2,677",27.2,39465.0,44425341.0,71.0
Arranca (feat. Omega),Arranca (feat. Omega),Becky G,"2,699",27.1,23604.0,23467570.0,66.0
The Family Madrigal,Encanto (Original Motion Picture Soundtrack),Stephanie Beatriz,"2,698",27.1,22687.0,11527473.0,63.0
Hasta Abajo,Hasta Abajo,KEVIN ROLDAN,"2,702",27.1,62939.0,11576619.0,64.0
I'm the One,EPIC AF,DJ Khaled,"2,704",27.1,122763.0,29582588.0,67.0
Typa Girl,BORN PINK,BLACKPINK,"2,697",27.1,20864.0,10226449.0,66.0
Ayy Macarena,Ayy Macarena,Tyga,"2,703",27.1,106485.0,11727622.0,61.0
ELA PIROU NA DODGE RAM,ELA PIROU NA DODGE RAM - Single,Luan Pereira,"2,692",27.1,13028.0,12083352.0,17.0
Party In The U.S.A.,The Time Of Our Lives (International Version),Miley Cyrus,"2,695",27.1,210519.0,147125974.0,76.0
Wet Dreamz,2014 Forest Hills Drive,J. Cole,"2,724",27.0,247570.0,43778928.0,76.0
Next Level,Next Level,aespa,"2,715",27.0,26925.0,9940497.0,68.0
Whiskey Glasses,The Way I Talk,Morgan Wallen,"2,712",27.0,86002.0,17665355.0,75.0
Esta Vida,Esta Vida - Single,Marshmello,"2,719",27.0,23027.0,26530704.0,61.0
Dusk Till Dawn - Radio Edit,Dusk Till Dawn (Radio Edit),ZAYN,"2,710",27.0,177653.0,44326008.0,75.0
Shotta Flow [Remix],Shotta Flow (feat. Blueface) [Remix],NLE Choppa,"2,720",27.0,114433.0,11312277.0,21.0
Bolide allemand,Liens du 100,SDM,"2,711",27.0,33014.0,4883069.0,68.0
Amor Tumbado,Mi Nuevo Yo,Natanael Cano,"2,706",27.0,39980.0,7003058.0,73.0
New Gold (feat. Tame Impala and Bootie Brown),New Gold (feat. Tame Impala and Bootie Brown),Gorillaz,"2,723",27.0,62013.0,13710934.0,60.0
Don't Mind,EPIC AF,Kent Jones,"2,725",27.0,59100.0,10161185.0,59.0
Dientes,Dientes,J Balvin,"2,721",27.0,13808.0,12799845.0,4.0
Look Alive (feat. Drake),Look Alive (feat. Drake),BlocBoy JB,"2,717",27.0,140455.0,29753134.0,63.0
Midnight Rain,Midnights,Taylor Swift,"2,714",27.0,36730.0,23499391.0,72.0
"Lagdi Lahore Di (From ""Street Dancer 3D"")","Lagdi Lahore Di (From ""Street Dancer 3D"")",Guru Randhawa,"2,713",27.0,8311.0,4416840.0,61.0
Boo'd Up,Ella Mai,Ella Mai,"2,726",27.0,9749.0,2909695.0,53.0
Buttabomma - Telugu,"Buttabomma (From ""Ala Vaikunthapurramuloo"") - Single",Armaan Malik,"2,722",27.0,8924.0,2240190.0,56.0
Burn It Down,Never Enough,Parker McCollum,"2,737",26.9,7018.0,6690589.0,65.0
Tu Fan,tu fan,mafalda cardenal,"2,735",26.9,8193.0,4692658.0,66.0
Whole Lotta Choppas,Whole Lotta Choppas,Sada Baby,"2,731",26.9,16559.0,2391593.0,45.0
Galaxy Express,Galaxy Express - Single,D Gerrard,"2,732",26.9,1513.0,1465628.0,61.0
Skate,Skate,Bruno Mars,"2,733",26.9,70726.0,16159530.0,63.0
Mercy,Mercy,Shawn Mendes,"2,727",26.9,114379.0,33997882.0,74.0
Dame Tu Cosita (feat. Cutty Ranks),Dame Tu Cosita,El Chombo,"2,729",26.9,11423.0,1899926.0,54.0
Enemy - from the series Arcane League of Legends,Enemy (from the series Arcane League of Legends),Imagine Dragons,"2,728",26.9,57092.0,6389142.0,65.0
Dear John,End of the World,Wild Child,"2,730",26.9,152.0,7172.0,21.0
Mount Everest,Mount Everest,Labrinth,"2,734",26.9,128472.0,33056872.0,72.0
This Is The Life,This Is The Life,LIZOT,"2,750",26.8,23003.0,14286816.0,71.0
Homicide (feat. Eminem),Homicide,Logic,"2,751",26.8,102549.0,19459269.0,64.0
More Than My Hometown,More Than My Hometown,Morgan Wallen,"2,755",26.8,55067.0,8724047.0,74.0
Work Out,Work Out,J. Cole,"2,740",26.8,199078.0,33681550.0,76.0
Fall In Love Alone,Fall In Love Alone,Stacey Ryan,"2,746",26.8,28158.0,11808223.0,66.0
Plain Jane,Plain Jane,A$AP Ferg,"2,752",26.8,146447.0,26777778.0,65.0
ORANGE SODA,ORANGE SODA,Baby Keem,"2,745",26.8,183862.0,33470385.0,73.0
Clap For 'Em (feat. Flo Milli & Sada Baby),Clap For 'Em (feat. Flo Milli & Sada Baby),YungManny,"2,753",26.8,6881.0,1871089.0,40.0
Righteous,Righteous,Juice WRLD,"2,749",26.8,108088.0,18837961.0,64.0
Casei Com a Putaria,Casei Com a Putaria,Mc Paiva ZS,"2,748",26.8,31242.0,9239751.0,63.0
9mm,Memphis Cult Vol. 6,Memphis Cult,"2,754",26.8,34124.0,27264746.0,4.0
SOLO - Live,BLACKPINK 2018 TOUR 'IN YOUR AREA' SEOUL (Live),BLACKPINK,"2,741",26.8,428.0,185336.0,26.0
Envy Me,Envy Me,Calboy,"2,759",26.7,86600.0,11849689.0,58.0
vendetta!,vendetta!,MUPP,"2,773",26.7,77387.0,27153082.0,68.0
I'll Be Waiting,I'll Be Waiting,Cian Ducrot,"2,756",26.7,41058.0,8054809.0,62.0
Admirin' You (feat. Preston Pablo),Admirin' You (feat. Preston Pablo),Karan Aujla,"2,760",26.7,11146.0,3310108.0,63.0
Untitled #13,Untitled #13,Glwzbll,"2,757",26.7,12908.0,2414592.0,58.0
Roses (with Juice WRLD feat. Brendon Urie),Roses (with Juice WRLD feat. Brendon Urie),benny blanco,"2,772",26.7,74084.0,11532863.0,57.0
BANZAI!,BANZAI!,Kazuo,"2,769",26.7,91.0,607.0,10.0
One Thing Right,One Thing Right (feat. Kane Brown),Marshmello,"2,763",26.7,69335.0,15972797.0,65.0
Wildest Dreams,1989 (Deluxe),Taylor Swift,"2,771",26.7,102916.0,33415141.0,70.0
What About Us,What About Us,P!nk,"2,765",26.7,79260.0,39889584.0,70.0
On The Floor,VTM Kzoom Hits Best Of 2011,Jennifer Lopez,"2,768",26.7,89265.0,34214641.0,69.0
"Taki Taki (with Selena Gomez, Ozuna & Cardi B)","Taki Taki (with Selena Gomez, Ozuna & Cardi B)",DJ Snake,"2,766",26.7,133300.0,51381606.0,66.0
Captain Hook,Suga,Megan Thee Stallion,"2,787",26.6,27343.0,10046715.0,59.0
Time Today,Time Today,Moneybagg Yo,"2,785",26.6,61218.0,9916175.0,65.0
Hold Me While You Wait,Hold Me While You Wait,Lewis Capaldi,"2,790",26.6,99106.0,36201454.0,70.0
messy in heaven,messy in heaven,venbee,"2,779",26.6,45503.0,9878550.0,59.0
Maquillaje,Maquillaje - Single,Renn,"2,776",26.6,6751.0,23980309.0,76.0
Coming for You (feat. A1 x J1),Coming for You (feat. A1 x J1),SwitchOTR,"2,786",26.6,75491.0,4711796.0,56.0
Apaga El Cel,Apaga El Cel,Calle 24,"2,778",26.6,6115.0,16399686.0,82.0
Leave Me Alone,Leave Me Alone,Flipp Dinero,"2,782",26.6,122266.0,17925064.0,62.0
Rolling in the Deep - Acapella,Rolling In The Deep,Adele,"2,800",26.5,1580.0,217023.0,36.0
In My Head,In My Head,Lil Tjay,"2,804",26.5,82335.0,8632456.0,63.0
Plan A,Plan A,Paulo Londra,"2,808",26.5,45154.0,6010438.0,58.0
Thrift Shop (feat. Wanz),The Heist,Macklemore & Ryan Lewis,"2,795",26.5,8351.0,1645328.0,46.0
River,River,Bishop Briggs,"2,805",26.5,93449.0,17009946.0,68.0
Dil Diyan Gallan,Tiger Zinda Hai (Original),Atif Aslam,"2,801",26.5,20958.0,11366583.0,65.0
Little Bit of Love,Little Bit of Love,Tom Grennan,"2,810",26.5,60436.0,21604450.0,62.0
I Knew You Were Trouble.,I Knew You Were Trouble.,Taylor Swift,"2,809",26.5,110606.0,35486997.0,72.0
The Real Slim Shady,The Source Hip-Hop Hits Vol. 4,Eminem,"2,796",26.5,352947.0,75283550.0,81.0
Left and Right (Charlie Puth) [feat. Jung Kook of BTS] - Sped Up Version,Left and Right (Charlie Puth) [feat. Jung Kook of BTS] [Sped Up Version],sped up nightcore,"2,807",26.5,807.0,484998.0,27.0
Save Me,Save Me,Jelly Roll,"2,799",26.5,26295.0,1211007.0,65.0
Ni Me Debes Ni Te Debo,Colmillo De Leche,Carin Leon,"2,797",26.5,9329.0,6528413.0,52.0
Ya No Vuelvas,Ya No Vuelvas,Luck Ra,"2,816",26.4,4519.0,1778008.0,51.0
Scared To Be Lonely,Dua Lipa (Complete Edition),Martin Garrix,"2,815",26.4,131909.0,46601399.0,73.0
21,THE GOAT,Polo G,"2,814",26.4,134529.0,11500707.0,67.0
I Gotta Feeling,The E.N.D. (The Energy Never Dies),Black Eyed Peas,"2,817",26.4,306620.0,108479481.0,76.0
NOSTYLIST,NO STYLIST,Destroy Lonely,"2,818",26.4,55772.0,4769511.0,63.0
Respect (2021 Remaster),The Genius of Aretha Franklin,Aretha Franklin,"2,812",26.4,158.0,18327.0,20.0
SO DONE,SO DONE,The Kid LAROI,"2,820",26.4,95178.0,8705363.0,62.0
The Boat Beat,The Boat Beat,Ricky Desktop,"2,813",26.4,3177.0,474041.0,33.0
No Es Justo,No Es Justo,J Balvin,"2,835",26.3,55176.0,15983158.0,64.0
New Jeans,NewJeans 'Super Shy',NewJeans,"2,840",26.3,22593.0,5131270.0,73.0
WANNABE,IT'z ME,ITZY,"2,825",26.3,29751.0,5840656.0,66.0
Champagne Poetry,Certified Lover Boy,Drake,"2,836",26.3,99705.0,14089454.0,66.0
Imitadora,Imitadora,Romeo Santos,"2,823",26.3,47427.0,13586022.0,73.0
20 Min,Luv Is Rage 2 (Deluxe),Lil Uzi Vert,"2,830",26.3,224587.0,27766092.0,77.0
Om Jai Jagdish Hare,The Bhajan Project 2,Shivali,"2,824",26.3,7.0,75.0,8.0
Ya No Tiene Novio,Ya No Tiene Novio,Sebastian Yatra,"2,834",26.3,32115.0,14298721.0,63.0
Your Power,Your Power,Billie Eilish,"2,838",26.3,79149.0,22567177.0,68.0
N'y pense plus,N'y pense plus,Tayc,"2,833",26.3,60714.0,3538535.0,63.0
Where You Are,Where You Are,John Summit,"2,822",26.3,41625.0,65080812.0,71.0
Scream & Shout,Scream & Shout,will.i.am,"2,821",26.3,177756.0,49961171.0,72.0
Princess Diana (with Nicki Minaj),Princess Diana (with Nicki Minaj),Ice Spice,"2,829",26.3,34862.0,34947789.0,67.0
This Is Me,This Is Me,Keala Settle,"2,852",26.2,80591.0,19776253.0,66.0
QUE PRETENDES,OASIS,J Balvin,"2,849",26.2,85661.0,29532086.0,71.0
The Chicken Wing Beat,The Chicken Wing Beat,Ricky Desktop,"2,842",26.2,13060.0,1293542.0,60.0
Rim Tim Tagi Dim,Rim Tim Tagi Dim,Baby Lasagna,"2,848",26.2,4003.0,4119043.0,75.0
Baila Baila Baila,Baila Baila Baila,Ozuna,"2,845",26.2,71108.0,14798709.0,64.0
Ms. Jackson,Ms. Jackson,Pashanim,"2,847",26.2,31859.0,7752540.0,69.0
Happier (feat. Clementine Douglas),Happier (feat. Clementine Douglas) - Single,The Blessed Madonna,"2,846",26.2,5012.0,42546998.0,71.0
Rhyme Dust,Rhyme Dust,MK,"2,843",26.2,44035.0,62486297.0,65.0
Tu Foto,Tu Foto,Q' Lokura,"2,869",26.1,925.0,8931821.0,69.0
Loco,Loco,Justin Quiles,"2,864",26.1,80390.0,22262789.0,61.0
Siempre Pendientes,Siempre Pendientes,Peso Pluma,"2,865",26.1,34865.0,14461323.0,69.0
Slut Me Out,Slut Me Out - Single,NLE Choppa,"2,867",26.1,72540.0,23493477.0,67.0
A Tu Merced,YHLQMDLG,Bad Bunny,"2,856",26.1,94041.0,20880365.0,70.0
Cake By The Ocean,Pop Music Best Hit 2012-16's VOL18,DNCE,"2,863",26.1,181003.0,87263572.0,76.0
Exchange,T R A P S O U L,Bryson Tiller,"2,857",26.1,135409.0,50477248.0,76.0
Wasted Love (feat. Lagique),Wasted Love (feat. Lagique),Ofenbach,"2,868",26.1,66419.0,24104595.0,61.0
She Got the Best of Me,This One's for You Too (Deluxe Edition),Luke Combs,"2,862",26.1,58161.0,18234682.0,79.0
Y Si Se Quiere Ir,Y Si Se Quiere Ir,"Luis Angel ""El Flaco""","2,866",26.1,10233.0,6570771.0,39.0
Camelot,Camelot,NLE Choppa,"2,854",26.1,117513.0,15086606.0,69.0
Step Back!,Step Back!,1nonly,"2,860",26.1,48250.0,16940138.0,68.0
UK Rap,Split Decision,Dave,"2,882",26.0,42998.0,15708278.0,67.0
Mi Cama,Mi Cama,KAROL G,"2,881",26.0,21036.0,7372736.0,57.0
Always This Same Old Song,Better Lucky Than Beautiful,Bingo Club,"2,879",26.0,27.0,527.0,15.0
True Love,True Love,Kanye West,"2,884",26.0,84173.0,16979097.0,70.0
La Triple T,La Triple T,TINI,"2,877",26.0,27965.0,12696928.0,58.0
Car's Outside,YOU,James Arthur,"2,876",26.0,64098.0,29245701.0,76.0
Paradise,Mylo Xyloto,Coldplay,"2,873",26.0,205567.0,85747045.0,77.0
Vamos Aclarando Muchas Cosas - En Vivo,Vamos Aclarando Muchas Cosas (En Vivo),Codiciado,"2,887",26.0,15952.0,3101333.0,65.0
Peru,#NAME?,Fireboy DML,"2,880",26.0,82524.0,14617198.0,62.0
Just Pretend,THE DEATH OF PEACE OF MIND,Bad Omens,"2,872",26.0,54470.0,8885780.0,71.0
Glorious (feat. Skylar Grey),Glorious (feat. Skylar Grey),Macklemore,"2,878",26.0,111427.0,17437639.0,72.0
Delicate,reputation,Taylor Swift,"2,885",26.0,58856.0,33732271.0,75.0
"No Me Conocen (Remix) [con DUKI, Rei & Tiago PZK]","No Me Conocen (Remix) [con DUKI, Rei & Tiago PZK]",BANDIDO,"2,892",25.9,47164.0,7286295.0,59.0
Ni**as In Paris,Watch the Throne (Deluxe),JAY-Z,"2,899",25.9,296520.0,56557390.0,76.0
Be My Lover (feat. La Bouche) - 2023 Mix,Be My Lover (feat. La Bouche) [2023 Mix],Hypaton,"2,893",25.9,38192.0,48561484.0,74.0
On The Radar Freestyle,On The Radar Freestyle,Drake,"2,894",25.9,34804.0,13487736.0,62.0
Forever (feat. Fridayy),It's Only Me,Lil Baby,"2,906",25.9,43236.0,7266342.0,61.0
Reminder,Starboy,The Weeknd,"2,890",25.9,125348.0,27076169.0,77.0
icantbelieveiletyougetaway,icantbelieveiletyougetaway,aldn,"2,896",25.9,520.0,4539512.0,63.0
Yo No Soy Celoso,Un Verano Sin Ti,Bad Bunny,"2,901",25.9,49381.0,6786167.0,68.0
Head Shoulders Knees & Toes (feat. Norma Jean Martine),Head Shoulders Knees & Toes (feat. Norma Jean Martine),Ofenbach,"2,909",25.9,91322.0,17073985.0,65.0
JEALOUSY (feat. Cardi B),JEALOUSY (feat. Cardi B),Offset,"2,907",25.9,20289.0,18874374.0,56.0
Clash (feat. Stormzy),Clash (feat. Stormzy),Dave,"2,898",25.9,109634.0,9288222.0,61.0
Salt,Salt (The Remixes),Ava Max,"2,891",25.9,56080.0,8025213.0,62.0
Fire On Fire,Fire On Fire,Sam Smith,"2,900",25.9,85430.0,22166821.0,70.0
Shoong! (feat. LISA of BLACKPINK),Down to Earth,TAEYANG,"2,903",25.9,14231.0,5565204.0,61.0
"Leave Em Alone (Layton Greene, Lil Baby feat. City Girls, PnB Rock)",Leave Em Alone (with Lil Baby & City Girls feat. PnB Rock),Quality Control,"2,931",25.8,49483.0,7561353.0,58.0
Boyz In Paris (with VINAI),Boyz In Paris (with VINAI),Marnik,"2,919",25.8,28764.0,62770976.0,73.0
3 Nights,"Don't Forget About Me, Demos",Dominic Fike,"2,929",25.8,170786.0,42953760.0,73.0
Ngozi,Trench to Triumph,Crayon,"2,928",25.8,11373.0,7780743.0,65.0
July,July,Noah Cyrus,"2,927",25.8,115565.0,34759006.0,80.0
Perro Fiel (feat. Nicky Jam),El Dorado,Shakira,"2,911",25.8,36243.0,15506067.0,62.0
Andamos Mejor,Andamos Mejor,Los Gemelos De Sinaloa,"2,930",25.8,22379.0,7376777.0,63.0
Drag Me Down,Drag Me Down,One Direction,"2,921",25.8,110189.0,62083784.0,76.0
Tu Turrito,Tu Turrito,Rei,"2,918",25.8,26770.0,6270168.0,57.0
Meet Me At Our Spot,THE ANXIETY,THE ANXIETY,"2,923",25.8,136864.0,31328182.0,69.0
Get Off The Wall,Get Off The Wall,Philly Goats,"2,926",25.8,2776.0,1823591.0,43.0
It'll Be Okay,It'll Be Okay,Shawn Mendes,"2,925",25.8,61117.0,28999986.0,65.0
Stereo Hearts (feat. Adam Levine),Megahits 2012 - Die Erste,Gym Class Heroes,"2,916",25.8,240081.0,51289471.0,74.0
Tuesday (feat. Drake),Tuesday (feat. Drake),ILOVEMAKONNEN,"2,912",25.8,50948.0,9808482.0,56.0
Killshot,Killshot,Eminem,"2,920",25.8,67750.0,12353206.0,66.0
Drama (feat. Drake),Exis,Roy Woods,"2,932",25.7,86867.0,18364841.0,64.0
Entre Nosotros,Entre Nosotros,Tiago PZK,"2,935",25.7,65462.0,8388402.0,63.0
Lucky You (feat. Joyner Lucas),Kamikaze,Eminem,"2,944",25.7,98164.0,26325717.0,68.0
Bandana,Bandana,Fireboy DML,"2,934",25.7,31855.0,4511954.0,63.0
the perfect pair,Beatopia,beabadoobee,"2,936",25.7,56091.0,10688364.0,72.0
F.N.F. (Let's Go),F.N.F. (Let's Go) - Single,Hitkidd,"2,948",25.7,16340.0,2772856.0,54.0
Falling Angel,Falling Angel,HCTM,"2,942",25.7,79.0,42003.0,14.0
Sofia,Sofia,Clairo,"2,946",25.7,143829.0,36926488.0,74.0
Speed Drive (From Barbie The Album),Speed Drive (From Barbie The Album),Charli xcx,"2,943",25.7,22763.0,17412929.0,67.0
Forever,Euphoria (Original Score from the HBO Series),Labrinth,"2,949",25.7,74664.0,17317980.0,62.0
SLUT ME OUT 2,SLUT ME OUT 2,NLE Choppa,"2,947",25.7,2617.0,7228064.0,72.0
He Ya Pyar Sajena,He Ya Pyar Sajena,TOADI,"2,941",25.7,3.0,20.0,1.0
Silent Hill,Mr. Morale & The Big Steppers,Kendrick Lamar,"2,933",25.7,63279.0,7054692.0,63.0
The Autotrem 1.0,The Autotrem 1.0 - Single,DJ RICK 013,"2,950",25.7,10088.0,13570884.0,63.0
Revenge,Revenge,XXXTENTACION,"2,955",25.6,13248.0,2447818.0,53.0
Spring Snow,"Lovely Runner, Pt. 8 (Original Soundtrack)",10CM,"2,968",25.6,1180.0,12952009.0,73.0
Tshwala Bam (feat. S.N.E) - Remix,Tshwala Bam (feat. S.N.E) [Remix],TitoM,"2,957",25.6,1818.0,13699750.0,75.0
21 Reasons (feat. Ella Henderson),21 Reasons (feat. Ella Henderson),Nathan Dawe,"2,964",25.6,49204.0,75701853.0,70.0
Yeshua (dance cruise),YESHUA (dance cruise) - Single,Dj Bentoa,"2,975",25.6,2741.0,77751.0,3.0
Rojo,Rojo,J Balvin,"2,970",25.6,69772.0,18110265.0,68.0
Wonder,Wonder,Shawn Mendes,"2,965",25.6,70162.0,30030265.0,63.0
Midnight City,"Hurry Up, We're Dreaming",M83,"2,954",25.6,260318.0,54789811.0,72.0
Better Together,What You See Is What You Get,Luke Combs,"2,953",25.6,49050.0,9648670.0,69.0
Sal y Perrea,42,Sech,"2,952",25.6,49242.0,13991180.0,57.0
drunk text,drunk text,Henry Moodie,"2,961",25.6,21346.0,34578100.0,81.0
Ginza,Ginza,J Balvin,"2,974",25.6,64734.0,21473531.0,70.0
Hari Hari Odhani,Hari Hari Odhani,Pawan Singh,"2,960",25.6,954.0,297281.0,58.0
AM Remix,AM Remix,Nio Garcia,"2,956",25.6,91249.0,39134041.0,66.0
Baby Me Atende,Baby Me Atende,Matheus Fernandes,"2,951",25.6,26029.0,9231717.0,50.0
Hello Koun,Hello Koun,Ritesh Pandey,"2,972",25.6,178.0,28394.0,18.0
La Jeepeta,La Jeepeta,Nio Garcia,"2,958",25.6,17494.0,2936226.0,45.0
Jumpman,What A Time To Be Alive,Drake,"2,994",25.5,115960.0,29602345.0,64.0
die,die,lucidbeatz,"2,991",25.5,5564.0,1998350.0,61.0
Late At Night,Late At Night,Roddy Ricch,"2,990",25.5,97161.0,10116206.0,56.0
Dancing in My Room,Dancing in My Room,347aidan,"2,976",25.5,86549.0,11975787.0,61.0
Wild Ones (feat. Sia),Good Feeling EP,Flo Rida,"2,983",25.5,144242.0,105513240.0,76.0
Heartless (feat. Morgan Wallen),Heartless (feat. Morgan Wallen),Diplo,"2,977",25.5,58410.0,13060330.0,77.0
CAKE,KILL MY DOUBT,ITZY,"2,981",25.5,7423.0,2784630.0,62.0
I AM WOMAN,I AM WOMAN,Emmy Meli,"2,993",25.5,57742.0,17194990.0,62.0
Personal,Talk To Ya - EP,HRVY,"2,987",25.5,33163.0,7584060.0,58.0
Lionheart (Fearless),Lionheart (Fearless),Joel Corry,"2,985",25.5,19914.0,24272196.0,62.0
Nevermind,Nevermind,Dennis Lloyd,"2,980",25.5,159175.0,41317887.0,72.0
Dale Don Dale,Dale Don Dale,ElMusto,"2,978",25.5,745.0,4805106.0,71.0
Slow Hands,Slow Hands,Niall Horan,"2,989",25.5,75100.0,29425699.0,70.0
I Wrote The Book,3 Songs At A Time Sampler,Morgan Wallen,"2,984",25.5,23619.0,2972229.0,64.0
It's Plenty,"Love, Damini",Burna Boy,"3,000",25.4,52025.0,5536233.0,62.0
Magnolia,Playboi Carti,Playboi Carti,"3,002",25.4,187620.0,29767336.0,73.0
Moletom,MOLETOM - Single,Luan Pereira,"3,004",25.4,9634.0,9093959.0,39.0
Hot N Cold,NOW 29,Katy Perry,"2,998",25.4,154757.0,77671100.0,69.0
Matilda,Harry's House,Harry Styles,"3,003",25.4,64618.0,37636137.0,72.0
Why'd You Only Call Me When You're High?,Why''d You Only Call Me When You''re High?,Arctic Monkeys,"3,008",25.4,272010.0,71727595.0,80.0
Beauty And A Beat,Believe,Justin Bieber,"3,001",25.4,123017.0,55637959.0,74.0
GIRL LIKE ME,Translation,Black Eyed Peas,"2,996",25.4,818.0,139276.0,29.0
Khalasi | Coke Studio Bharat,Khalasi | Coke Studio Bharat,Aditya Gadhvi,"2,995",25.4,6003.0,1405864.0,59.0
Never Be the Same,Never Be the Same,Camila Cabello,"2,997",25.4,66559.0,20300133.0,71.0
If I Can't Have You,Shawn Mendes (Deluxe),Shawn Mendes,"3,007",25.4,82046.0,26967760.0,67.0
Chica Ideal,Chica Ideal,Sebastian Yatra,"3,009",25.4,54042.0,14455796.0,63.0
august,folklore,Taylor Swift,"3,016",25.3,84267.0,76240482.0,79.0
Doomsday,Doomsday,Juice WRLD,"3,019",25.3,40820.0,8704480.0,60.0
FANCY,FANCY YOU,TWICE,"3,012",25.3,35569.0,9534989.0,67.0
MODERN JAM,UTOPIA,Travis Scott,"3,023",25.3,33500.0,4843707.0,65.0
I'm an Albatraoz,Full Circle: The Live Anthology,AronChupa,"3,011",25.3,122845.0,20445148.0,66.0
Maybach (feat. Future),Free Dem Boyz,42 Dugg,"3,014",25.3,34136.0,5124318.0,55.0
Epidemic,Epidemic,Polo G,"3,013",25.3,72794.0,6961853.0,56.0
BOUNCY (K-HOT CHILLI PEPPERS),THE WORLD EP.2 : OUTLAW,ATEEZ,"3,024",25.3,10042.0,3932343.0,66.0
pa,pa - Single,TINI,"3,020",25.3,1636.0,6683447.0,72.0
My Type,ICY,Saweetie,"3,018",25.3,59994.0,18611146.0,67.0
"She Don't Know (From ""Blessed"")","She Don't Know (From ""Blessed"")",Millind Gaba,"3,030",25.2,3830.0,877033.0,50.0
Take My Name,Songs from 'For You',Parmalee,"3,032",25.2,18114.0,1669415.0,61.0
"Rauw Alejandro: Bzrp Music Sessions, Vol. 56","Rauw Alejandro: Bzrp Music Sessions, Vol. 56 - Single",Bizarrap,"3,025",25.2,35849.0,20377164.0,65.0
Good Feeling,Good Feeling EP,Flo Rida,"3,031",25.2,156823.0,60269717.0,72.0
Amor Na Praia,Amor Na Praia,NATTAN,"3,034",25.2,1965.0,21917356.0,74.0
Cool Kids,Summer Sampler,Echosmith,"3,035",25.2,96205.0,24431944.0,66.0
GATTI,JACKBOYS,JACKBOYS,"3,033",25.2,143461.0,18462768.0,67.0
El Envidioso,El Envidioso,Los Dos Carnales,"3,037",25.2,25906.0,6033212.0,65.0
Sability,Sability / Rush / Bloody Samaritan (with Kelly Rowland),Ayra Starr,"3,028",25.2,13796.0,2652844.0,57.0
Naach Meri Rani,"Naach Meri Rani(Feat. Guru Randhawa,Nora Fatehi)",Guru Randhawa,"3,056",25.1,7966.0,2976409.0,55.0
Praise The Lord (Da Shine) (feat. Skepta) - Durdenhauer Edit,Praise The Lord (Da Shine) (feat. Skepta) [Durdenhauer Edit],Durdenhauer,"3,039",25.1,58228.0,27538538.0,65.0
Antidote,Antidote,Travis Scott,"3,053",25.1,148244.0,28799004.0,68.0
World Cup,World Cup,IShowSpeed,"3,052",25.1,19796.0,1372880.0,55.0
Summer Too Hot,Summer Too Hot,Chris Brown,"3,047",25.1,13071.0,2941901.0,51.0
Lua,Lua (Boiadeira Internacional EP.4),Ana Castela,"3,042",25.1,3193.0,34269889.0,66.0
Tu Falta De Querer,Mon Laferte (Vol. 1),Mon Laferte,"3,055",25.1,53226.0,17790272.0,73.0
Christmas Love,Christmas Love - Single,Jimin,"3,044",25.1,2140.0,2328009.0,57.0
Be Like That - feat. Swae Lee & Khalid,Be Like That (feat. Swae Lee & Khalid),Kane Brown,"3,040",25.1,53950.0,16089036.0,63.0
"Soweto (with Don Toliver, Rema & Tempoe)",Soweto,Victony,"3,048",25.1,39971.0,12569591.0,69.0
Drankin N Smokin,Pluto x Baby Pluto,Future,"3,058",25.1,111117.0,17871947.0,65.0
Count Me Out,Mr. Morale & The Big Steppers,Kendrick Lamar,"3,049",25.1,64247.0,6844165.0,72.0
"MHD: Bzrp Music Sessions, Vol. 44","MHD: Bzrp Music Sessions, Vol. 44",Bizarrap,"3,045",25.1,12600.0,830646.0,41.0
Exclusive.mp3,.mp3,Emilia,"3,054",25.1,8465.0,15005279.0,71.0
Pointless,Pointless,Lewis Capaldi,"3,051",25.1,27011.0,7389277.0,63.0
Say My Name (feat. Bebe Rexha & J Balvin) - Corey James Remix,Say My Name (Remixes),Bebe Rexha,"3,074",25.0,627.0,137880.0,18.0
Old Love,Old Love - Single,yuji,"3,059",25.0,29563.0,9809007.0,67.0
Rover (feat. DTG),Rover (feat. DTG),S1mba,"3,075",25.0,109325.0,10618678.0,63.0
fast,Fast,Sueco,"3,072",25.0,42246.0,4235755.0,53.0
Truth Hurts,Good As Hell,Lizzo,"3,070",25.0,103455.0,28421888.0,65.0
Aguacero,Un Verano Sin Ti,Bad Bunny,"3,068",25.0,42659.0,11281372.0,68.0
Quiere Beber,Real Hasta la Muerte,Anuel AA,"3,065",25.0,52014.0,11084284.0,66.0
My Ordinary Life,My Ordinary Life,The Living Tombstone,"3,066",25.0,110117.0,12773015.0,68.0
Won't Forget You - Edit,Won't Forget You,Shouse,"3,067",25.0,56014.0,16171357.0,64.0
Enough,Enough,charlieonnafriday,"3,062",25.0,46233.0,6238494.0,64.0
Elastic Heart,Full Circle: The Live Anthology,Sia,"3,064",25.0,92551.0,20937954.0,70.0
Freaky Deaky,Freaky Deaky - Single,Tyga,"3,071",25.0,35769.0,7846959.0,59.0
IMAN (Two Of Us),IMAN (Two Of Us),Maria Becerra,"3,063",25.0,949.0,42348669.0,72.0
Straight and Narrow,Straight and Narrow,Sam Barber,"3,078",25.0,31199.0,4685875.0,14.0
Bhai Tera Gunda,Bhai Tera Gunda - Single,Aman Jaji,"3,079",24.9,1442.0,134788.0,51.0
SUBMARINER,SUBMARINER - Single,AKDO,"3,090",24.9,3056.0,6115142.0,74.0
To. X,To. X - The 5th Mini Album,TAEYEON,"3,086",24.9,4684.0,10751226.0,74.0
2 Phones,2 Phones,Kevin Gates,"3,083",24.9,71685.0,12302836.0,61.0
Love Lost,"I Love Life, Thank You",Mac Miller,"3,092",24.9,69587.0,9682951.0,70.0
It's Getting Hot,Cottonwood 2: Deluxe 2.0,NLE Choppa,"3,082",24.9,28324.0,3844575.0,60.0
On Chill (feat. Jeremih),On Chill (feat. Jeremih),Wale,"3,087",24.9,29703.0,3535441.0,56.0
Tourniquet,Zach Bryan,Zach Bryan,"3,084",24.9,20120.0,7919073.0,74.0
Strike (Holster),Strike (Holster),Lil Yachty,"3,093",24.9,38354.0,6776600.0,61.0
Bad Boy (with Young Thug),Bad Boy (with Young Thug),Juice WRLD,"3,088",24.9,72440.0,13000565.0,61.0
Collide (feat. Tyga),Collide (feat. Tyga) - Single,Justine Skye,"3,080",24.9,62418.0,23910420.0,67.0
Love seeker,Love seeker,JO1,"3,111",24.8,132.0,4391205.0,62.0
Wine Into Whiskey,Wine Into Whiskey,Tucker Wetmore,"3,107",24.8,5213.0,4114449.0,27.0
Masterplan,Masterplan,BE:FIRST,"3,101",24.8,208.0,2121169.0,69.0
Rungkad,Rungkad,Happy Asmara,"3,094",24.8,1590.0,541311.0,22.0
Right On,Right On,Lil Baby,"3,106",24.8,55063.0,13549250.0,58.0
Miss You - Remix,Miss You (Remix),Oliver Tree,"3,096",24.8,11089.0,3350270.0,50.0
Low (feat. T-Pain),Low,Flo Rida,"3,104",24.8,244989.0,91742803.0,76.0
Me Too,Me Too,Meghan Trainor,"3,105",24.8,65826.0,16050737.0,67.0
Purple Stain,Behind The Wallpaper,Alex Temple,"3,113",24.8,15.0,1570.0,2.0
Jimmy Cook's (feat. 21 Savage),"Honestly, Nevermind",Drake,"3,097",24.8,8682.0,1452190.0,48.0
Venom,Paralyzing Chains,Sintage,"3,102",24.8,55.0,999.0,10.0
Thotiana,Famous Cryp,Blueface,"3,129",24.7,66679.0,10295377.0,13.0
Hasbi Rabbi,Hasbi Rabbi,Huda Sisters,"3,131",24.7,146.0,3487.0,23.0
Asking,Asking (feat. Clementine Douglas),Sonny Fodera,"3,117",24.7,20203.0,44058645.0,71.0
The Bigger Picture,My Turn (Deluxe),Lil Baby,"3,120",24.7,82768.0,12570826.0,56.0
Cash In Cash Out,Cash In Cash Out,Pharrell Williams,"3,121",24.7,67514.0,15846637.0,61.0
Off The Grid,Donda,Kanye West,"3,118",24.7,105664.0,14849590.0,62.0
Sex on Fire,Balance Le Son,Kings of Leon,"3,116",24.7,265075.0,101832484.0,79.0
Bangarang (feat. Sirah),Bangarang EP,Skrillex,"3,123",24.7,97650.0,16487753.0,64.0
Raindrops (Insane) [with Travis Scott],HEROES & VILLAINS,Metro Boomin,"3,124",24.7,62497.0,7890327.0,68.0
Weekend,Weekend,Ashley Mehta,"3,130",24.7,253.0,17668.0,28.0
Giant (with Rag'n'Bone Man),Giant (with Rag'n'Bone Man),Calvin Harris,"3,119",24.7,100046.0,27359207.0,65.0
Tap In,Tap In,Saweetie,"3,143",24.6,39210.0,17814271.0,60.0
Vacation,Vacation,Dirty Heads,"3,147",24.6,78414.0,9539906.0,20.0
Gitana (feat. Bryartz),Los Gangsters Tambien Lloran,Pablo Chill-E,"3,151",24.6,3965.0,62234428.0,77.0
Una Vez,YHLQMDLG,Bad Bunny,"3,141",24.6,75780.0,18073624.0,71.0
Slumber Party (feat. Princess Nokia),DEMIDEVIL,Ashnikko,"3,145",24.6,77169.0,14435083.0,67.0
CASE 143,MAXIDENT,Stray Kids,"3,149",24.6,19052.0,6239806.0,66.0
Give It To Me - Full Vocal Mix,Give It to Me (Full Vocal Mix) - Single,Matt Sassari,"3,153",24.6,98305.0,79758106.0,78.0
Slow Dancing,Layover - EP,V,"3,148",24.6,9688.0,17934921.0,77.0
F**kin' Problems,F**kin' Problems,A$AP Rocky,"3,138",24.6,157238.0,36820510.0,70.0
Are You Entertained (feat. Ed Sheeran),Are You Entertained (feat. Ed Sheeran),Russ,"3,135",24.6,28190.0,2251668.0,56.0
Vamos Para Arriba,Vamos Para Arriba,Junior H,"3,156",24.6,24041.0,6404217.0,66.0
Best Day Of My Life,American Authors - EP,American Authors,"3,140",24.6,147511.0,76137901.0,74.0
One Man Band,Old Dominion,Old Dominion,"3,132",24.6,44726.0,15623830.0,75.0
"Garmi (From ""Street Dancer 3D"") (feat. Varun Dhawan)","Garmi (From ""Street Dancer 3D"")",Badshah,"3,154",24.6,9852.0,5286439.0,57.0
Vai Novinha Ah Ah Ah,Ritmo dos Crias,Dyamante DJ,"3,144",24.6,19488.0,9334970.0,56.0
Heart Attack,Demi,Demi Lovato,"3,134",24.6,101501.0,31034827.0,74.0
Beer Never Broke My Heart,Beer Never Broke My Heart,Luke Combs,"3,152",24.6,75237.0,15087583.0,76.0
WUSYANAME,CALL ME IF YOU GET LOST,"Tyler, The Creator","3,146",24.6,109121.0,14228243.0,68.0
Heartbroken (feat. Jessie Murph & Polo G),Heartbroken (feat. Jessie Murph & Polo G),Diplo,"3,150",24.6,18945.0,7633545.0,64.0
Snow On The Beach (feat. Lana Del Rey),Midnights,Taylor Swift,"3,139",24.6,32432.0,18417473.0,64.0
Dura,Dura,Daddy Yankee,"3,165",24.5,71359.0,21283146.0,65.0
Lo Que Tiene,Lo Que Tiene,Morad,"3,170",24.5,6219.0,18544682.0,75.0
What If I Told You That I Love You,What If I Told You That I Love You,Ali Gatie,"3,157",24.5,79817.0,11881352.0,58.0
Bent,Bent,41,"3,169",24.5,27545.0,20350869.0,64.0
Rich Nigga Shit (feat. Young Thug),SAVAGE MODE II,21 Savage,"3,166",24.5,137820.0,15190372.0,73.0
So Far Away,So Far Away,Down Time,"3,158",24.5,43.0,3952.0,1.0
Fake Love,Crowd Pleasers,Drake,"3,161",24.5,87948.0,19654087.0,65.0
Hijo Mio,Hijo Mio - Single,Misael De La Rosa,"3,163",24.5,389.0,51178.0,31.0
Car Keys (Ayla),Car Keys (Ayla),Alok,"3,176",24.5,16131.0,60984755.0,69.0
Ai Preto,Ai Preto,L7NNON,"3,178",24.5,31819.0,12504632.0,60.0
2002,Speak Your Mind,Anne-Marie,"3,160",24.5,115663.0,31287443.0,73.0
We Don't Fight Anymore (feat. Chris Stapleton),We Don't Fight Anymore,Carly Pearce,"3,171",24.5,4008.0,12574203.0,67.0
Halfway To Hell,Whitsitt Chapel,Jelly Roll,"3,164",24.5,5961.0,12957145.0,68.0
Are You Bored Yet? (feat. Clairo),Are You Bored Yet? (feat. Clairo),Wallows,"3,186",24.4,158456.0,40544627.0,76.0
YEAH RIGHT,Yeah Right,Joji,"3,192",24.4,148441.0,20364177.0,21.0
Let You Love Me,Let You Love Me,Rita Ora,"3,183",24.4,46844.0,12544188.0,59.0
Por Primera Vez,Por Primera Vez,Camilo,"3,201",24.4,25519.0,5927417.0,62.0
We Are Never Ever Getting Back Together,We Are Never Ever Getting Back Together,Taylor Swift,"3,197",24.4,82898.0,30660565.0,67.0
Soundgasm,Soundgasm,Rema,"3,195",24.4,80632.0,7222942.0,58.0
WANDA,DONDE QUIERO ESTAR,Quevedo,"3,184",24.4,43759.0,12814377.0,68.0
DARBA 9ADIYA,DARBA 9ADIYA,Moha K,"3,196",24.4,18454.0,1574124.0,53.0
Le Va Doler,Le Va Doler,Grupo Frontera,"3,187",24.4,9240.0,3380877.0,63.0
Never Gonna Give You Up (2022 - Remaster),Whenever You Need Somebody (Deluxe Edition - 2022 Remaster),Rick Astley,"3,199",24.4,295.0,20447.0,23.0
Million Dollar Baby,Million Dollar Baby,Ava Max,"3,198",24.4,18622.0,4105233.0,60.0
Low Down,My Turn (Deluxe),Lil Baby,"3,191",24.4,87019.0,13919499.0,70.0
No Money,No Money,Galantis,"3,194",24.4,85665.0,22510886.0,60.0
Oklahoma Smokeshow,Summertime Blues,Zach Bryan,"3,193",24.4,35672.0,3644016.0,77.0
Look At Me Now (feat. Lil' Wayne & Busta Rhymes),Look At Me Now,Lil Wayne,"3,188",24.4,84668.0,21613334.0,65.0
Style,1989 (Deluxe),Taylor Swift,"3,179",24.4,92577.0,30252887.0,74.0
FEEL,Timeless,Davido,"3,202",24.4,13131.0,7905515.0,64.0
Grenade,Massive R&B Spring 2011,Bruno Mars,"3,180",24.4,193103.0,65382148.0,73.0
Trust,Lost,Brent Faiyaz,"3,185",24.4,118927.0,22542445.0,71.0
Little Talks,Little Talks,Of Monsters and Men,"3,217",24.3,222725.0,53015020.0,75.0
Not Even Ghosts Are This Empty,I No Longer Fear The Razor Guarding My Heel (V) - Single,$uicideboy$,"3,216",24.3,22621.0,3769032.0,67.0
Black Route - Kali Car,Black Route (Kali Car),Hassan Goldy,"3,221",24.3,101.0,650.0,19.0
Aye (feat. Travis Scott),Pink Tape,Lil Uzi Vert,"3,204",24.3,38585.0,11725812.0,62.0
Love Tonight - Edit,Love Tonight,Shouse,"3,213",24.3,176711.0,27362214.0,65.0
Murder on the Dance Floor - triple j Like A Version,Murder on the Dancefloor (triple j Like A Version),Royel Otis,"3,211",24.3,7982.0,13465713.0,69.0
Leave a Light On,Leave a Light On,Tom Walker,"3,220",24.3,98086.0,22349959.0,65.0
Ahora Me Llama,Ahora Me Llama,KAROL G,"3,208",24.3,37015.0,12386097.0,64.0
Amigos Con Derechos,Amigos Con Derechos,Reik,"3,203",24.3,36629.0,13318890.0,65.0
Lost Boy,Lost Boy,Ruth B.,"3,207",24.3,93600.0,36206570.0,64.0
"10,000 Hours (with Justin Bieber)","10,000 Hours (with Justin Bieber)",Dan + Shay,"3,215",24.3,93637.0,53500350.0,67.0
More Than You Know,More Than You Know,Axwell /\ Ingrosso,"3,218",24.3,180267.0,66781268.0,75.0
Diamondz n Roses,Diamondz n Roses,VaporGod,"3,205",24.3,11085.0,1851125.0,6.0
Mala Fama,Mala Fama,Danna Paola,"3,209",24.3,25823.0,6551065.0,62.0
banking on me,DS4EVER (Deluxe),Gunna,"3,222",24.3,73853.0,8684961.0,62.0
Main Sharabi,Main Sharabi,Rajeev Raja,"3,225",24.2,1054.0,63371.0,35.0
Paris,Paris,The Chainsmokers,"3,243",24.2,125952.0,35637449.0,68.0
Ayang,Ayang,Nabila Maharani,"3,233",24.2,89.0,29328.0,31.0
Not So Bad (Leans Gone Cold),Sremm 4 Life,Rae Sremmurd,"3,230",24.2,26937.0,2239607.0,57.0
JGL,JGL,La Adictiva,"3,241",24.2,37050.0,18118265.0,70.0
Swimming Pools (Drank),"good kid, m.A.A.d city (Deluxe)",Kendrick Lamar,"3,227",24.2,157106.0,24325603.0,75.0
Kool-Aid,Kool-Aid,Bring Me The Horizon,"3,235",24.2,11905.0,10502401.0,73.0
Can't Remember to Forget You,Can't Remember to Forget You,Shakira,"3,228",24.2,76288.0,26987950.0,69.0
Bad Things (with Camila Cabello),Bad Things,mgk,"3,226",24.2,70054.0,13629016.0,65.0
Feather - Sped Up,Feather (Sped Up),Sabrina Carpenter,"3,236",24.2,2582.0,3001576.0,54.0
Softcore,The Neighbourhood,The Neighbourhood,"3,234",24.2,155329.0,39721831.0,80.0
Sacrifice,The Highlights (Deluxe),The Weeknd,"3,240",24.2,61978.0,16015269.0,65.0
Replay,Now! 15,Iyaz,"3,232",24.2,202958.0,78141768.0,74.0
MVP,MVP,Shubh,"3,229",24.2,706.0,5333338.0,70.0
Around Me (feat. Don Toliver),HEROES & VILLAINS,Metro Boomin,"3,238",24.2,57258.0,5817337.0,71.0
PHONKY TOWN,Phonky Town,PlayaPhonk,"3,242",24.2,96215.0,17590009.0,62.0
We Rollin,WE ROLLIN,Shubh,"3,245",24.1,25049.0,3683882.0,65.0
Daru Badnaam,Daru Badnaam,Param Singh,"3,246",24.1,15887.0,2265888.0,57.0
NARCISSISTIC PERSONALITY DISORDER,Narcissistic Personality Disorder - Single,Odetari,"3,248",24.1,30174.0,5050179.0,69.0
Memory Lane,Memory Lane - Single,Old Dominion,"3,260",24.1,12404.0,6217052.0,61.0
24 (feat. Lil Baby),24 (feat. Lil Baby),Money Man,"3,267",24.1,105426.0,12610976.0,64.0
THE SHADE,WHO CARES?,Rex Orange County,"3,263",24.1,49991.0,14312352.0,71.0
You,You,Regard,"3,249",24.1,59063.0,18646872.0,62.0
Thinking out Loud,Full Circle: The Live Anthology,Ed Sheeran,"3,253",24.1,212574.0,119020197.0,76.0
Mbappe,"SEN2 KBRN, VOL. 2",Eladio Carrion,"3,250",24.1,35882.0,4007932.0,68.0
PRIMER AVISO,PRIMER AVISO - Single,Maria Becerra,"3,244",24.1,1755.0,8072460.0,19.0
Butakera,Butakera,La Joaqui,"3,259",24.1,22713.0,6540862.0,59.0
Mad at Disney,Mad at Disney,salem ilese,"3,265",24.1,47721.0,9209948.0,3.0
Luchtballon,Luchtballon,Joost,"3,251",24.1,498.0,2896644.0,67.0
Trojan Horse,Split Decision,Dave,"3,252",24.1,35841.0,3367961.0,64.0
Porque Te Vas,Porque Te Vas,Victor Cibrian,"3,262",24.1,1429.0,21671170.0,74.0
Beautiful Girl,Beautiful Girl,Luciano,"3,255",24.1,73054.0,4131980.0,57.0
"After The Storm (feat. Tyler, The Creator & Bootsy Collins)","After The Storm (feat. Tyler, The Creator & Bootsy Collins)",Kali Uchis,"3,256",24.1,139494.0,20487412.0,74.0
Spotless (feat. The Lumineers),Spotless (feat. The Lumineers),Zach Bryan,"3,271",24.0,21485.0,5429963.0,76.0
Egwu,Egwu,Chike,"3,272",24.0,2907.0,7078317.0,66.0
CUAL ES ESA,FERXXOCALIPSIS,Feid,"3,285",24.0,9659.0,7789551.0,71.0
Armed And Dangerous,Goodbye & Good Riddance,Juice WRLD,"3,283",24.0,128506.0,20744090.0,70.0
Salimo de Noche,Salimo de Noche,Tiago PZK,"3,275",24.0,56373.0,8132909.0,59.0
"Eladio Carrion: Bzrp Music Sessions, Vol. 40","Eladio Carrion: Bzrp Music Sessions, Vol. 40",Bizarrap,"3,276",24.0,59149.0,10135558.0,66.0
Love,AFROBOY,Kouz1,"3,269",24.0,17144.0,2565553.0,40.0
La Gozadera,Full Circle: The Live Anthology,Gente De Zona,"3,286",24.0,70633.0,25238321.0,69.0
Skechers,Skechers,DripReport,"3,280",24.0,78831.0,9948573.0,60.0
I Feel Like I'm Drowning,I Feel Like I'm Drowning,Two Feet,"3,270",24.0,116054.0,26974343.0,72.0
Ando Enfocado,Ando Enfocado,Jaziel Avilez,"3,278",24.0,17921.0,8023886.0,67.0
Downtown,Downtown,Anitta,"3,279",24.0,57167.0,19566520.0,72.0
"Go Loko (feat. Tyga, Jon Z)",Go Loko,YG,"3,306",23.9,77046.0,11168503.0,56.0
REMIX EXCLUSIVO,REMIX EXCLUSIVO,Feid,"3,292",23.9,32140.0,17704359.0,66.0
"ZEIT, DASS SICH WAS DREHT","ZEIT, DASS SICH WAS DREHT",$OHO BANI,"3,291",23.9,7779.0,9672092.0,73.0
penjaga hati,penjaga hati,Nadhif Basalamah,"3,304",23.9,11425.0,9250560.0,76.0
"Vaathi Coming (From ""Master"")","Vaathi Coming (From ""Master"")",Anirudh Ravichander,"3,300",23.9,9693.0,3944785.0,56.0
3 Headed Goat (feat. Lil Baby & Polo G),3 Headed Goat,Lil Durk,"3,294",23.9,121632.0,12554800.0,65.0
La Playa,La Playa,Myke Towers,"3,290",23.9,60278.0,9152097.0,62.0
UN RAGAZZO UNA RAGAZZA,UN RAGAZZO UNA RAGAZZA,The Kolors,"3,295",23.9,2622.0,6350531.0,16.0
Pasilyo,Pasilyo,SunKissed Lola,"3,301",23.9,22109.0,8739702.0,69.0
Wasted Summers,Wasted Summers,juju<3,"3,307",23.9,25526.0,11685238.0,73.0
RATATATA,RATATATA,BABYMETAL,"3,289",23.9,2081.0,11902188.0,73.0
Seasons,Seasons,Thirty Seconds To Mars,"3,311",23.9,3940.0,2622151.0,53.0
Summer Days (feat. Macklemore & Patrick Stump of Fall Out Boy),Summer Days (feat. Macklemore & Patrick Stump of Fall Out Boy),Martin Garrix,"3,314",23.9,101864.0,28028039.0,66.0
Con La Brisa,Black Panther: Wakanda Forever - Music From and Inspired By,Foudeqush,"3,313",23.9,21304.0,1941527.0,59.0
Someone To You,Someone to You,BANNERS,"3,312",23.9,147478.0,46983313.0,70.0
Show Yourself,Frozen 2 (Original Motion Picture Soundtrack/Deluxe Edition),Idina Menzel,"3,299",23.9,22264.0,11996134.0,62.0
Cheat On Me (feat. Dave),Cheat On Me (feat. Dave),Burna Boy,"3,293",23.9,26832.0,6612892.0,58.0
In Your Love,In Your Love,Tyler Childers,"3,305",23.9,17650.0,15787518.0,60.0
Poker Face,The Fame,Lady Gaga,"3,302",23.9,216338.0,88471248.0,77.0
Que Hay Amor,Que Hay Amor,Cris Mj,"3,322",23.8,2429.0,15875714.0,73.0
Boogieman,Boogieman,EBK Jaaybo,"3,321",23.8,3519.0,34773501.0,73.0
Stunnin' (feat. Harm Franklin),Stunnin' (feat. Harm Franklin),Curtis Waters,"3,320",23.8,67390.0,12125007.0,56.0
Privileged Rappers,Her Loss,Drake,"3,330",23.8,54445.0,11034203.0,64.0
Beautiful As You,Beautiful As You,Thomas Rhett,"3,316",23.8,878.0,21394629.0,72.0
Umbrella,Good Girl Gone Bad,Rihanna,"3,340",23.8,236327.0,123654318.0,77.0
Candy,Candy,Doja Cat,"3,323",23.8,55578.0,17796199.0,72.0
Enough Is Enough,AUSTIN,Post Malone,"3,326",23.8,16395.0,7898986.0,66.0
Baddies,Baddies - Single,Aitch,"3,315",23.8,846.0,15037150.0,67.0
Baila Conmigo (with Rauw Alejandro),Baila Conmigo (with Rauw Alejandro),Selena Gomez,"3,335",23.8,61386.0,12336155.0,60.0
Love Me,I Am Not A Human Being II (Japan Version),Lil Wayne,"3,317",23.8,52272.0,8515549.0,27.0
Moon,Donda,Kanye West,"3,329",23.8,103366.0,12996384.0,65.0
Notion,Futureproof,The Rare Occasions,"3,325",23.8,172980.0,21596820.0,76.0
Essence (feat. Justin Bieber & Tems),Essence (feat. Justin Bieber & Tems),Wizkid,"3,333",23.8,43680.0,10012685.0,58.0
Outskirts,Outskirts,Sam Hunt,"3,334",23.8,7457.0,9164334.0,65.0
X,X,Nicky Jam,"3,319",23.8,120261.0,29116272.0,73.0
boyfriend (with Social House),boyfriend,Ariana Grande,"3,324",23.8,72598.0,26362809.0,71.0
"10,000 Hours","10,000 Hours (with Justin Bieber)",Dan + Shay,"3,364",23.7,170.0,110712.0,15.0
As the World Caves In,As the World Caves In,Sarah Cothran,"3,358",23.7,67189.0,16107840.0,65.0
Dile a Tu Orgullo (En Vivo),Dile a Tu Orgullo (En Vivo) - Single,Luis Alfonso Partida El Yaki,"3,362",23.7,9726.0,5274940.0,58.0
Neverender,Neverender,Justice,"3,359",23.7,4186.0,20278718.0,74.0
Lottery (feat. LU KALA),Lottery (feat. LU KALA),Latto,"3,351",23.7,10684.0,6385271.0,57.0
Sunshine,Sunshine,Tyga,"3,363",23.7,28868.0,3335711.0,60.0
Si Tu Novio Te Deja Sola,Si Tu Novio Te Deja Sola,J Balvin,"3,347",23.7,47827.0,17515452.0,68.0
SHAKE SUMN,CALL DA FIREMAN,DaBaby,"3,343",23.7,19968.0,17088080.0,60.0
Chained To The Rhythm,Chained To The Rhythm,Katy Perry,"3,354",23.7,59626.0,15052991.0,64.0
Afterglow,#NAME?,Ed Sheeran,"3,345",23.7,64344.0,35844454.0,63.0
Mr. Brightside,Hot Fuss,The Killers,"3,346",23.7,326294.0,118562432.0,81.0
Promiscuous,Loose (Japan Version),Nelly Furtado,"3,348",23.7,235618.0,114628125.0,78.0
Black Swan,Black Swan,BTS,"3,342",23.7,28314.0,17354782.0,64.0
HOT,SEVENTEEN 4th Album 'Face the Sun',SEVENTEEN,"3,352",23.7,16039.0,9403249.0,67.0
i'm yours,i'm yours,Isabel LaRosa,"3,361",23.7,42685.0,19725874.0,76.0
Sonchadi | Coke Studio Bharat,Sonchadi | Coke Studio Bharat,digV,"3,349",23.7,67.0,879894.0,60.0
"Young, Wild & Free (feat. Bruno Mars)","Young, Wild & Free (feat. Bruno Mars)",Snoop Dogg,"3,344",23.7,79665.0,12101555.0,65.0
Kamar Teri Left Right Hale,Kamar Teri Left Right Hale - Single,Sandeep Surila,"3,357",23.7,2293.0,380137.0,56.0
The Thrill,The Thrill,Wiz Khalifa,"3,350",23.7,123477.0,16148100.0,72.0
Yana Yana,Yana Yana,Semicenk,"3,353",23.7,15605.0,2248819.0,65.0
CIRCUS MAXIMUS,UTOPIA,Travis Scott,"3,366",23.6,34656.0,5338264.0,64.0
What is Love,What Is Love,TWICE,"3,365",23.6,37463.0,7860589.0,67.0
SESSO E SAMBA (feat. Gaia),ICON,Tony Effe,"3,376",23.6,865.0,9889978.0,69.0
Pieces,Pieces,Danilo Stankovic,"3,367",23.6,2314.0,485008.0,39.0
Glue Song,Glue Song - Single,beabadoobee,"3,379",23.6,35685.0,21027013.0,73.0
Life in Rio,Life in Rio (feat. TOLCHONOV) - Single,Slowboy,"3,370",23.6,18316.0,17687961.0,70.0
Help Me Help You (feat. Why Don't We),Help Me Help You (feat. Why Don't We),Logan Paul,"3,377",23.6,6224.0,1056938.0,45.0
Distraction,Distraction,Polo G,"3,383",23.6,45954.0,8112561.0,55.0
VIBE (feat. Jimin of BTS),VIBE,TAEYANG,"3,372",23.6,14013.0,18896639.0,60.0
back to the moon,a Gift & a Curse,Gunna,"3,373",23.6,33151.0,5818874.0,63.0
FourFiveSeconds,FourFiveSeconds,Rihanna,"3,374",23.6,131102.0,42604016.0,72.0
Washing Machine Heart,Be the Cowboy,Mitski,"3,388",23.6,133098.0,31345611.0,77.0
SAN BENEDETTO,FOREGROUND MUSIC,Ron Gallo,"3,371",23.6,79.0,1893.0,8.0
Little Things,Little Things,Jorja Smith,"3,380",23.6,29693.0,4972570.0,54.0
Dead Man Walking,Dead Man Walking,Brent Faiyaz,"3,382",23.6,109900.0,16744963.0,66.0
Girls Need Love (with Drake) - Remix,Last Day Of Summer,Summer Walker,"3,375",23.6,100418.0,27719646.0,73.0
Ball If I Want To,Ball If I Want To,DaBaby,"3,418",23.5,65171.0,14450198.0,60.0
Bellaquita,Bellaquita,Dalex,"3,396",23.5,33813.0,5671029.0,55.0
Chamkeela Angeelesi,"Chamkeela Angeelesi (From ""Dasara"") (Telugu)",Santhosh Narayanan,"3,417",23.5,1358.0,1211901.0,55.0
Hayloft II,Inside (Deluxe),Mother Mother,"3,408",23.5,55274.0,8810602.0,70.0
Tormenta (feat. Bad Bunny),Cracker Island,Gorillaz,"3,391",23.5,36980.0,10871819.0,62.0
DJ Got Us Fallin' In Love,Europa FM Presenta Europa Baila,USHER,"3,402",23.5,178587.0,102898525.0,76.0
DIE,KMT,Gazo,"3,393",23.5,38142.0,4366481.0,62.0
You and Me,Leo,Shubh,"3,406",23.5,3838.0,3967859.0,67.0
Aullando,"Los Campeones del Pueblo ""The Big Leagues""",Wisin & Yandel,"3,403",23.5,32596.0,12353977.0,62.0
El Incomprendido,El Incomprendido,Farruko,"3,412",23.5,58393.0,11050675.0,55.0
Guay,Guay,Ozuna,"3,392",23.5,3004.0,39535866.0,73.0
Swang,SremmLife 2 (Deluxe),Rae Sremmurd,"3,405",23.5,128507.0,19018702.0,66.0
Broke Boys,Her Loss,Drake,"3,399",23.5,57819.0,6493900.0,61.0
SMOKE IT OFF!,SMOKE IT OFF!,Lumi Athena,"3,389",23.5,28912.0,4118167.0,69.0
What They Want,What They Want,Russ,"3,404",23.5,102907.0,12253671.0,68.0
Take Care,Take Care (Deluxe),Drake,"3,431",23.4,110679.0,26798475.0,70.0
Smack That - Dirty,Smack That (feat. Eminem),Akon,"3,422",23.4,204464.0,51055833.0,80.0
Ramen & OJ,Ramen & OJ,Joyner Lucas,"3,423",23.4,92337.0,16647767.0,63.0
Arhbo [Music from the FIFA World Cup Qatar 2022 Official Soundtrack],Arhbo (Music from the Fifa World Cup Qatar 2022 Official Soundtrack) [feat. FIFA Sound] - Single,Ozuna,"3,427",23.4,10601.0,3845428.0,33.0
Cool With You,NewJeans 2nd EP 'Get Up',NewJeans,"3,425",23.4,17423.0,3301778.0,70.0
Shameless,Shameless,Camila Cabello,"3,419",23.4,59700.0,20404459.0,76.0
New Freezer (feat. Kendrick Lamar),New Freezer (feat. Kendrick Lamar),Rich The Kid,"3,424",23.4,59316.0,12635825.0,54.0
Dembow,Dembow,Danny Ocean,"3,441",23.3,60397.0,11805084.0,65.0
WAKE UP!,WAKE UP!,MoonDeity,"3,435",23.3,35409.0,17925243.0,67.0
ECHOES: Cala Boca Menino,Echoes,Fire! Orchestra,"3,438",23.3,69.0,4543.0,2.0
Fast,Death Race For Love (Bonus Track Version),Juice WRLD,"3,450",23.3,73288.0,11414109.0,62.0
Come and See Me (feat. Drake),Come and See Me (feat. Drake),PARTYNEXTDOOR,"3,436",23.3,93938.0,19349153.0,66.0
Myself,COSMIC,Bazzi,"3,443",23.3,46745.0,6489845.0,59.0
"BESAME (feat. Tiago PZK, Khea & Neo Pistea) - Remix","BESAME (feat. Tiago PZK, Khea & Neo Pistea) [Remix]",Bhavi,"3,444",23.3,4531.0,17931371.0,78.0
LOCO,CRAZY IN LOVE,ITZY,"3,451",23.3,21380.0,4116327.0,63.0
Life's A Mess (feat. Halsey),Life's A Mess (feat. Halsey),Juice WRLD,"3,442",23.3,63731.0,10636802.0,61.0
Bad Decisions (with BTS & Snoop Dogg),Bad Decisions (with BTS & Snoop Dogg),benny blanco,"3,449",23.3,21452.0,21180923.0,62.0
El Avioncito,El Avioncito,Giblack,"3,447",23.3,3147.0,419656.0,41.0
Handle On You,Handle On You,Parker McCollum,"3,439",23.3,17543.0,4890850.0,63.0
Tunnel Vision,Tunnel Vision,Kodak Black,"3,477",23.2,139540.0,20919688.0,68.0
White Tee (with NO1-NOAH),Life On Earth - EP,Summer Walker,"3,474",23.2,75966.0,16182804.0,63.0
Too Easy,Too Easy,Gunna,"3,452",23.2,69577.0,7803085.0,54.0
Walking On A Dream,Walking On A Dream,Empire Of The Sun,"3,476",23.2,248136.0,72561268.0,74.0
Take Two,Take Two,BTS,"3,461",23.2,9472.0,17478821.0,69.0
You Know You Like It,You Know You Like It,DJ Snake,"3,465",23.2,88997.0,19591325.0,65.0
Bom Diggy,Bom Diggy - Single,Zack Knight,"3,464",23.2,9861.0,2598056.0,46.0
Mati-Matian,Mati-Matian - Single,Mahalini,"3,472",23.2,992.0,9607115.0,76.0
Live Another Day,Phonkageddon,Kordhell,"3,470",23.2,69176.0,20246527.0,66.0
Ana Ghaltan,Cigara,Bahaa Sultan,"3,468",23.2,1342.0,217990.0,47.0
Sexo Virtual,VICE VERSA,Rauw Alejandro,"3,460",23.2,61096.0,10057845.0,66.0
Chasin' You,If I Know Me,Morgan Wallen,"3,466",23.2,66397.0,14589013.0,74.0
Clouds,Clouds - Single,BUNT.,"3,459",23.2,48038.0,50298372.0,63.0
Let Your Boys Be Country,Let Your Boys Be Country,Jason Aldean,"3,456",23.2,4032.0,1727967.0,1.0
Solo Me Dejaste,Solo Me Dejaste,Grupo Marca Registrada,"3,454",23.2,19506.0,8147122.0,66.0
Like I'm Gonna Lose You (feat. John Legend),Title (Deluxe),Meghan Trainor,"3,457",23.2,88246.0,45330466.0,71.0
"Don't Give Up On Me - (From ""Five Feet Apart"")","Don't Give Up On Me (From ""Five Feet Apart"")",Andy Grammer,"3,463",23.2,72182.0,9700882.0,67.0
Talk Dirty (feat. 2 Chainz),VTM Kzoom Hits Best Of 2013,Jason Derulo,"3,489",23.1,116033.0,31380421.0,65.0
Nail Tech,Nail Tech,Jack Harlow,"3,497",23.1,65837.0,16010323.0,56.0
The Summoning,The Summoning - Single,Sleep Token,"3,484",23.1,41454.0,4335379.0,69.0
TROLLZ (with Nicki Minaj),TROLLZ (with Nicki Minaj),6ix9ine,"3,481",23.1,37282.0,5544584.0,2.0
Cover Me Up,Cover Me Up,Morgan Wallen,"3,499",23.1,58811.0,6992809.0,70.0
Un Verano Sin Ti,Un Verano Sin Ti,Bad Bunny,"3,495",23.1,49439.0,8856237.0,69.0
Mi Morenita,Mi Morenita - Single,Grupo Marca Registrada,"3,494",23.1,456.0,36732009.0,68.0
Heat,Heat (feat. Gunna),Gunna,"3,486",23.1,34958.0,4874126.0,55.0
I Was Never There,"My Dear Melancholy,",The Weeknd,"3,488",23.1,139596.0,44549966.0,78.0
Bar,Bar,TINI,"3,487",23.1,33491.0,8783650.0,54.0
Socadona (feat. Mr. Vegas),Socadona (feat. Mr. Vegas),LUDMILLA,"3,493",23.1,12229.0,3938315.0,45.0
Humpty Dumpty,60 Nursery Rhyme Songs,Nursery Rhymes,"3,524",23.0,342.0,115537.0,1.0
Pelele,Pelele,Morad,"3,508",23.0,62043.0,3300200.0,64.0
Krippy Kush,Krippy Kush,Farruko,"3,500",23.0,29638.0,8623457.0,56.0
Mtg Quero Te Encontrar,Mtg Quero Te Encontrar,DJ LG PROD,"3,518",23.0,6191.0,39878495.0,79.0
Umbrella (with 21 Savage & Young Nudy),HEROES & VILLAINS,Metro Boomin,"3,521",23.0,58239.0,5643840.0,64.0
Cuaderno,Climaxxx,Dalex,"3,511",23.0,57071.0,15542644.0,63.0
Leja Re,Leja Re,Dhvani Bhanushali,"3,504",23.0,7444.0,1576312.0,55.0
Paro - Speed Up,Paro (Speed Up),Nej,"3,512",23.0,20834.0,6538674.0,53.0
"Burn, Burn, Burn","Burn, Burn, Burn",Zach Bryan,"3,501",23.0,42715.0,5866774.0,75.0
Girl,Easy Money Baby,Myke Towers,"3,523",23.0,66574.0,10919097.0,70.0
The Way Life Goes (feat. Oh Wonder),Luv Is Rage 2,Lil Uzi Vert,"3,505",23.0,172881.0,24951320.0,74.0
Headshot (feat. Polo G & Fivio Foreign),Headshot,Lil Tjay,"3,502",23.0,116321.0,15413876.0,65.0
"Gali Gali (From ""Kgf Chapter 1"")","Gali Gali (From ""Kgf Chapter 1"")",Neha Kakkar,"3,515",23.0,5648.0,3808001.0,59.0
Levels,Levels (feat. Sunny Malton),Sidhu Moose Wala,"3,510",23.0,16234.0,2550626.0,59.0
"Hey Mama (feat. Nicki Minaj, Bebe Rexha & Afrojack) - Boaz van de Beatz remix","Hey Mama (feat. Nicki Minaj, Bebe Rexha & Afrojack) [Boaz van de Beatz remix]",Boaz van de Beatz,"3,506",23.0,2389.0,473657.0,29.0
If You're Happy and You Know It (Clap Your Hands),Circle Time Singalong,CoComelon,"3,514",23.0,120.0,15324.0,20.0
La player (Bandolera),La Player (Bandolera),Zion & Lennox,"3,520",23.0,60339.0,19082403.0,65.0
Let's Love,Let's Love,Sia,"3,509",23.0,44252.0,11141387.0,57.0
DASH,Fe3O4: BREAK,NMIXX,"3,530",22.9,2870.0,8114713.0,11.0
On My Mind,On My Mind,Diplo,"3,526",22.9,146593.0,20526230.0,60.0
Fire - Official UEFA EURO 2024 Song,Fire (Official UEFA EURO 2024 Song),MEDUZA,"3,542",22.9,1567.0,19516267.0,74.0
Delincuente,Delincuente,Tokischa,"3,541",22.9,35863.0,12100534.0,68.0
Kernkraft 400 (A Better Day),Kernkraft 400 (A Better Day),Topic,"3,543",22.9,41774.0,34142715.0,65.0
SORRY NOT SORRY,CALL ME IF YOU GET LOST: The Estate Sale,"Tyler, The Creator","3,536",22.9,40539.0,4631003.0,63.0
Bad (feat. Vassy) - Radio Edit,The Edge (Mixed By G-Wizard & DJ Nino Brown),Showtek,"3,538",22.9,109606.0,23041032.0,62.0
Fever,Future Nostalgia,Dua Lipa,"3,532",22.9,50838.0,9475236.0,57.0
"Tiago PZK: Bzrp Music Sessions, Vol. 48","Tiago PZK: Bzrp Music Sessions, Vol. 48",Bizarrap,"3,539",22.9,75230.0,11893074.0,67.0
Hands up!,Hands up!,6arelyhuman,"3,533",22.9,30542.0,5116146.0,5.0
Put Your Records On,Put Your Records On,Ritt Momney,"3,561",22.8,79793.0,18207064.0,65.0
So Am I,So Am I,Ava Max,"3,558",22.8,57702.0,10099210.0,66.0
Slide,Slide,Calvin Harris,"3,555",22.8,165916.0,41514442.0,69.0
Feel Good Inc.,Demon Days,Gorillaz,"3,548",22.8,357484.0,72604627.0,78.0
Me And My Broken Heart,Power Hits 2014,Rixton,"3,563",22.8,115255.0,27152345.0,71.0
"Baguettes in the Face (feat. NAV, Playboi Carti & A Boogie Wit da Hoodie)",Perfect Ten,Mustard,"3,566",22.8,90422.0,12036582.0,58.0
Bachpan Ka Pyaar,Bachpan Ka Pyaar,Badshah,"3,565",22.8,3377.0,711026.0,46.0
Blinding Lights - Instrumental,Blinding Lights,The Weeknd,"3,553",22.8,1333.0,1102247.0,32.0
Wildest Dreams (Taylor's Version),Wildest Dreams (Taylor's Version),Taylor Swift,"3,550",22.8,62990.0,35314187.0,69.0
Ain't Your Mama,Ain't Your Mama,Jennifer Lopez,"3,562",22.8,58453.0,15619408.0,63.0
Rock My Body,Rock My Body (with INNA & Sash!),R3HAB,"3,545",22.8,26701.0,54553074.0,73.0
TWINNEM,TWINNEM,Coi Leray,"3,557",22.8,10084.0,1619073.0,42.0
Mood,Mood,Makar,"3,551",22.8,50326.0,3786319.0,55.0
TU$$I (with Dei V),TU$$I (with Dei V),YOVNGCHIMI,"3,549",22.8,11356.0,9053525.0,72.0
"Duki: Bzrp Music Sessions, Vol. 50","Duki: Bzrp Music Sessions, Vol. 50",Bizarrap,"3,554",22.8,35544.0,6481114.0,62.0
The Bones,GIRL...The Bones,Maren Morris,"3,556",22.8,32656.0,13523577.0,63.0
Good News,Good News,Mac Miller,"3,567",22.8,116525.0,15419745.0,64.0
Mejor Que Yo,Mejor Que Yo - Single,Anuel AA,"3,552",22.8,18046.0,6605054.0,59.0
Wiggle (feat. Snoop Dogg),Talk Dirty,Jason Derulo,"3,568",22.8,72270.0,18270302.0,58.0
Evoque Prata,Evoque Prata,MC MENOR HR,"3,595",22.7,33067.0,14383640.0,58.0
Last Heartbreak Song,The Year I Turned 21,Ayra Starr,"3,580",22.7,592.0,22270490.0,67.0
Pakistan,Pakistan,D-Block Europe,"3,594",22.7,25855.0,2553452.0,56.0
Beat the Odds,Beat the Odds,Lil Tjay,"3,575",22.7,49847.0,5823632.0,60.0
Barely Breathing,Barely Breathing,Grant Averill,"3,582",22.7,616.0,19001.0,22.0
All Around The World (La La La),All Around The World (La La La),R3HAB,"3,571",22.7,124386.0,40611935.0,68.0
"You're On Your Own, Kid",Midnights,Taylor Swift,"3,585",22.7,34908.0,21579957.0,72.0
Already Rich,Already Rich,Yeat,"3,592",22.7,31578.0,4170271.0,70.0
Bruises,Bruises,Lewis Capaldi,"3,570",22.7,132498.0,38683695.0,73.0
exile (feat. Bon Iver),folklore,Taylor Swift,"3,572",22.7,81489.0,55181767.0,72.0
THE GIRLS - BLACKPINK THE GAME OST,THE GIRLS (BLACKPINK THE GAME OST),BLACKPINK,"3,596",22.7,7964.0,8670175.0,62.0
Raja Ji,Raja Ji,Pawan Singh,"3,581",22.7,456.0,263080.0,61.0
Love Sosa,Finally Rich (Deluxe),Chief Keef,"3,586",22.7,224483.0,30472220.0,74.0
HIND'S HALL,HIND'S HALL,Macklemore,"3,589",22.7,2291.0,2406268.0,73.0
Skibidi,"Antipositive, Pt. 2",Little Big,"3,577",22.7,21343.0,1515150.0,49.0
I'm Geekin,I'm Geekin,DDG,"3,584",22.7,24334.0,3477076.0,60.0
Sunrise,One Thing At A Time,Morgan Wallen,"3,579",22.7,16554.0,1412703.0,67.0
Bella y Sensual,Golden,Romeo Santos,"3,611",22.6,45589.0,20264304.0,66.0
Bertahan Terluka,Bertahan Terluka - Single,Fabio Asher,"3,603",22.6,10620.0,2901653.0,4.0
if looks could kill,if looks could kill,Destroy Lonely,"3,618",22.6,46086.0,4886494.0,62.0
Save Me The Trouble,"Save Me The Trouble, Heartbreak On The Map, Bigger Houses",Dan + Shay,"3,616",22.6,3303.0,2239918.0,52.0
Marisola - Remix,Marisola (Remix),Cris Mj,"3,621",22.6,47780.0,22081093.0,70.0
Trampoline,Trampoline,SHAED,"3,615",22.6,37923.0,4719100.0,55.0
Alone (with Nicki Minaj),Alone,Kim Petras,"3,622",22.6,18284.0,6628769.0,55.0
Te Vi,Los muchachos vol. 1 - EP,Piso 21,"3,610",22.6,62653.0,31913503.0,70.0
I Wanna Be Yours,AM,Arctic Monkeys,"3,597",22.6,277753.0,129062801.0,86.0
Story of My Life,Story of My Life,One Direction,"3,607",22.6,143693.0,85520811.0,79.0
Black Summer,Black Summer,Red Hot Chili Peppers,"3,606",22.6,34856.0,14539064.0,57.0
Devil You Know,Devil You Know - Single,Tyler Braden,"3,599",22.6,4046.0,11535906.0,21.0
I Know - PR1ISVX Edit,I Know (PR1ISVX Edit),Kanii,"3,617",22.6,34461.0,5057389.0,65.0
Wish,Wish,Diler Kharkiya,"3,598",22.6,1036.0,186826.0,45.0
Ya Lili,Ya Lili,Balti,"3,609",22.6,18538.0,1506717.0,46.0
Those Eyes,Those Eyes,New West,"3,613",22.6,119530.0,33481593.0,73.0
Girl On Fire,NRJ Music Awards 2013,Alicia Keys,"3,620",22.6,96138.0,42759011.0,71.0
Like I Want You,LIKE I WANT YOU,Giveon,"3,623",22.6,85310.0,24209669.0,69.0
Black Magic,Black Magic,Little Mix,"3,637",22.5,56621.0,20621933.0,67.0
Budapest,Did You Hear the Rain?,George Ezra,"3,646",22.5,140545.0,43438732.0,79.0
Mi Tesoro (feat. Nicky Jam),Motivan2,Zion & Lennox,"3,631",22.5,16013.0,5249592.0,54.0
ERE,ERE,juan karlos,"3,626",22.5,8229.0,6844366.0,62.0
Alcohol-Free,Alcohol-Free,TWICE,"3,634",22.5,24906.0,7188926.0,62.0
Bad boy,Bad boy,Marwa Loud,"3,639",22.5,55077.0,5070531.0,63.0
Voices In My Head,Voices In My Head,Falling In Reverse,"3,644",22.5,33824.0,2017666.0,68.0
LA NENA,LA NENA - Single,Lyanno,"3,643",22.5,4064.0,52935650.0,80.0
Hati-Hati di Jalan,Manusia,Tulus,"3,627",22.5,21841.0,7413119.0,69.0
Quicksand,Quicksand,Morray,"3,642",22.5,39798.0,3748995.0,53.0
Singapur,El Androide,El Alfa,"3,641",22.5,32859.0,6302679.0,64.0
Just Dance,The Fame,Lady Gaga,"3,629",22.5,183102.0,83157868.0,74.0
Tom's Diner,Tom's Diner,AnnenMayKantereit,"3,640",22.5,117924.0,14177874.0,68.0
La Jeepeta - Remix,La Jeepeta (Remix),Nio Garcia,"3,625",22.5,89441.0,25654350.0,64.0
Marvins Room,Marvins Room,Drake,"3,624",22.5,102247.0,25718396.0,68.0
Hot (feat. Gunna),So Much Fun,Young Thug,"3,635",22.5,84975.0,16825587.0,64.0
Skibidi Toilet,Skibidi Toilet,Lil Big Stack,"3,636",22.5,1929.0,194015.0,55.0
moment,moment,Vierre Cloud,"3,628",22.5,111710.0,19093657.0,71.0
Heaven Takes You Home,Paradise Again,Swedish House Mafia,"3,649",22.5,55197.0,31793054.0,71.0
Far Away (2020 Remaster),All The Right Reasons (15th Anniversary Expanded Edition),Nickelback,"3,661",22.4,1941.0,494700.0,61.0
God Damn,Ek Tha Raja,Badshah,"3,651",22.4,1547.0,5202586.0,70.0
Razzi Bolja,Razzi Bolja,Harjeet Deewana,"3,664",22.4,1206.0,238098.0,51.0
"Tested, Approved & Trusted",I Told Them...,Burna Boy,"3,658",22.4,15081.0,3685016.0,61.0
GALOPA,GALOPA,PEDRO SAMPAIO,"3,667",22.4,26385.0,7610967.0,57.0
Reckless,Reckless,Madison Beer,"3,670",22.4,57183.0,22431648.0,66.0
BEST ON EARTH (feat. BIA) - Bonus,BEST ON EARTH (feat. BIA),Russ,"3,665",22.4,50891.0,7553724.0,60.0
Drunk (And I Don't Wanna Go Home),Drunk (And I Don't Wanna Go Home),Elle King,"3,676",22.4,29696.0,13496258.0,61.0
Overdrive,Overdrive,Post Malone,"3,669",22.4,27992.0,6772366.0,63.0
Cuando Nadie Ve,Cuando Nadie Ve,Morat,"3,673",22.4,41914.0,21124626.0,72.0
Freak (feat. REI AMI),Thrill Seeker,Sub Urban,"3,652",22.4,47712.0,8225689.0,62.0
Sugar Rush Ride,The Name Chapter: TEMPTATION,TOMORROW X TOGETHER,"3,672",22.4,14560.0,6470472.0,67.0
Sakhiyaan,Sakhiyaan,Maninder Buttar,"3,668",22.4,14789.0,2384549.0,65.0
Aynen,Hermano,Heijan,"3,663",22.4,12381.0,2302824.0,57.0
IDGAF,Dua Lipa (Deluxe),Dua Lipa,"3,675",22.4,108894.0,36019109.0,71.0
Maniac,Maniac,Conan Gray,"3,653",22.4,109624.0,33327204.0,71.0
Si Supieras,Si Supieras,Daddy Yankee,"3,677",22.4,33666.0,10575144.0,63.0
Love Someone,Love Someone,Lukas Graham,"3,674",22.4,76430.0,26556274.0,63.0
Dance Alone,Dance Alone,Sia,"3,660",22.4,3020.0,15579341.0,3.0
Suano,Suano - Single,NTG,"3,656",22.4,1439.0,35368637.0,71.0
Heart On Ice,Heart On Ice,Rod Wave,"3,659",22.4,70340.0,8592699.0,62.0
POP/STARS,POP/STARS,K/DA,"3,650",22.4,49066.0,6820467.0,64.0
Ring (feat. Kehlani),Invasion of Privacy,Cardi B,"3,671",22.4,25649.0,5257047.0,59.0
Potion (with Dua Lipa & Young Thug),Potion (with Dua Lipa & Young Thug),Calvin Harris,"3,657",22.4,38872.0,27661038.0,60.0
NEW MAGIC WAND,IGOR,"Tyler, The Creator","3,703",22.3,145653.0,18875661.0,74.0
Taaron Ke Shehar,Taaron Ke Shehar,Neha Kakkar,"3,686",22.3,7017.0,3232549.0,58.0
Monster,Monster,LUM!X,"3,704",22.3,84886.0,16138519.0,66.0
River (feat. Ed Sheeran),Revival,Eminem,"3,691",22.3,95470.0,18564708.0,67.0
Churchill Downs (feat. Drake),Come Home The Kids Miss You,Jack Harlow,"3,690",22.3,59992.0,11239045.0,61.0
Wide Awake,538 Hitzone 63,Katy Perry,"3,681",22.3,47976.0,35749050.0,73.0
Lush Life,Lush Life,Zara Larsson,"3,687",22.3,151855.0,83732411.0,78.0
Kitty,Kitty,Kenia OS,"3,680",22.3,703.0,18729564.0,77.0
"O Bedardeya (From ""Tu Jhoothi Main Makkaar"")","O Bedardeya (From ""Tu Jhoothi Main Makkaar"")",Pritam,"3,693",22.3,10142.0,5412622.0,64.0
Wildberry Lillet,Wildberry Lillet,Nina Chuba,"3,694",22.3,46697.0,7654058.0,58.0
Amapiano,Amapiano,Asake,"3,701",22.3,21556.0,4941800.0,63.0
M.A (Mejores Amigos),M.A (Mejores Amigos) - Single,BM,"3,697",22.3,26160.0,3816329.0,2.0
Take A Bite,Take A Bite,beabadoobee,"3,700",22.3,2529.0,28016380.0,78.0
Dream Girl - Remix,Dream Girl (Remix),Ir Sais,"3,699",22.3,56563.0,16313578.0,64.0
on the street (with J. Cole),on the street (with J. Cole),j-hope,"3,689",22.3,21804.0,15669021.0,63.0
LOST FOREVER,UTOPIA,Travis Scott,"3,683",22.3,33290.0,3109142.0,62.0
What Ifs (feat. Lauren Alaina),Kane Brown,Kane Brown,"3,696",22.3,45773.0,14539681.0,67.0
SET ME FREE,READY TO BE,TWICE,"3,705",22.3,11752.0,4854730.0,62.0
Say Something,Say Something,A Great Big World,"3,714",22.2,116991.0,57390894.0,65.0
You Belong With Me,Fearless,Taylor Swift,"3,720",22.2,87942.0,27210610.0,66.0
"Sex, Drugs, Etc.",Chit Chat,Beach Weather,"3,731",22.2,160628.0,48988304.0,77.0
Tchuco Nela,Tchuco Nela,MC Rogerinho,"3,727",22.2,14889.0,8354745.0,72.0
Californication,Californication (Deluxe Version),Red Hot Chili Peppers,"3,730",22.2,276377.0,115315508.0,79.0
La Mordidita,A Quien Quiera Escuchar (Deluxe Edition),Ricky Martin,"3,706",22.2,35991.0,11957152.0,61.0
Drowning (feat. Kodak Black),Drowning (feat. Kodak Black),A Boogie Wit da Hoodie,"3,722",22.2,40536.0,3970533.0,56.0
One in a Million,One in a Million,Bebe Rexha,"3,734",22.2,17147.0,65679098.0,70.0
Playing Games,Playing Games,Summer Walker,"3,737",22.2,26786.0,5711358.0,58.0
Often,Ultimate R&B 2014,The Weeknd,"3,728",22.2,142822.0,40628124.0,73.0
Better Things,Better Things - Single,aespa,"3,738",22.2,7731.0,5625254.0,60.0
Swag Se Swagat,Tiger Zinda Hai (Original),Neha Bhasin,"3,716",22.2,4244.0,2598110.0,50.0
SEVILLA,SEVILLA,Thrife,"3,725",22.2,23652.0,1011837.0,41.0
Chana Tera Shukriya,Jogiya Koe,Tanveer Anjum,"3,717",22.2,4.0,95.0,6.0
GHOST!,GHOST!,phonk.me,"3,713",22.2,24672.0,15850206.0,67.0
CUTE DEPRESSED,Cute Depressed - Single,Dyan Dxddy,"3,726",22.2,3729.0,21277335.0,77.0
Inolvidable,Inolvidable,Ovy On The Drums,"3,712",22.2,38487.0,8731809.0,65.0
Zombie,Zombie,Bad Wolves,"3,718",22.2,77293.0,8225027.0,6.0
NI BIEN NI MAL,X 100PRE,Bad Bunny,"3,735",22.2,57617.0,14966162.0,61.0
My Heart Goes (La Di Da),Only Honest On The Weekend,Becky Hill,"3,736",22.2,57447.0,23619962.0,63.0
Candy Shop,Candy Shop,50 Cent,"3,732",22.2,219091.0,69258950.0,75.0
ONLY,ONLY,LeeHi,"3,724",22.2,50340.0,7777287.0,71.0
Avalon,Avalon,$uicideboy$,"3,723",22.2,54797.0,3940409.0,65.0
Gas Pedal,Gas Pedal - The EP,Sage The Gemini,"3,751",22.1,57350.0,12202121.0,59.0
"Mnike (feat. DJ Maphorisa, Nandipha808, Ceeka RSA & Tyron Dee)","Mnike (feat. DJ Maphorisa, Nandipha808, Ceeka RSA & Tyron Dee)",Tyler ICU,"3,747",22.1,19814.0,4852560.0,61.0
DANCE CRIP,DANCE CRIP,Trueno,"3,754",22.1,50642.0,5259227.0,61.0
stellar,stellar,.diedlonely,"3,742",22.1,6022.0,1268699.0,66.0
En Tu Perra Vida,En Tu Perra Vida,Grupo Firme,"3,740",22.1,24857.0,13763202.0,53.0
Malibu,Malibu,Miley Cyrus,"3,763",22.1,87422.0,33951824.0,68.0
Shut up My Moms Calling - (Sped Up),Shut up My Moms Calling (Sped up),Hotel Ugly,"3,746",22.1,54042.0,7715768.0,75.0
Spinnin,Spinnin,Connor Price,"3,741",22.1,49659.0,12999272.0,63.0
"Coca Cola (From ""Luka Chuppi"")","Coca Cola (From ""Luka Chuppi"")",Tony Kakkar,"3,757",22.1,8746.0,5016334.0,59.0
Los Botones Azules,Mi Vida En Un Cigarro 2,Junior H,"3,758",22.1,35760.0,13777862.0,70.0
All By Myself,All By Myself,Alok,"3,764",22.1,23576.0,35626223.0,68.0
Dj Balada Boa X Pika Pika Kawenimeri,Dj Balada Boa X Pika Pika Kawenimeri,DJ USUP,"3,762",22.1,285.0,25137.0,7.0
Time of Our Lives,Time of Our Lives,Pitbull,"3,739",22.1,203125.0,103528914.0,79.0
Blood // Water,Blood / / Water,grandson,"3,745",22.1,132079.0,18302636.0,68.0
Famous Hoes,Famous Hoes,NLE Choppa,"3,753",22.1,37176.0,2555897.0,54.0
This Town,This Town,Niall Horan,"3,743",22.1,107486.0,73687531.0,74.0
Lil Bit,Lil Bit,Nelly,"3,792",22.0,40989.0,10401884.0,61.0
Nenas,Nenas,Anni K,"3,790",22.0,5.0,22387.0,10.0
Rainy Days,Layover,V,"3,776",22.0,10383.0,13943814.0,70.0
Disaster,Disaster - Single,KSLV Noh,"3,784",22.0,72424.0,23939335.0,65.0
Feelings,Feelings,Sumit Goswami,"3,773",22.0,4380.0,426039.0,54.0
Trouble With A Heartbreak,Trouble With A Heartbreak,Jason Aldean,"3,770",22.0,10962.0,1379201.0,4.0
Los Collares,Los Collares,Oscar Maydon,"3,769",22.0,23892.0,9122511.0,72.0
BLAQ ON BLAQ (feat. Luciano),BLAQ ON BLAQ (feat. Luciano),HoodBlaq,"3,772",22.0,1347.0,7618938.0,70.0
Memories (feat. Kid Cudi),VIVA Club Rotation (Vol. 46),Kid Cudi,"3,778",22.0,261469.0,53941189.0,63.0
It's That Time,It's That Time,Marlon Hoffstadt,"3,789",22.0,28087.0,18522511.0,62.0
Bakkal Amca,Bakkal Amca,Kukuli,"3,775",22.0,850.0,54262.0,36.0
BellaBella,Bella Bella (feat. Scelo),Vanco,"3,783",22.0,12.0,142.0,1.0
Die A Happy Man,Die a Happy Man - Single,Thomas Rhett,"3,782",22.0,53548.0,22066757.0,66.0
Dah Dah DahDah,Who is Nardo Wick?? (Deluxe),Nardo Wick,"3,766",22.0,53038.0,20272136.0,63.0
Cab In A Solo,Cab In A Solo - Single,Scotty McCreery,"3,787",22.0,2375.0,2311705.0,55.0
Bachke Bachke (feat. Yarah),Making Memories,Karan Aujla,"3,779",22.0,6899.0,2394704.0,61.0
Fed Up,ANTI-ICON,Ghostemane,"3,785",22.0,71843.0,10101641.0,64.0
Be The One,Be The One,Eli Brown,"3,777",22.0,34283.0,39325226.0,67.0
Top 10 staTues tHat CriEd bloOd,POST HUMAN: NeX GEn,Bring Me The Horizon,"3,788",22.0,1675.0,21053939.0,73.0
This City,Not a Hobby,Sam Fischer,"3,767",22.0,74321.0,32015799.0,63.0
Get Back,Meet The Woo 2,Pop Smoke,"3,800",21.9,123588.0,10315713.0,64.0
Panic Room,Panic Room,Au/Ra,"3,821",21.9,54160.0,11403808.0,63.0
Noticed,Noticed,Lil Mosey,"3,819",21.9,114135.0,13562882.0,65.0
Shoota (feat. Lil Uzi Vert),Die Lit,Playboi Carti,"3,809",21.9,165691.0,25912755.0,70.0
Happy Birthday,Happy Birthday,Jovanie,"3,793",21.9,449.0,53427.0,3.0
The Greatest,The Greatest,Sia,"3,812",21.9,66668.0,19682111.0,62.0
Ignite,Ignite,Alan Walker,"3,815",21.9,61901.0,8272313.0,64.0
Sharing Locations (feat. Lil Baby & Lil Durk),Sharing Locations (feat. Lil Baby & Lil Durk),Meek Mill,"3,805",21.9,71478.0,11466134.0,53.0
Vette Motors,Vette Motors - Single,YoungBoy Never Broke Again,"3,814",21.9,16202.0,12738423.0,19.0
Overwhelmed,Overwhelmed,Royal & the Serpent,"3,813",21.9,49325.0,8000164.0,62.0
Good as Hell,Good As Hell,Lizzo,"3,799",21.9,76581.0,23235611.0,66.0
Adictiva,Adictiva,Daddy Yankee,"3,817",21.9,50261.0,14055347.0,62.0
Kitsch,Kitsch,IVE,"3,798",21.9,12540.0,4019167.0,64.0
Rewrite The Stars,Rewrite The Stars,Zac Efron,"3,823",21.8,89520.0,20163755.0,67.0
Hype Boy,NewJeans 1st EP 'New Jeans',NewJeans,"3,836",21.8,37204.0,14531541.0,74.0
Enchanted (Taylor's Version),Speak Now (Taylor's Version),Taylor Swift,"3,842",21.8,23393.0,21692426.0,75.0
Legends Never Die,Legends Never Die (feat. Against The Current),League of Legends,"3,841",21.8,93643.0,10186393.0,70.0
Desde Esa Noche,Desde Esa Noche,Thalia,"3,845",21.8,25025.0,10799784.0,59.0
SOS (feat. Aloe Blacc),SOS (feat. Aloe Blacc),Avicii,"3,839",21.8,99429.0,20117915.0,66.0
Pulsar Bike,Dhamaka (Original Motion Picture Soundtrack) - EP,Bheems Ceciroleo,"3,844",21.8,1308.0,893063.0,27.0
FRANCHISE (feat. Young Thug & M.I.A.),FRANCHISE (feat. Young Thug & M.I.A.),Travis Scott,"3,830",21.8,79755.0,13755423.0,63.0
Kya Baat Ay,Kya Baat Ay,Harrdy Sandhu,"3,831",21.8,10885.0,2902589.0,60.0
Do not touch,Do not touch,MISAMO,"3,828",21.8,8260.0,3310476.0,57.0
PERSIAN RUGS,PARTYPACK,PARTYNEXTDOOR,"3,840",21.8,35421.0,6478459.0,65.0
Ambition For Cash,Ambition For Cash,Key Glock,"3,835",21.8,79303.0,26443727.0,70.0
Besito,Besito,Soy Pau,"3,838",21.8,458.0,44624.0,50.0
Be Kind (with Halsey),Manic,Marshmello,"3,829",21.8,67417.0,29811087.0,67.0
I GOT YOU,I GOT YOU,TWICE,"3,843",21.8,3500.0,6710198.0,13.0
CCC,CCC,Michelle Maciel,"3,837",21.8,15475.0,4201646.0,67.0
Dime,Dime,El Malilla,"3,827",21.8,1248.0,57818152.0,75.0
Do you like yogurt,Do you like yogurt - Single,Pierce,"3,861",21.7,3.0,433.0,1.0
Jee Ni Lagda,Making Memories,Karan Aujla,"3,871",21.7,7404.0,1780691.0,62.0
Sudden Shower,"Lovely Runner, Pt. 1 (Original Soundtrack)",Eclipse,"3,862",21.7,1093.0,11421810.0,75.0
Nira Ishq,Nira Ishq,Guri,"3,873",21.7,5921.0,739326.0,61.0
Los Cachos,Los Cachos - Single,Piso 21,"3,858",21.7,27199.0,9782411.0,63.0
Jugnu,Jugnu,Badshah,"3,847",21.7,11105.0,3811972.0,61.0
nE !?,#1 - EP,Lvbel C5,"3,859",21.7,1698.0,3907201.0,71.0
Graduation (with Juice WRLD),Graduation (with Juice WRLD),benny blanco,"3,869",21.7,63452.0,9753180.0,58.0
Fim de Semana no Rio,Fim de Semana no Rio,Teto,"3,856",21.7,32542.0,6206794.0,61.0
Hot N*gga,Hot N*gga,Bobby Shmurda,"3,851",21.7,122568.0,20199078.0,64.0
For Tonight,For Tonight,Giveon,"3,848",21.7,46330.0,19899069.0,59.0
Barely Holdin' On,Barely Holdin' On,Polo G,"3,846",21.7,22225.0,4792493.0,59.0
Lihim,Lihim,Arthur Miguel,"3,849",21.7,4215.0,13721864.0,65.0
0800 HEAVEN,0800 HEAVEN - Single,Nathan Dawe,"3,878",21.7,14429.0,12456842.0,61.0
Hallelujah,A Pentatonix Christmas,Pentatonix,"3,885",21.7,47499.0,20527523.0,55.0
You can't control my heart,Missing,Kurochuu,"3,870",21.7,2.0,2190.0,1.0
March Madness,56 Nights,Future,"3,886",21.7,46212.0,10914718.0,61.0
Never Gonna Not Dance Again,Never Gonna Not Dance Again - Single,P!nk,"3,884",21.7,1991.0,492746.0,40.0
Que Calor (with J Balvin & El Alfa),Major Lazer Essentials,Major Lazer,"3,875",21.7,78546.0,20739392.0,59.0
Make No Sense,AI YoungBoy 2,YoungBoy Never Broke Again,"3,876",21.7,117843.0,15973142.0,69.0
STARGAZING,ASTROWORLD,Travis Scott,"3,887",21.7,140977.0,21048687.0,70.0
All My Life,All My Life,Falling In Reverse,"3,879",21.7,471.0,11007124.0,65.0
If You Want Love,Perception,NF,"3,877",21.7,78449.0,16977422.0,65.0
White Iverson,White Iverson,Post Malone,"3,918",21.6,158507.0,27779312.0,70.0
Hola - Remix,Hola (Remix),Dalex,"3,900",21.6,87957.0,23915679.0,64.0
Say Something (feat. Chris Stapleton),Say Something,Justin Timberlake,"3,891",21.6,60774.0,17047156.0,64.0
I Know,I Know,Kanii,"3,914",21.6,15725.0,2639765.0,54.0
lost souls,The Melodic Blue,Baby Keem,"3,889",21.6,79180.0,9708315.0,64.0
Hold Me Closer,Diamonds (Deluxe),Elton John,"3,907",21.6,61255.0,53203700.0,68.0
Se Joga no Passinho,Se Joga no Passinho,Brisa Star,"3,901",21.6,13672.0,3376873.0,50.0
Girls,Girls - The 2nd Mini Album,aespa,"3,923",21.6,11617.0,5520626.0,62.0
Classic,MKTO,MKTO,"3,922",21.6,172980.0,88942487.0,78.0
The Last Goodbye (feat. Bettye LaVette),The Last Goodbye (feat. Bettye LaVette) - Single,ODESZA,"3,905",21.6,65839.0,15313309.0,58.0
The Weekend,Ctrl,SZA,"3,896",21.6,71149.0,22408790.0,70.0
Overloading (OVERDOSE),"Overdose (feat. LADIPOE, Magixx & Boy Spyce) - Single",Mavins,"3,920",21.6,18165.0,3041519.0,53.0
shipping,Follow Your Nature,great area,"3,902",21.6,259.0,4467.0,25.0
Stole the Show,Stole the Show,Kygo,"3,913",21.6,131842.0,38541359.0,70.0
Chasing After You (with Maren Morris),Chasing After You (with Maren Morris),Ryan Hurd,"3,906",21.6,22915.0,8881878.0,56.0
Kini Ecko Pergi Meninggalkanku,Kini Ecko Pergi Meninggalkanku,Ecko Show,"3,917",21.6,487.0,24227.0,29.0
LOOOVE (feat. Kid Cudi),UTOPIA,Travis Scott,"3,919",21.6,32141.0,3198359.0,63.0
10 Freaky Girls (with 21 Savage),NOT ALL HEROES WEAR CAPES,Metro Boomin,"3,894",21.6,164540.0,26346726.0,71.0
Bahagiaku Sederhana,Bahagiaku Sederhana,Jamik Jams,"3,895",21.6,59.0,12313.0,21.0
UNA CERVEZA,Pa las Baby's Y Belikeada,Fuerza Regida,"3,908",21.6,8225.0,21015676.0,79.0
"SG (with Ozuna, Megan Thee Stallion & LISA of BLACKPINK)","SG (with Ozuna, Megan Thee Stallion & LISA of BLACKPINK)",DJ Snake,"3,909",21.6,32179.0,23070902.0,63.0
Teresa & Maria,Teresa & Maria,alyona alyona,"3,916",21.6,2862.0,2254638.0,73.0
Conversations,Legends Never Die,Juice WRLD,"3,904",21.6,93838.0,13263446.0,68.0
Rake It Up,Rake It Up,Yo Gotti,"3,924",21.6,47875.0,14327367.0,58.0
De Vuelta Pa' La Vuelta,De Vuelta Pa' La Vuelta,Daddy Yankee,"3,910",21.6,23301.0,15473906.0,62.0
Walk,Walk/Spin,Kodak Black,"3,903",21.6,33941.0,10580136.0,54.0
9 bis 9,9 bis 9,SIRA,"3,935",21.5,34675.0,5950045.0,66.0
Versace on the Floor,24K Magic,Bruno Mars,"3,949",21.5,64011.0,17977153.0,72.0
Bailando,Bailandome,El Jordan 23,"3,954",21.5,24359.0,2386279.0,61.0
Runaway (U & I) [Dance],"This Is MELON, Vol. 1 (Dance)",MELON,"3,961",21.5,3124.0,10531046.0,42.0
Hasta la Miel Amarga (feat. Grupo Firme),Hasta la Miel Amarga (En Vivo),"Luis Angel ""El Flaco""","3,940",21.5,14849.0,8963601.0,41.0
Buss It,Buss It,Erica Banks,"3,936",21.5,32202.0,13605018.0,53.0
Matte Black,"Sing Me a Lullaby, My Sweet Temptation",$uicideboy$,"3,938",21.5,45505.0,2568098.0,69.0
"Akh Lad Jaave (From ""Loveyatri"")","Akh Lad Jaave (From ""Loveyatri"")",Badshah,"3,950",21.5,10461.0,4441829.0,55.0
Uhaw,Uhaw,Dilaw,"3,958",21.5,5084.0,1645697.0,54.0
FRIKI,FRIKI,Feid,"3,939",21.5,28166.0,14221715.0,71.0
GOAT,Goat - Single,Number_i,"3,951",21.5,762.0,2929511.0,66.0
Bondade de Deus,Bondade de Deus,Isaias Saad,"3,960",21.5,15910.0,8695499.0,63.0
Let The Light In (feat. Father John Misty),Did you know that there's a tunnel under Ocean Blvd,Lana Del Rey,"3,932",21.5,33016.0,33841199.0,75.0
Love 119,Love 119,RIIZE,"3,928",21.5,2509.0,8351511.0,59.0
Jar of Hearts,jar of hearts,Christina Perri,"3,945",21.5,65494.0,31544782.0,65.0
UP,UP,INNA,"3,944",21.5,7611.0,1055511.0,49.0
LOS APARATOS,LOS APARATOS,El Alfa,"3,943",21.5,30579.0,5580377.0,65.0
I GUESS I'M IN LOVE,I GUESS I'M IN LOVE,Clinton Kane,"3,959",21.5,75352.0,37597369.0,63.0
SWEET / I THOUGHT YOU WANTED TO DANCE,CALL ME IF YOU GET LOST,"Tyler, The Creator","3,947",21.5,93761.0,9361340.0,69.0
Try,NRJ Hit List 2012 Vol 2,P!nk,"3,955",21.5,94974.0,33907759.0,74.0
Saiyaan Ji,Saiyaan Ji,Yo Yo Honey Singh,"3,942",21.5,5646.0,1398949.0,48.0
Can I Call You Tonight?,Can I Call You Tonight?,Dayglow,"3,930",21.5,158639.0,32332004.0,71.0
Sweet Child O' Mine,Appetite For Destruction,Guns N' Roses,"3,931",21.5,295491.0,96032046.0,80.0
DISPO,DISPO,KAROL G,"3,952",21.5,11700.0,10018246.0,68.0
Obsessed,Obsessed,Riar Saab,"3,972",21.4,18781.0,6151558.0,64.0
Ropa Cara,Ropa Cara,Camilo,"3,979",21.4,19981.0,3838967.0,50.0
Straightenin,Straightenin,Migos,"3,968",21.4,61959.0,9905843.0,51.0
Bring Me To Life,Fallen,Evanescence,"3,963",21.4,229491.0,68545536.0,79.0
Me Gusta,Me Gusta,Shakira,"3,991",21.4,49237.0,19452357.0,61.0
Middle,Middle,DJ Snake,"3,974",21.4,136601.0,31036842.0,70.0
Ron Artest,Ron Artest,Babyface Ray,"3,973",21.4,28846.0,5713050.0,65.0
El Patito Juan,La Hormiguita Hippie,Biper Y Sus Amigos,"3,969",21.4,3040.0,672003.0,54.0
Different 'Round Here,Different 'Round Here,Riley Green,"3,980",21.4,9014.0,9899290.0,60.0
Jumpshot,Sunday,Dawin,"3,976",21.4,8334.0,1543930.0,45.0
Mockingbird,Encore (Deluxe),Eminem,"3,983",21.4,293385.0,44640604.0,82.0
Drift Night,Drift Night,Alfianie,"3,967",21.4,137.0,18188.0,29.0
Asesina,Asesina,Brytiago,"3,982",21.4,33711.0,5993578.0,62.0
bread & butter,bread & butter - Single,Gunna,"3,977",21.4,29986.0,3865630.0,54.0
Smile (with The Weeknd),Legends Never Die,Juice WRLD,"3,984",21.4,92879.0,13210421.0,62.0
XXL,EL CHAVO,UZI,"3,962",21.4,13324.0,1760479.0,58.0
Show Me How,Show Me How - Single,Men I Trust,"3,965",21.4,145278.0,21911416.0,20.0
Pour It Up,Unapologetic (Edited Version),Rihanna,"3,964",21.4,59548.0,22751107.0,64.0
Love Is Gone - Acoustic,Love Is Gone (Acoustic),SLANDER,"3,993",21.3,83294.0,21025597.0,71.0
Por las Noches (Remix),Por las Noches (Remix) - Single,Peso Pluma,"4,023",21.3,14028.0,4216550.0,62.0
TABU.,TABU.,Yung Yury,"4,009",21.3,40021.0,4746927.0,63.0
Solid (feat. Drake),Slime Language 2,Young Stoner Life,"3,992",21.3,103470.0,22919370.0,61.0
Joro,Joro,Wizkid,"4,005",21.3,59052.0,4339220.0,59.0
House Of Lies,House Of Lies,Ikka,"4,013",21.3,137.0,2965343.0,42.0
Stop Breathing,Whole Lotta Red,Playboi Carti,"4,002",21.3,76739.0,7135729.0,66.0
The Rapture Pt.III,The Rapture Pt.III - Single,&ME,"4,016",21.3,34272.0,14914861.0,65.0
all the good girls go to hell,"WHEN WE ALL FALL ASLEEP, WHERE DO WE GO?",Billie Eilish,"4,008",21.3,74072.0,22449798.0,68.0
So Fine,So Fine,Realest Cram,"3,996",21.3,3957.0,3289713.0,62.0
Father Stretch My Hands Pt. 1,The Life Of Pablo,Kanye West,"4,003",21.3,191719.0,29522697.0,79.0
505,Favourite Worst Nightmare,Arctic Monkeys,"3,999",21.3,315657.0,60158552.0,80.0
Banco do Carona,Banco do Carona,Mc Don Juan,"4,019",21.3,9468.0,8189292.0,60.0
DISCOTEKA (feat. Locura Mix),DISCOTEKA (feat. Locura Mix),The La Planta,"4,001",21.3,15308.0,4179773.0,60.0
I Get The Bag (feat. Migos),I Get The Bag (feat. Migos),Gucci Mane,"4,022",21.3,98431.0,18605080.0,64.0
Terre Pyaar Mein,Terre Pyaar Mein,Himesh Reshammiya,"3,997",21.3,955.0,135906.0,40.0
Colors,Colors,Black Pumas,"4,014",21.3,91317.0,9796420.0,67.0
What's My Name?,Loud (Japan Version),Rihanna,"4,011",21.3,88906.0,32859163.0,69.0
Nikle Currant,Nikle Currant,Jassie Gill,"4,047",21.2,5868.0,1823835.0,52.0
Stir Fry,Stir Fry,Migos,"4,033",21.2,107585.0,23414054.0,68.0
DOLLAZ ON MY HEAD (feat. Young Thug),WUNNA,Gunna,"4,035",21.2,113725.0,17440703.0,64.0
Pollito Amarillito,"Gallina Pintadita, Vol. 1",Gallina Pintadita,"4,045",21.2,3570.0,744604.0,58.0
7 Summers,7 Summers,Morgan Wallen,"4,038",21.2,47966.0,7954524.0,73.0
Wrong,Wrong,Luh Kel,"4,052",21.2,39887.0,4756079.0,60.0
You're Somebody Else,Nothing Lasts Forever (And It's Fine),flora cash,"4,025",21.2,108732.0,25587455.0,62.0
Extssy Model,Mi Vida En Un Cigarro 2,Junior H,"4,046",21.2,21333.0,6926082.0,74.0
Formula,Euphoria (Original Score from the HBO Series),Labrinth,"4,034",21.2,114619.0,24572791.0,79.0
Nada,Error 93,Cazzu,"4,053",21.2,29832.0,6210430.0,65.0
Ashes,Ashes,Stellar,"4,027",21.2,73783.0,7257676.0,67.0
"WHATS POPPIN (feat. DaBaby, Tory Lanez &amp; Lil Wayne) - Remix","WHATS POPPIN (feat. DaBaby, Tory Lanez & Lil Wayne) [Remix]",Jack Harlow,"4,051",21.2,117293.0,24138527.0,62.0
Heyy,Heyy,Lil Baby,"4,039",21.2,34503.0,4137767.0,51.0
Que Va,Que Va,Alex Sensation,"4,029",21.2,38061.0,11538458.0,59.0
Rampampam,Rampampam,Minelli,"4,041",21.2,30942.0,3676550.0,57.0
WA DA DA,FIRST IMPACT,Kep1er,"4,043",21.2,16436.0,4057129.0,54.0
Seven Nation Army,Elephant,The White Stripes,"4,030",21.2,206953.0,64036444.0,81.0
AHHH HA,AHHH HA,Lil Durk,"4,024",21.2,51535.0,9471098.0,54.0
Do It Like That,Do It Like That,TOMORROW X TOGETHER,"4,031",21.2,11419.0,7392399.0,59.0
Enjoy Enjaami,Enjoy Enjaami,Dhee,"4,054",21.2,7286.0,1484104.0,50.0
Bezos I,Inside (The Songs),Bo Burnham,"4,050",21.2,53441.0,4357998.0,60.0
Where Have You Been,Talk That Talk (Explicit),Rihanna,"4,028",21.2,120535.0,37264448.0,69.0
Pelle Coat,Pelle Coat,Lil Durk,"4,055",21.2,17854.0,1809445.0,50.0
22,22,JayO,"4,079",21.1,30898.0,12034538.0,62.0
No Love,Still Over It,Summer Walker,"4,063",21.1,45783.0,18436392.0,69.0
Piensan,Piensan,Myke Towers,"4,059",21.1,61560.0,9322479.0,70.0
Feels Like Summer,Summer Pack,Childish Gambino,"4,071",21.1,104490.0,13875886.0,65.0
Fly Away,Fly Away,Tones And I,"4,076",21.1,58857.0,14747928.0,64.0
Don't,Don't,Bryson Tiller,"4,058",21.1,1277.0,342709.0,37.0
Little Do You Know,Little Do You Know,Alex & Sierra,"4,077",21.1,76941.0,29043662.0,65.0
Travesuras,Travesuras,Nicky Jam,"4,078",21.1,35237.0,11639231.0,61.0
Mayor Que Usted,Mayor Que Usted - Single,NATTI NATASHA,"4,068",21.1,17334.0,6356554.0,54.0
FARDOS,FARDOS,JC Reyes,"4,072",21.1,5947.0,11632200.0,71.0
Martini,Martini,Dei V,"4,073",21.1,2466.0,16540673.0,72.0
Favorite Song - Sped Up,Favorite Song (Versions) - Single,Toosii,"4,066",21.1,2423.0,1259173.0,41.0
LOT OF ME,We Love You Tecca 2,Lil Tecca,"4,069",21.1,75726.0,14866086.0,73.0
Yaar Ka Sataya Hua Hai (feat. Nawazuddin Siddiqui),Yaar Ka Sataya Hua Hai,B Praak,"4,060",21.1,1868.0,1204901.0,54.0
King's Dead (with Kendrick Lamar & Future),King''s Dead (with Kendrick Lamar & Future),Jay Rock,"4,081",21.1,106817.0,22130665.0,65.0
Aashiq Awaara (feat. Sunidhi Chauhan),ONE (Original Never Ends),Badshah,"4,056",21.1,400.0,134449.0,27.0
Gangstas,Shoot For The Stars Aim For The Moon,Pop Smoke,"4,065",21.1,106769.0,6840214.0,62.0
Too Good,Views,Drake,"4,074",21.1,126251.0,30938220.0,68.0
One Up,One Up,Central Cee,"4,101",21.0,51124.0,9618606.0,62.0
idfc,Idfc,blackbear,"4,117",21.0,107737.0,27795750.0,65.0
"Are You Going to See the Rose in the Vase, or the Dust on the Table","Are You Going to See the Rose in the Vase, or the Dust on the Table",$uicideboy$,"4,116",21.0,4298.0,15228224.0,78.0
Only Girl (In The World),Loud (Japan Version),Rihanna,"4,090",21.0,192284.0,82258717.0,78.0
OTW,OTW,Khalid,"4,087",21.0,89059.0,15406560.0,63.0
Who Needs Love,Who Needs Love,Trippie Redd,"4,107",21.0,60128.0,8306828.0,4.0
We Laugh And Clap At The Circus,Crash Recoil,Surgeon,"4,115",21.0,138.0,30013.0,11.0
Hit Different,Hit Different,SZA,"4,097",21.0,50550.0,13267378.0,63.0
Rubicon Drill,Forever - EP,Laddi Chahal,"4,082",21.0,10841.0,5578293.0,65.0
Un Cigarrillo,Un Cigarrillo,Chencho Corleone,"4,109",21.0,14752.0,9813030.0,66.0
Birthday Sex,Jeremih (Edited Version),Jeremih,"4,099",21.0,93752.0,22844956.0,65.0
Te Ire A Buscar,Te Ire a Buscar,Santa Fe Klan,"4,106",21.0,27465.0,4259174.0,66.0
DORA,DORA - Single,FARIANA,"4,100",21.0,1389.0,3210604.0,64.0
Spicy Margarita,Spicy Margarita,Jason Derulo,"4,118",21.0,4937.0,3578804.0,4.0
Tequila,Tequila,Dan + Shay,"4,092",21.0,52580.0,11498486.0,65.0
Energy,Energy,Digga D,"4,113",21.0,31275.0,2195709.0,52.0
Rockstar (2020 Remaster),All The Right Reasons (15th Anniversary Expanded Edition),Nickelback,"4,084",21.0,4310.0,1312897.0,66.0
Polaroid Love,DIMENSION : ANSWER,ENHYPEN,"4,102",21.0,30103.0,7031163.0,68.0
What A Man Gotta Do,What A Man Gotta Do,Jonas Brothers,"4,104",21.0,47908.0,25022588.0,64.0
Gyal You a Party Animal - Sped Up,Gyal You a Party Animal (Sped Up) - Single,Charly Black,"4,089",21.0,9007.0,1425539.0,51.0
Do It Again,Do It Again,Pia Mia,"4,094",21.0,64298.0,14431993.0,66.0
Lemon,Lemon,Kenshi Yonezu,"4,108",21.0,27767.0,4609513.0,63.0
Me and My Brother,Me and My Brother,5ive,"4,131",20.9,36302.0,1840798.0,59.0
How To Love,Tha Carter IV (Deluxe),Lil Wayne,"4,130",20.9,54906.0,12043337.0,61.0
SNEAKERS,CHECKMATE,ITZY,"4,128",20.9,10516.0,3921848.0,56.0
FLECHAZO EN EL CENTRO,TU DUO FAVORITO,YSY A,"4,142",20.9,13718.0,8793008.0,72.0
LET THE WORLD BURN,LET THE WORLD BURN,Chris Grey,"4,136",20.9,3522.0,9365423.0,74.0
Solar Eclipse,Solar Eclipse,YoungBoy Never Broke Again,"4,134",20.9,22065.0,2853491.0,55.0
Before You Go - Guitar Acoustic,Before You Go EP,Lewis Capaldi,"4,120",20.9,4281.0,4580882.0,55.0
ASAP,NewJeans 2nd EP 'Get Up',NewJeans,"4,133",20.9,14089.0,1750375.0,67.0
No Switch,Colors (Deluxe),YoungBoy Never Broke Again,"4,119",20.9,27244.0,2184520.0,60.0
Heatin Up (feat. Gunna),My Turn,Lil Baby,"4,122",20.9,71523.0,11208233.0,61.0
Sleazy Flow (with Lil Baby) - Remix,Sleazy Flow (Remix),SleazyWorld Go,"4,129",20.9,48520.0,14617698.0,58.0
Run BTS,Proof,BTS,"4,132",20.9,23010.0,21676194.0,71.0
Never Sleep (feat. Lil Baby),Never Sleep,NAV,"4,123",20.9,56267.0,17813781.0,56.0
Sugardaddy,Sugardaddy - Single,Roxy Dekker,"4,141",20.9,4771.0,7366163.0,73.0
In Your Eyes (feat. Alida),In Your Eyes (feat. Alida),Robin Schulz,"4,126",20.9,59904.0,11559966.0,56.0
ROLLIN N CONTROLLIN FREESTYLE,Woo Shit,DUSTY LOCANE,"4,137",20.9,70131.0,7126412.0,53.0
GO (feat. Juice WRLD),GO (feat. Juice WRLD),The Kid LAROI,"4,146",20.8,108963.0,14479778.0,63.0
Backyard Boy,BeVerly Hills BoYfRiEnd,Claire Rosinkranz,"4,168",20.8,63488.0,12356624.0,60.0
Back It up and Dump It (Dump Truck),Back It Up and Dump It (Dump Truck),GC Eternal,"4,169",20.8,3056.0,2201159.0,55.0
"Salamin, Salamin",Talaarawan - EP,BINI,"4,156",20.8,1070.0,13784216.0,78.0
Skyfall - Full Length,Skyfall,Adele,"4,159",20.8,116469.0,65565928.0,78.0
Beautiful Girls,Groove So Much !,Sean Kingston,"4,155",20.8,189706.0,77373837.0,72.0
Saawariya,Saawariya,Aastha Gill,"4,153",20.8,1873.0,836098.0,45.0
Mon amour,Mon amour,Slimane,"4,157",20.8,4597.0,8850447.0,63.0
Fly high to cloud nine,Fly high to cloud nine,Terry Flow,"4,165",20.8,6.0,15634.0,13.0
Rainfall,Rainfall,Tom Santa,"4,167",20.8,76735.0,44649643.0,70.0
Por el Resto de Tu Vida,Por el Resto de Tu Vida,Christian Nodal,"4,150",20.8,13323.0,14658527.0,70.0
Earth,Earth,Lil Dicky,"4,152",20.8,32331.0,3138494.0,54.0
23 Preguntas,23 Preguntas - Single,Anuel AA,"4,158",20.8,31969.0,7964623.0,66.0
Mi Gata,Mi Gata - Single,Standly,"4,154",20.8,34061.0,3059194.0,57.0
Chillax,Visionary,Farruko,"4,148",20.8,40643.0,11704627.0,63.0
ROZE | DJ TAO Turreo Sessions #22,ROZE | DJ TAO Turreo Sessions #22,DJ Tao,"4,161",20.8,8734.0,11153394.0,68.0
Bilmem Mi?,Bilmem Mi?,Sefo,"4,144",20.8,28310.0,3244623.0,41.0
Tattoo - Remix with Camilo,Tattoo (Remix),Rauw Alejandro,"4,160",20.8,59902.0,22906497.0,66.0
Ready For Love,BORN PINK,BLACKPINK,"4,163",20.8,9312.0,6682567.0,55.0
Tombstone,Tombstone,Rod Wave,"4,164",20.8,30692.0,2764081.0,62.0
From the Start,From the Start,Good Kid,"4,143",20.8,11926.0,3221528.0,71.0
Pyramide,Pyramide,Werenoi,"4,166",20.8,4948.0,4742178.0,66.0
Sobran Motivos,Sobran Motivos - Single,Conjunto Rienda Real,"4,171",20.7,11288.0,6908229.0,67.0
Million Reasons,Million Reasons,Lady Gaga,"4,175",20.7,71034.0,28288082.0,69.0
Can't Have Mine,Can't Have Mine - Single,Dylan Scott,"4,170",20.7,14642.0,4147528.0,60.0
What Else Can I Do?,Encanto (Original Motion Picture Soundtrack),Diane Guerrero,"4,186",20.7,18815.0,9312393.0,62.0
Yankee 150,Yankee 150 - Single,Yandel,"4,189",20.7,19994.0,19160060.0,63.0
Yacht Club (feat. Juice WRLD),Nuthin' 2 Prove,Lil Yachty,"4,176",20.7,71250.0,11753515.0,62.0
The One That Got Away,Teenage Dream,Katy Perry,"4,172",20.7,110426.0,34757269.0,67.0
La Romana,X 100PRE,Bad Bunny,"4,191",20.7,71655.0,16804911.0,68.0
Soltera - Remix,Soltera (Remix),Lunay,"4,180",20.7,96971.0,42696430.0,67.0
Fine Day Anthem,Fine Day Anthem,Skrillex,"4,190",20.7,29417.0,28537805.0,65.0
Aking Pahinga - Sped Up Version,Aking Pahinga (feat. I-ghie) [Sped Up Version] - Single,Dro Perez,"4,184",20.7,357.0,205254.0,39.0
Big Jet Plane,Big Jet Plane,Restricted,"4,185",20.7,40264.0,10835008.0,64.0
The American Dream Is Killing Me,The American Dream Is Killing Me,Green Day,"4,181",20.7,4793.0,2283611.0,1.0
Fuga Pa Cali 2,La Clase,Grupo Los de la O,"4,182",20.7,28733.0,10567336.0,66.0
Pano,Pano,Zack Tabudlo,"4,173",20.7,28281.0,15565070.0,64.0
When I Was Your Man,Unorthodox Jukebox,Bruno Mars,"4,187",20.7,231184.0,111114931.0,81.0
Cruise,Here's To The Good Times,Florida Georgia Line,"4,210",20.6,62047.0,17493880.0,67.0
Blood Sweat & Tears,You Never Walk Alone,BTS,"4,201",20.6,4227.0,1081064.0,43.0
All We Got (feat. KIDDO),All We Got (feat. KIDDO),Robin Schulz,"4,215",20.6,56613.0,6099494.0,53.0
Sinceramente,E POI SIAMO FINITI NEL VORTICE,Annalisa,"4,204",20.6,3843.0,8133274.0,62.0
DOLA,DOLA - Single,ANGGA DERMAWAN,"4,212",20.6,182.0,3077523.0,62.0
Lie,Perception,NF,"4,195",20.6,89956.0,24969551.0,69.0
Down In Atlanta,Down In Atlanta - Single,Pharrell Williams,"4,214",20.6,45053.0,6604373.0,58.0
Experimento,Experimento - Single,Myke Towers,"4,216",20.6,58288.0,9225902.0,63.0
Only,Only,Nicki Minaj,"4,217",20.6,78471.0,21317084.0,60.0
Ginseng Strip 2002,Lavender - Single,Yung Lean,"4,202",20.6,105690.0,11367953.0,64.0
My House,My House,Flo Rida,"4,205",20.6,164242.0,38327757.0,71.0
Sun to Me,American Heartbreak,Zach Bryan,"4,209",20.6,37085.0,4580996.0,78.0
Hours In Silence,Her Loss,Drake,"4,218",20.6,45526.0,10274263.0,65.0
Title,Title,Meghan Trainor,"4,193",20.6,28368.0,7213050.0,59.0
ID,ID - Single,Young Miko,"4,197",20.6,21235.0,10088905.0,61.0
Baller,Baller,Shubh,"4,211",20.6,21887.0,4773032.0,66.0
Remember That Night?,Remember That Night?,Sara Kays,"4,200",20.6,62841.0,29185291.0,68.0
Hummingbird (Metro Boomin & James Blake),METRO BOOMIN PRESENTS SPIDER-MAN: ACROSS THE SPIDER-VERSE (SOUNDTRACK FROM AND INSPIRED BY THE MOTION PICTURE),Metro Boomin,"4,208",20.6,26884.0,4613355.0,63.0
Tigini (Remix),Tigini (Remix) - Single,Kikimoteleba,"4,199",20.6,29131.0,4436551.0,58.0
Sobredosis (feat. Ozuna),Golden,Romeo Santos,"4,220",20.6,46083.0,14763723.0,69.0
Bound 2,Yeezus,Kanye West,"4,239",20.5,227652.0,30088786.0,76.0
COULD BE WRONG,COULD BE WRONG,LOSTBOYJAY,"4,223",20.5,39890.0,4540523.0,67.0
Night Away (Dance) (feat. Tion Wayne),Night Away (Dance) (feat. Tion Wayne),A1 x J1,"4,253",20.5,68961.0,4738866.0,57.0
Empire State Of Mind,The Blueprint 3,JAY-Z,"4,231",20.5,253182.0,78527028.0,77.0
All Eyes On You (feat. Chris Brown & Nicki Minaj),All Eyes On You (feat. Chris Brown & Nicki Minaj),Meek Mill,"4,237",20.5,53156.0,11632300.0,62.0
Starboy - Live,After Hours (Live At SoFi Stadium),The Weeknd,"4,250",20.5,602.0,1043775.0,43.0
Bubalu,Bubalu,Becky G,"4,236",20.5,47157.0,12359129.0,64.0
ESCAPE PLAN,ESCAPE PLAN / MAFIA - Single,Travis Scott,"4,247",20.5,76844.0,14032430.0,63.0
TiK ToK,TiK ToK,Kesha,"4,226",20.5,198352.0,129620346.0,80.0
"The Banjo Beat, Pt. 1","The Banjo Beat, Pt. 1",Ricky Desktop,"4,228",20.5,12150.0,1243018.0,46.0
Feel This Moment,Greatest Hits,Pitbull,"4,243",20.5,158127.0,52673092.0,74.0
Ocean Drive,Ocean Drive,Duke Dumont,"4,246",20.5,152117.0,23361260.0,68.0
Love Story,Love Story,Disco Lines,"4,224",20.5,7400.0,851076.0,40.0
Feel Special,Feel Special,TWICE,"4,251",20.5,27358.0,7905495.0,64.0
Me Porto Bonito - Remix,Me Porto Bonito (Remix),ELITE Djs,"4,357",20.5,10.0,359.0,7.0
Goin Baby,Baby On Baby,DaBaby,"4,248",20.5,51066.0,7548486.0,53.0
Famous Friends,Famous Friends,Chris Young,"4,235",20.5,25580.0,8683788.0,60.0
To the Bone,Flying Solo,Pamungkas,"4,221",20.5,39861.0,12416351.0,72.0
Turn Me On (feat. Vula),Turn Me On (feat. Vula),Riton,"4,230",20.5,102234.0,31645383.0,64.0
Come Through (feat. Chris Brown),Come Through (feat. Chris Brown),H.E.R.,"4,238",20.5,40246.0,8921857.0,56.0
Pretty Girls,Pretty Girls,Frenna,"4,252",20.5,6696.0,5408775.0,69.0
In This Darkness,In This Darkness - Single,Clara La San,"4,241",20.5,27997.0,4821947.0,5.0
Mama (with Skilla Baby & Tay B),Mama (with Skilla Baby & Tay B),Rob49,"4,240",20.5,5781.0,2276683.0,53.0
Sundress,Sundress,A$AP Rocky,"4,256",20.5,153078.0,26248264.0,80.0
But I Got A Beer In My Hand,But I Got A Beer In My Hand,Luke Bryan,"4,255",20.5,6175.0,3480683.0,53.0
No Friends In The Industry,Certified Lover Boy,Drake,"4,267",20.4,75763.0,15186307.0,62.0
Lahore Brand,Lahore Brand - Single,Mazhar Rahi,"4,278",20.4,17.0,211.0,14.0
Clouded,Fuck The World,Brent Faiyaz,"4,264",20.4,86180.0,14946584.0,75.0
Mua!,Mua!,Barracca Republic,"4,261",20.4,1.0,3.0,1.0
Day 'N' Nite (nightmare),Day 'N' Nite,Kid Cudi,"4,277",20.4,185976.0,32031700.0,64.0
Shootout,Shootout,Izzamuzzic,"4,276",20.4,36554.0,7213291.0,63.0
La kiffance,La kiffance,Naps,"4,271",20.4,45837.0,4034090.0,60.0
Tak Ingin Usai,Tak Ingin Usai,Keisya Levronka,"4,281",20.4,15498.0,5060429.0,63.0
VOID,VOID,Melanie Martinez,"4,259",20.4,17170.0,3091212.0,56.0
Lose It,Lose It,Through Fire,"4,273",20.4,311.0,34870.0,18.0
Mercury: Retrograde,Hexada,Ghostemane,"4,279",20.4,89320.0,8824592.0,66.0
Last Night Lonely,Last Night Lonely,Jon Pardi,"4,269",20.4,19072.0,2970003.0,65.0
breathin,Sweetener,Ariana Grande,"4,258",20.4,43387.0,15890645.0,64.0
Every Night,Volcano,Jungle,"4,270",20.4,1424.0,893924.0,49.0
Cracker Island (feat. Thundercat),Cracker Island (feat. Thundercat),Gorillaz,"4,263",20.4,40658.0,4088272.0,56.0
i'm so tired...,i'm so tired...,Lauv,"4,260",20.4,82322.0,17357820.0,66.0
Gata Only (Remix),Gata Only (Remix),FloyyMenor,"4,280",20.4,683.0,16135127.0,67.0
Bus 11 - John Falke Remix,Uyku EP (Remixes),Colouour,"4,314",20.3,38.0,1473.0,1.0
Love Galore,Love Galore,SZA,"4,313",20.3,105515.0,29991191.0,71.0
Takeaway,World Wide Joy...Takeaway,The Chainsmokers,"4,305",20.3,83848.0,18713760.0,64.0
Needed Me,ANTI (Deluxe),Rihanna,"4,308",20.3,155595.0,58419207.0,77.0
NUMB,?,XXXTENTACION,"4,304",20.3,76921.0,16933150.0,67.0
Aquel Nap ZzZz,VICE VERSA,Rauw Alejandro,"4,286",20.3,49800.0,5948309.0,65.0
Besos En Guerra,Besos En Guerra,Morat,"4,298",20.3,45274.0,17822590.0,71.0
Tucson Too Late,Bluebird Days,Jordan Davis,"4,288",20.3,4814.0,13753161.0,68.0
SWIPE,SWIPE - Single,ALYPH,"4,312",20.3,2946.0,205771.0,42.0
The Scientist,The Scientist,Coldplay,"4,294",20.3,239330.0,115908926.0,79.0
Butter Pecan,Butter Pecan,YNW Melly,"4,284",20.3,22493.0,1649415.0,49.0
DEUTSCHLAND,DEUTSCHLAND,Rammstein,"4,296",20.3,82329.0,13735008.0,71.0
Fazendinha,Bita e os Animais,Mundo Bita,"4,303",20.3,4912.0,1254932.0,58.0
SHOOTING STAR,SHOOTING STAR,XG,"4,311",20.3,14415.0,3931535.0,66.0
Ruper Jadu,Ruper Jadu,Alvee,"4,299",20.3,109.0,15834.0,19.0
Uff Mi Amor,Uff Mi Amor,Lauty Gram,"4,297",20.3,6073.0,830091.0,45.0
ALMAS GEMELAS,ALMAS GEMELAS - Single,Myke Towers,"4,285",20.3,55046.0,10046042.0,67.0
"Paulo Londra: Bzrp Music Sessions, Vol. 23","Paulo Londra: Bzrp Music Sessions, Vol. 23",Bizarrap,"4,287",20.3,37273.0,6180389.0,59.0
vice city,vice city,XXXTENTACION,"4,343",20.2,60104.0,6976080.0,64.0
Your Heart Or Mine,Mr. Saturday Night,Jon Pardi,"4,329",20.2,14019.0,7342329.0,69.0
Alors on danse,Clubland Vol. 5,Stromae,"4,315",20.2,186415.0,35955155.0,72.0
LosT,LosT - Single,Bring Me The Horizon,"4,325",20.2,25703.0,6529841.0,63.0
Check It Out,Check It Out,Parmish Verma,"4,341",20.2,7075.0,3974177.0,67.0
SOLO,SOLO,JENNIE,"4,339",20.2,39229.0,14905468.0,67.0
Good For You,Good For You,Selena Gomez,"4,342",20.2,49025.0,16106848.0,60.0
Jefe,Jefe,Ninho,"4,318",20.2,30813.0,3242257.0,61.0
Vamp Anthem,Whole Lotta Red,Playboi Carti,"4,332",20.2,103342.0,8912802.0,69.0
Small Town Boy,Small Town Boy,Dustin Lynch,"4,336",20.2,34123.0,5288629.0,61.0
do re mi,do re mi,blackbear,"4,335",20.2,78265.0,13525058.0,63.0
"You're Gonna Go Far, Kid","Rise And Fall, Rage And Grace",The Offspring,"4,334",20.2,177742.0,38261812.0,77.0
Plug Walk,Plug Walk,Rich The Kid,"4,324",20.2,122994.0,17631951.0,62.0
RON COLA,SATURNO,Rauw Alejandro,"4,319",20.2,23633.0,7554457.0,60.0
Hide Away,Hide Away,Daya,"4,327",20.2,48491.0,27331765.0,76.0
Unsteady,The Reason EP,X Ambassadors,"4,344",20.2,87146.0,28385073.0,67.0
Fall in Love with You.,Fall in Love with You. - Single,Montell Fish,"4,320",20.2,67188.0,17442127.0,74.0
Chamber Of Reflection,Salad Days,Mac DeMarco,"4,321",20.2,201363.0,35839296.0,74.0
Watermelon Moonshine,Songs From Bell Bottom Country,Lainey Wilson,"4,338",20.2,17482.0,10666210.0,70.0
Tighten Up,Brothers (Deluxe Remastered Anniversary Edition),The Black Keys,"4,316",20.2,6774.0,776120.0,56.0
CAN'T SAY,ASTROWORLD,Travis Scott,"4,323",20.2,140105.0,19353049.0,72.0
Pursuit Of Happiness (nightmare),Man On the Moon: The End of Day,Kid Cudi,"4,330",20.2,189360.0,25658184.0,64.0
Do What I Want,The Perfect LUV Tape,Lil Uzi Vert,"4,337",20.2,52690.0,9510227.0,58.0
There I Go (feat. J. Cole & Mike WiLL Made-It),There I Go (feat. J. Cole & Mike WiLL Made-It),Gucci Mane,"4,328",20.2,10081.0,2873893.0,48.0
"Tum Se (From ""Teri Baaton Mein Aisa Uljha Jiya"")","Tum Se (From ""Teri Baaton Mein Aisa Uljha Jiya"")",Sachin-Jigar,"4,369",20.1,1561.0,8640326.0,73.0
Hero,Hero,Alan Walker,"4,367",20.1,15631.0,7617886.0,59.0
Param Pom,Param Pom,TAIRA,"4,353",20.1,14.0,6337.0,7.0
JAGERMEISTER,Jagermeister (feat. 2woBunnies) - Single,Ice Beats Slide,"4,373",20.1,6522.0,537376.0,14.0
"BIG BANK (feat. 2 Chainz, Big Sean, Nicki Minaj)","Big Bank feat. 2 Chainz, Big Sean, Nicki Minaj",YG,"4,368",20.1,52213.0,12089613.0,56.0
Over the Rainbow,Alone In Iz World,Israel Kamakawiwo'ole,"4,361",20.1,94038.0,14869138.0,68.0
Losin Control,Losin Control,Russ,"4,354",20.1,95048.0,19980635.0,66.0
Onana,Onana - Single,Jey One,"4,365",20.1,14419.0,2463819.0,64.0
Daechwita,D-2,Agust D,"4,375",20.1,26753.0,16233508.0,67.0
Como Si No Importara,Como Si No Importara,Emilia,"4,356",20.1,43893.0,6507466.0,62.0
Rags2Riches (feat. ATR Son Son),Pray 4 Love,Rod Wave,"4,366",20.1,35795.0,4556039.0,47.0
Quickie,Quickie,Moneybagg Yo,"4,347",20.1,25464.0,2214899.0,57.0
The Thin Grey Line,The Thin Grey Line,$uicideboy$,"4,360",20.1,1936.0,4325365.0,72.0
Alo,Alo,corwinn,"4,807",20.1,2.0,15.0,39.0
Desde Mis Ojos - Remix,Desde Mis Ojos (Remix),Chris Lebron,"4,351",20.1,25684.0,4403591.0,62.0
Who Is Your Guy? - Remix,Who Is Your Guy? (Remix),Spyro,"4,364",20.1,7097.0,1369988.0,55.0
Rover,Rover - The 3rd Mini Album - EP,KAI,"4,349",20.1,13457.0,5233416.0,64.0
Gentleman,Clubland 23,PSY,"4,357",20.1,25949.0,3520970.0,54.0
SUGAR,Big Swag,BROCKHAMPTON,"4,346",20.1,98352.0,18781944.0,63.0
Everybody Talks,Everybody Talks,Neon Trees,"4,359",20.1,170098.0,45773811.0,74.0
Pump It Up,Pump It Up,Endor,"4,386",20.0,130479.0,31491313.0,66.0
Standing Room Only,Standing Room Only,Tim McGraw,"4,388",20.0,4773.0,1659794.0,50.0
Shotta Flow,Shotta Flow,NLE Choppa,"4,379",20.0,58760.0,6584728.0,17.0
Baddest,Baddest,Yung Bleu,"4,391",20.0,21823.0,2831053.0,49.0
Cigarettes,Fighting Demons (Extended Edition),Juice WRLD,"4,381",20.0,70988.0,10942850.0,64.0
bad,0.1 flaws and all.,wave to earth,"4,377",20.0,21115.0,10469203.0,70.0
ISABELLE,ISABELLE,Sefo,"4,398",20.0,22248.0,2370123.0,53.0
Cure For Me,Cure For Me,AURORA,"4,392",20.0,48700.0,4015128.0,57.0
Pistoleta,Pistoleta,Olexesh,"4,397",20.0,3598.0,10031289.0,59.0
LOYALTY. FEAT. RIHANNA.,DAMN.,Kendrick Lamar,"4,380",20.0,101138.0,18743066.0,73.0
Endless Fashion (feat. Nicki Minaj),Endless Fashion (feat. Nicki Minaj),Lil Uzi Vert,"4,387",20.0,27448.0,5932034.0,59.0
Temporary pyar,Temporary pyar,Kaka,"4,390",20.0,4017.0,329185.0,53.0
AA,AA,Walker Hayes,"4,389",20.0,14613.0,2423704.0,53.0
Phir Bhi Tumko Chaahunga,Half Girlfriend,Mithoon,"4,378",20.0,13462.0,6604073.0,2.0
Passinho Debochado,Passinho Debochado,Dan Ventura,"4,384",20.0,9866.0,2234406.0,45.0
Go Hard,Go Hard - Single,Lil Baby,"4,394",20.0,32101.0,23637848.0,60.0
La La La (Brazil 2014),Shakira. (Deluxe Version),Shakira,"4,395",20.0,17633.0,2897643.0,55.0
i'm yours sped up,i'm yours,Isabel LaRosa,"4,410",19.9,34131.0,11352526.0,67.0
Summer of Love (Shawn Mendes & Tainy),Summer Of Love,Shawn Mendes,"4,406",19.9,43113.0,32173215.0,65.0
Embarrassed (feat. Travis Scott),Embarrassed (feat. Travis Scott),Don Toliver,"4,418",19.9,37394.0,7850736.0,63.0
Carrying Your Love,Carrying Your Love,David Morris,"4,399",19.9,10186.0,1379624.0,50.0
She Don't Give a Fo,"Trapgentina, Vol. 1",Duki,"4,409",19.9,74725.0,14234889.0,70.0
MODELITO,PARAISO,Mora,"4,402",19.9,39605.0,13944608.0,72.0
Would You (go to bed with me?),Would You (go to bed with me?),Campbell,"4,405",19.9,23298.0,16167031.0,71.0
Easy,The Plan,DaniLeigh,"4,403",19.9,7802.0,1222888.0,46.0
UNTOUCHABLE,BORN TO BE,ITZY,"4,422",19.9,3228.0,13953458.0,11.0
Dj Terompet Pemersatu Bangsa,Dj Terompet Pemersatu Bangsa,PAMOKHOL ID,"4,416",19.9,588.0,62520.0,25.0
YOSEMITE,ASTROWORLD,Travis Scott,"4,408",19.9,131213.0,18096403.0,68.0
Demasiadas Mujeres,Demasiadas Mujeres,C. Tangana,"4,423",19.9,75509.0,12398561.0,68.0
T-Shirt,T-Shirt,Migos,"4,420",19.9,81971.0,14843218.0,59.0
Pretty Savage,THE ALBUM,BLACKPINK,"4,421",19.9,34658.0,14268149.0,64.0
"Mann Bharryaa 2.0 (From ""Shershaah"")","Mann Bharryaa 2.0 (From ""Shershaah"")",B Praak,"4,424",19.9,15576.0,5847920.0,61.0
Feel So Close - Radio Edit,Dance Hitlist 2012.1,Calvin Harris,"4,411",19.9,187432.0,87928081.0,79.0
Got What I Got,From the album '9',Jason Aldean,"4,414",19.9,22640.0,3468330.0,59.0
Instant Crush (feat. Julian Casablancas),Random Access Memories,Daft Punk,"4,413",19.9,130991.0,15108911.0,70.0
Young,Vibes,Vacations,"4,431",19.8,136878.0,25723483.0,74.0
"Genius (feat. Sia, Diplo, and Labrinth)",Genius,Sia,"4,449",19.8,82163.0,14384727.0,71.0
Puntos Suspensivos,Ubuntu,Piso 21,"4,430",19.8,28057.0,6384408.0,65.0
Taboo,Meet the Orphans (Deluxe Edition),Don Omar,"4,451",19.8,32972.0,17062785.0,66.0
MALA SANTA,MALA SANTA,Becky G,"4,446",19.8,27387.0,6969852.0,54.0
She Make It Clap,She Make It Clap,Soulja Boy,"4,452",19.8,35497.0,4333964.0,51.0
"Illegal Weapon 2.0 (From ""Street Dancer 3D"")","Illegal Weapon 2.0 (From ""Street Dancer 3D"")",Jasmine Sandlas,"4,434",19.8,12129.0,7879651.0,60.0
A LA ORDEN,A LA ORDEN - Single,Santa Fe Klan,"4,437",19.8,287.0,4319515.0,64.0
Speechless (Full),Aladdin (Original Motion Picture Soundtrack),Naomi Scott,"4,432",19.8,27312.0,13626506.0,63.0
Big Gangsta,Big Gangsta,Kevin Gates,"4,454",19.8,60481.0,4931520.0,56.0
Renegades,Renegades,X Ambassadors,"4,445",19.8,131703.0,26404041.0,70.0
Snow (Hey Oh),Stadium Arcadium (U.S. Version),Red Hot Chili Peppers,"4,442",19.8,203821.0,38556891.0,74.0
People (feat. Ayra Starr & Omah Lay),People (feat. Ayra Starr & Omah Lay) [Remix],Libianca,"4,436",19.8,31367.0,6867479.0,65.0
Mirror,Tha Carter IV (Japan Version),Lil Wayne,"4,433",19.8,113502.0,16875314.0,69.0
Loca - Remix,Loca [Bad Bunny Remix],KHEA,"4,435",19.8,48359.0,16671123.0,62.0
Cuando La Vida Sea Trago,Cuando La Vida Sea Trago,Carin Leon,"4,444",19.8,943.0,5030772.0,60.0
Ocean (feat. Khalid),Ocean (feat. Khalid),Martin Garrix,"4,443",19.8,63348.0,12995383.0,60.0
Por Clave el 13,Seguimos Irremediables,Betillo Guerrero,"4,440",19.8,12775.0,1505898.0,54.0
Cold Heart (Claptone Remix),Cold Heart (Claptone Remix),Elton John,"4,473",19.7,16015.0,4618819.0,52.0
You should be sad,You should be sad,Halsey,"4,490",19.7,56240.0,15063771.0,64.0
Train Wreck,Back from the Edge,James Arthur,"4,464",19.7,106924.0,55494559.0,72.0
Dancing Feet (feat. DNCE),Dancing Feet (feat. DNCE),Kygo,"4,479",19.7,32664.0,28154571.0,61.0
"Ranjha (From ""Shershaah"")","Ranjha (From ""Shershaah"")",Jasleen Royal,"4,478",19.7,31820.0,12294093.0,67.0
Bounce Back,Bounce Back,Big Sean,"4,465",19.7,98581.0,22063307.0,61.0
Sing Me to Sleep,The RCA-List (Vol. 2),Alan Walker,"4,481",19.7,56234.0,10566251.0,56.0
Super Bass,Pink Friday,Nicki Minaj,"4,469",19.7,112252.0,49283690.0,74.0
Ex's & Oh's,Love Stuff (Japan Version),Elle King,"4,466",19.7,87258.0,27223463.0,66.0
Boys,Boys,Charli xcx,"4,461",19.7,22760.0,6840979.0,52.0
Chorei na Vaquejada,Chorei na Vaquejada,Eric Land,"4,462",19.7,8494.0,11387986.0,63.0
Zarzour,Zarzour,Lartiste,"4,457",19.7,9392.0,2015738.0,57.0
Ella,Corridos Tumbados,Junior H,"4,486",19.7,42797.0,7070994.0,69.0
REPEAT IT,REPEAT IT,Lil Tecca,"4,467",19.7,70149.0,13900314.0,54.0
Teri Aankhon Mein,Teri Aankhon Mein,Darshan Raval,"4,468",19.7,6814.0,1406482.0,54.0
Way Back Home,Take,SHAUN,"4,475",19.7,29803.0,3666168.0,63.0
NDA,NDA,Billie Eilish,"4,460",19.7,59316.0,13920863.0,70.0
Casper,The Last Rocket,Takeoff,"4,459",19.7,72603.0,7243039.0,63.0
Cry Baby (feat. DaBaby),Good News,Megan Thee Stallion,"4,480",19.7,38294.0,10075280.0,59.0
Cumbia Buena,Cumbia Buena,Grupo la Cumbia,"4,476",19.7,8655.0,6561177.0,55.0
8 Raflaan (feat. Gurlez Akhtar),8 Raflaan (feat. Gurlez Akhtar),Mankirt Aulakh,"4,477",19.7,4241.0,547609.0,46.0
DFMU,DFMU,Ella Mai,"4,491",19.7,13316.0,1804462.0,56.0
Slippery (feat. Gucci Mane),Culture,Migos,"4,474",19.7,101794.0,18074301.0,61.0
Woo Baby (feat. Chris Brown),Faith,Pop Smoke,"4,482",19.7,69258.0,5943506.0,62.0
Haegeum,D-DAY,Agust D,"4,485",19.7,8884.0,17220812.0,75.0
Sisa Rasa,Sisa Rasa,Mahalini,"4,484",19.7,13527.0,3805292.0,36.0
Don't Rush (feat. Headie One),Don't Rush (feat. Headie One),Young T & Bugsey,"4,492",19.7,69599.0,10534579.0,54.0
The Heart Part 5,The Heart Part 5,Kendrick Lamar,"4,470",19.7,41371.0,4068649.0,59.0
A Ella,A Ella,KAROL G,"4,456",19.7,18085.0,10037406.0,71.0
Nachts wach,Nachts wach - Single,Miksu / Macloud,"4,518",19.6,57396.0,2682682.0,62.0
Superpowers,NEVER ENOUGH,Daniel Caesar,"4,532",19.6,16616.0,12404532.0,72.0
Who's Laughing Now,Who's Laughing Now,Ava Max,"4,522",19.6,34897.0,3519653.0,57.0
2 Million Up,ONLY BUILT 4 DIAMOND LINKS,Peezy,"4,503",19.6,22057.0,7294297.0,56.0
In the morning,GUESS WHO,ITZY,"4,499",19.6,21243.0,3562675.0,60.0
Such a Whore (Stellular Remix),Such a Whore (Stellular Remix),JVLA,"4,500",19.6,50016.0,14263219.0,61.0
Medusa,Medusa,Jhay Cortez,"4,514",19.6,47086.0,12435270.0,58.0
SEJODIOTO,SEJODIOTO,KAROL G,"4,533",19.6,29760.0,11290192.0,66.0
Welcome To The Party,Welcome To The Party,Pop Smoke,"4,531",19.6,102073.0,10291092.0,61.0
ARRANCARMELO,ARRANCARMELO,WOS,"4,504",19.6,36161.0,8039699.0,63.0
Uno,Uno,Ambjaay,"4,497",19.6,25190.0,4018662.0,47.0
Country Girl (Shake It For Me),Tailgates & Tanlines,Luke Bryan,"4,530",19.6,69767.0,12116553.0,70.0
The Greatest Show,The Greatest Show,Hugh Jackman,"4,511",19.6,53558.0,7170543.0,65.0
Stupid Love,Stupid Love,Lady Gaga,"4,524",19.6,41379.0,13698064.0,62.0
ATM,ATM - Single,Nemzzz,"4,523",19.6,1641.0,8841671.0,67.0
Di Que Si,Di Que Si,Grupo Marca Registrada,"4,520",19.6,22061.0,8857760.0,61.0
Doin' Time,Norman Fucking Rockwell!,Lana Del Rey,"4,496",19.6,87833.0,27581024.0,74.0
Come & Get It,Stars Dance,Selena Gomez,"4,526",19.6,56547.0,23398521.0,64.0
I.F.L.Y.,I.F.L.Y.,Bazzi,"4,529",19.6,73008.0,13922244.0,65.0
Crazy Story,"Grandson, Vol. 1",King Von,"4,521",19.6,38453.0,1768938.0,65.0
CARNAL,CARNAL,Peso Pluma,"4,508",19.6,16108.0,4577460.0,69.0
AirBnb,Valedictorian,ian,"4,519",19.6,1230.0,392098.0,67.0
Queen of Mean,Descendants 3 (Original TV Movie Soundtrack),Sarah Jeffery,"4,517",19.6,14432.0,11298588.0,60.0
Minefields,Minefields,Faouzia,"4,513",19.6,23825.0,5329581.0,57.0
my future,my future,Billie Eilish,"4,502",19.6,69326.0,20986678.0,64.0
The Way I Are,Shock Value (International Version),Timbaland,"4,495",19.6,177813.0,63919947.0,78.0
God is a woman,God is a woman,Ariana Grande,"4,527",19.6,83580.0,36516267.0,70.0
SNAP - High and Fast,SNAP PACK - EP,Rosa Linn,"4,548",19.5,15155.0,4683187.0,59.0
When I Grow Up,When I Grow Up,NF,"4,542",19.5,64001.0,7457128.0,66.0
Pa Mi,Pa Mi,Dalex,"4,563",19.5,7202.0,909473.0,34.0
Tera Fitoor,"Tera Fitoor (From ""Genius"")",Arijit Singh,"4,545",19.5,8561.0,5661296.0,68.0
Traicionera,Traicionera,Sebastian Yatra,"4,559",19.5,47448.0,15918487.0,67.0
Already Dead,Already Dead,Juice WRLD,"4,566",19.5,68879.0,11741541.0,61.0
Kokomo,The Very Best Of The Beach Boys: Sounds Of Summer (Expanded Edition Super Deluxe),The Beach Boys,"4,564",19.5,128.0,7504.0,25.0
Cham Cham,Baaghi,Meet Bros.,"4,543",19.5,3414.0,1082794.0,45.0
What's Love Got to Do with It,What's Love Got to Do with It,Kygo,"4,549",19.5,58370.0,25841346.0,62.0
Delilah (pull me out of this),Delilah (pull me out of this),Fred again..,"4,555",19.5,38159.0,7282524.0,61.0
Outside Today,Outside Today,YoungBoy Never Broke Again,"4,561",19.5,77541.0,8703094.0,65.0
Don't You Worry Child - Radio Edit,Until Now,Swedish House Mafia,"4,557",19.5,203395.0,83814501.0,76.0
Focus,Focus,Ariana Grande,"4,551",19.5,27166.0,9169246.0,57.0
Fuentes de Ortiz,mix pa llorar en tu cuarto,Ed Maverick,"4,538",19.5,66332.0,17627488.0,71.0
Freezing,Freezing - EP,purpl,"4,550",19.5,8.0,565.0,1.0
NASTY,NASTY,Russ,"4,560",19.5,9896.0,632527.0,50.0
Mama's Boy,Mama's Boy,Dominic Fike,"4,535",19.5,24570.0,9827231.0,69.0
Welcome To Brixton,Welcome To Brixton,SR,"4,565",19.5,92484.0,4912325.0,61.0
MEMORIES!,TROUBLED MEMORIES!,347aidan,"4,541",19.5,76523.0,6879843.0,62.0
Morado,Morado,J Balvin,"4,553",19.5,65140.0,16620315.0,58.0
The Hillbillies,The Hillbillies,Baby Keem,"4,537",19.5,29361.0,8124531.0,63.0
Asesina - Remix,Asesina (Remix),Brytiago,"4,554",19.5,41294.0,10037160.0,57.0
Braten,Braten,Steps,"4,562",19.5,390.0,6228.0,25.0
Happiest Year,Feel Something (Deluxe),Jaymes Young,"4,540",19.5,84220.0,23944018.0,69.0
For the Last Time,For the Last Time,$uicideboy$,"4,585",19.4,65770.0,5103054.0,71.0
Dil Meri Na Sune,"Dil Meri Na Sune (From ""Genius"")",Atif Aslam,"4,575",19.4,4602.0,1449767.0,56.0
Grace (feat. 42 Dugg),My Turn,Lil Baby,"4,571",19.4,72066.0,6704802.0,65.0
Nashe Si Chadh Gayi,November Top 10 Songs,Arijit Singh,"4,591",19.4,14037.0,7387064.0,66.0
