Track,Album Name,Artist,All Time Rank,Track Score,Spotify Playlist Count,Spotify Playlist Reach,Spotify Popularity,Genres
MILLION DOLLAR BABY,Million Dollar Baby - Single,Tommy Richman,1,725.4,30716.0,196631588.0,92.0,"indie pop, pop"
Not Like Us,Not Like Us,Kendrick Lamar,2,545.9,28113.0,174597137.0,92.0,"west coast hip hop, hip hop"
i like the way you kiss me,I like the way you kiss me,Artemas,3,538.4,54331.0,211607669.0,92.0,"r&b, pop"
Flowers,Flowers - Single,Miley Cyrus,4,444.9,269802.0,136569078.0,85.0,"soft rock, pop"
Houdini,Houdini,Eminem,5,423.3,7223.0,151469874.0,88.0,"hip hop, rap"
Lovin On Me,Lovin On Me,Jack Harlow,6,410.1,105892.0,175421034.0,83.0,"trap, hip hop, pop"
Beautiful Things,Beautiful Things,Benson Boone,7,407.2,73118.0,201585714.0,86.0,"alternative pop, pop"
Gata Only,Gata Only,FloyyMenor,8,375.8,40094.0,211236940.0,92.0,"reggaeton chileno, reggaeton, chilean mambo, chilean trap"
Gata Only,Gata Only,FloyyMenor,8,375.8,40094.0,211236940.0,92.0,"reggaeton chileno, reggaeton, chilean mambo, chilean trap"
Danza Kuduro - Cover,ýýýýýýýýýýýýýýýýýýýýý - ýýýýýýýýýýýýýýýýýý -,MUSIC LAB JPN,9,355.7,1.0,15.0,,"latin, reggaeton, pop, dance"
Danza Kuduro - Cover,ýýýýýýýýýýýýýýýýýýýýý - ýýýýýýýýýýýýýýýýýý -,MUSIC LAB JPN,9,355.7,1.0,15.0,,"latin, reggaeton, pop"
Danza Kuduro - Cover,ýýýýýýýýýýýýýýýýýýýýý - ýýýýýýýýýýýýýýýýýý -,MUSIC LAB JPN,9,355.7,1.0,15.0,,"pop, latin, reggaeton, dance"
Danza Kuduro - Cover,ýýýýýýýýýýýýýýýýýýýýý - ýýýýýýýýýýýýýýýýýý -,MUSIC LAB JPN,9,355.7,1.0,15.0,,"latin, reggaeton, dancehall"
Danza Kuduro - Cover,ýýýýýýýýýýýýýýýýýýýýý - ýýýýýýýýýýýýýýýýýý -,MUSIC LAB JPN,9,355.7,1.0,15.0,,"pop, latin, reggaeton, dance"
BAND4BAND (feat. Lil Baby),BAND4BAND (feat. Lil Baby),Central Cee,10,330.6,10400.0,184199419.0,86.0,"drill, uk drill, grime"
I Had Some Help (feat. Morgan Wallen),I Had Some Help,Post Malone,11,322.1,16219.0,168766158.0,91.0,country
I Had Some Help (feat. Morgan Wallen),I Had Some Help,Post Malone,11,322.1,16219.0,168766158.0,91.0,country
The Door,The Door,Teddy Swims,12,320.2,2.0,263767.0,,"pop, r&b, soul"
LUNCH,HIT ME HARD AND SOFT,Billie Eilish,13,316.3,13800.0,197280692.0,92.0,"alternative pop, dark pop"
Like That,WE DON'T TRUST YOU,Future,14,308.2,43025.0,108168634.0,88.0,"west coast hip hop, hip hop, rap"
bathroom floor,bathroom floor,Kids With Buns,15,301.6,277.0,24445.0,12.0,"indie pop, bedroom pop"
LALA,LALA - Single,Myke Towers,16,299.9,103605.0,79944921.0,79.0,"trap latino, urbano latino, reggaeton"
Fortnight (feat. Post Malone),THE TORTURED POETS DEPARTMENT,Taylor Swift,17,297.6,12784.0,177932568.0,89.0,"pop, country-pop"
greedy,greedy,Tate McRae,18,293.7,105218.0,198845580.0,87.0,"alternative pop, pop"
BLUE,HIT ME HARD AND SOFT,Billie Eilish,19,292.6,6499.0,52287548.0,86.0,"electropop, alternative pop, dark pop"
As It Was,As It Was,Harry Styles,20,292.0,407119.0,169783402.0,87.0,"soft rock, pop, pop rock"
Paint The Town Red,Paint The Town Red,Doja Cat,21,290.5,170890.0,121712197.0,78.0,"trap, hip hop, pop"
Espresso,Espresso,Sabrina Carpenter,22,281.5,24425.0,262343414.0,95.0,"electropop, pop"
Danza Kuduro - Cover,CLUB DE YOKUKIKU YOUGAKU MEDLEY,MUSIC LAB JPN,23,279.0,10.0,655.0,,"latin, reggaeton, pop, dance"
Danza Kuduro - Cover,CLUB DE YOKUKIKU YOUGAKU MEDLEY,MUSIC LAB JPN,23,279.0,10.0,655.0,,"latin, reggaeton, pop"
Danza Kuduro - Cover,CLUB DE YOKUKIKU YOUGAKU MEDLEY,MUSIC LAB JPN,23,279.0,10.0,655.0,,"pop, latin, reggaeton, dance"
Danza Kuduro - Cover,CLUB DE YOKUKIKU YOUGAKU MEDLEY,MUSIC LAB JPN,23,279.0,10.0,655.0,,"latin, reggaeton, dancehall"
Danza Kuduro - Cover,CLUB DE YOKUKIKU YOUGAKU MEDLEY,MUSIC LAB JPN,23,279.0,10.0,655.0,,"pop, latin, reggaeton, dance"
TEXAS HOLD 'EM,TEXAS HOLD 'EM,Beyoncï¿,24,278.9,34044.0,152928632.0,86.0,"art pop, pop"
Future,Future,official sound studio,25,277.5,1.0,2.0,,"trap, electronic, hip hop"
Beat Automotivo Tan Tan Tan Viral,Beat Automotivo Tan Tan Tan Viral,WZ Beat,26,268.1,3504.0,661084.0,35.0,"brazilian phonk, phonk"
STAY (with Justin Bieber),STAY (with Justin Bieber),The Kid LAROI,27,266.3,451732.0,134793519.0,78.0,"r&b, hip hop, pop"
Baby Shark,ýýýýýýýýý ýýýýýý ýýýýýýýýýýýý,Pinkfong,28,265.7,60945.0,7530769.0,71.0,"lullaby, children's music"
we can't be friends (wait for your love),eternal sunshine,Ariana Grande,29,262.8,26203.0,197494995.0,87.0,pop
Numb / Encore,Papercuts,JAY-Z,30,256.0,128.0,485454.0,,"nu metal, hip hop, alternative metal, rap, rap metal, rock, east coast hip hop"
Danza Kuduro - Cover,ýýýýýýýýýýýýýýýýýýýýýýýýýýý ýýýýýýýýýýýýýýýýýýýýýýýýýýý,LOVE BGM JPN,31,249.8,,,,"pop, latin, reggaeton, dance"
SHEESH,BABYMONS7ER,BABYMONSTER,32,237.5,3479.0,25936342.0,82.0,k-pop
Water,Water,Tyla,33,234.6,98450.0,150471020.0,83.0,afrobeats
Strangers,Strangers,Kenya Grace,34,233.5,139141.0,103879363.0,79.0,"contemporary christian, christian, pop"
Too Sweet,Unreal Unearth: Unheard,Hozier,35,231.6,23557.0,67488850.0,,"blues, gospel, soul, folk"
Too Sweet,Unreal Unearth: Unheard,Hozier,35,231.6,23557.0,67488850.0,,"blues, gospel, soul, folk"
What's Love Got to Do with It - 2023 Remaster,What's Love Got to Do with It (30th Anniversary Deluxe Edition),Tina Turner,36,230.0,7.0,1519.0,,"r&b, rock, pop"
A Bar Song (Tipsy),A Bar Song (Tipsy),Shaboozey,37,226.4,25766.0,180237463.0,96.0,"indie pop, indie folk, alternative"
A Bar Song (Tipsy),A Bar Song (Tipsy),Shaboozey,37,226.4,25766.0,180237463.0,96.0,"indie pop, indie folk, pop"
Lose Control,Lose Control,Teddy Swims,38,224.1,88239.0,180617454.0,87.0,"soul, r&b, pop"
fukumean,fukumean,Gunna,39,221.1,188142.0,80392612.0,80.0,melodic rap
Dance Monkey,Dance Monkey,Tones And I,40,214.5,375201.0,64901153.0,71.0,"indie pop, dance-pop, pop"
BIRDS OF A FEATHER,HIT ME HARD AND SOFT,Billie Eilish,41,212.8,10871.0,202626837.0,92.0,"alternative pop, dark pop"
Cupid ï¿½ï¿½ï¿½ Twin Ver. (FIFTY FIFTY) ï¿½ï¿½ï¿½ Spe,Cupid ï¿½ï¿½ï¿½ Twin Ver. (FIFTY FIFTY) ï¿½ï¿½ï¿½ Spe,sped up 8282,42,211.2,27827.0,5784546.0,41.0,k-pop
I'm Good (Blue),I'm Good (Blue),David Guetta,43,209.6,262248.0,239957538.0,83.0,"edm, dance"
Daylight,Daylight,David Kushner,44,207.0,177800.0,85255689.0,82.0,"alternative pop, pop"
My Love Mine All Mine,The Land Is Inhospitable and So Are We,Mitski,45,206.2,105927.0,92834002.0,86.0,"indie pop, indie rock, alternative"
Please Please Please,Please Please Please,Sabrina Carpenter,46,205.7,2572.0,183043096.0,83.0,"synth-pop, pop"
Houdini,Houdini - Single,Dua Lipa,47,205.1,45300.0,87874006.0,80.0,pop
Danza Kuduro - Cover,GEKIATU BEST AGE SONG - CLUB SONG,MUSIC LAB JPN,48,204.4,9.0,85.0,,"latin, reggaeton, pop, dance"
Danza Kuduro - Cover,GEKIATU BEST AGE SONG - CLUB SONG,MUSIC LAB JPN,48,204.4,9.0,85.0,,"latin, reggaeton, pop"
Danza Kuduro - Cover,GEKIATU BEST AGE SONG - CLUB SONG,MUSIC LAB JPN,48,204.4,9.0,85.0,,"pop, latin, reggaeton, dance"
Danza Kuduro - Cover,GEKIATU BEST AGE SONG - CLUB SONG,MUSIC LAB JPN,48,204.4,9.0,85.0,,"latin, reggaeton, dancehall"
Danza Kuduro - Cover,GEKIATU BEST AGE SONG - CLUB SONG,MUSIC LAB JPN,48,204.4,9.0,85.0,,"pop, latin, reggaeton, dance"
If We Ever Broke Up,If We Ever Broke Up,Mae Stephens,49,203.6,43923.0,46133083.0,69.0,"alternative pop, pop"
Despacito,Despacito (Featuring Daddy Yankee),Luis Fonsi,50,203.5,178114.0,49464650.0,74.0,"latin, reggaeton"
euphoria,euphoria,Kendrick Lamar,51,202.1,17168.0,62516401.0,86.0,"west coast hip hop, hip hop"
Panda Basi,Panda Basi - EP,Mvua,52,200.3,249.0,8585.0,25.0,"bongo flava, afrobeat, afropop"
Calm Down (with Selena Gomez),Calm Down (with Selena Gomez),Rema,53,198.0,163876.0,130963116.0,77.0,"afrobeat, afropop, afrobeats, pop, afropiano"
Shape of You,Shape of You,Ed Sheeran,54,195.1,316378.0,148037882.0,80.0,soft pop
Mitu,Mitu - Single,Maian,55,194.3,42.0,16861.0,13.0,"latin, reggaeton, tropical, pop"
Blinding Lights,Blinding Lights,The Weeknd,56,194.0,590392.0,165544011.0,83.0,"pop, r&b, synth-pop, darkwave"
Creepin' (with The Weeknd & 21 Savage),HEROES & VILLAINS,Metro Boomin,57,192.3,228295.0,64806723.0,80.0,"trap, r&b, hip hop"
Dona Felicidade,Dona Felicidade,Patati Patatï¿,58,190.0,2.0,41206.0,,"lullaby, children's music"
Danza Kuduro - Cover,YOUGAKU MORIMORI CLUB MEDLEY,MUSIC LAB JPN,59,190.0,1.0,3.0,,"latin, reggaeton, pop, dance"
Danza Kuduro - Cover,YOUGAKU MORIMORI CLUB MEDLEY,MUSIC LAB JPN,59,190.0,1.0,3.0,,"latin, reggaeton, pop"
Danza Kuduro - Cover,YOUGAKU MORIMORI CLUB MEDLEY,MUSIC LAB JPN,59,190.0,1.0,3.0,,"pop, latin, reggaeton, dance"
Danza Kuduro - Cover,YOUGAKU MORIMORI CLUB MEDLEY,MUSIC LAB JPN,59,190.0,1.0,3.0,,"latin, reggaeton, dancehall"
Danza Kuduro - Cover,YOUGAKU MORIMORI CLUB MEDLEY,MUSIC LAB JPN,59,190.0,1.0,3.0,,"pop, latin, reggaeton, dance"
Unholy (feat. Kim Petras),Unholy (feat. Kim Petras),Sam Smith,60,189.1,210583.0,95974138.0,74.0,soft pop
Stereo Love - Melodic,Stereo Love Deluxe (feat. Vika Jigulina),Edward Maya,61,187.9,2.0,135.0,9.0,"eurodance, romanian dance, electronic, house"
Very Cute Melody by Marimba Tone (39813),Very Cute Melody by Marimba Tone (39813),mitsu sound,62,186.5,2.0,801.0,,dark trap
Supernova,Supernova,aespa,63,186.1,2483.0,21046278.0,81.0,k-pop
Me Porto Bonito,Un Verano Sin Ti,Bad Bunny,64,184.8,173358.0,67603671.0,79.0,"trap latino, urbano latino, latin, reggaeton"
Back That Azz Up (feat. Lil Wayne & Mannie Fresh),400 Degreez (Deluxe Edition),JUVENILE,65,181.4,4.0,98.0,,"hip hop, crunk, rap, southern hip hop, bounce"
Calm Down,Calm Down,Rema,66,180.1,182994.0,19203258.0,68.0,"afropiano, afrobeats, afrobeat, afropop"
CARNIVAL,CARNIVAL,ýý$,67,179.6,53842.0,103935623.0,84.0,"g-house, electro house, tech house, bass house"
Kill Bill,SOS,SZA,68,177.7,190202.0,99546318.0,82.0,r&b
"What Was I Made For? [From The Motion Picture ""Barbie""]","What Was I Made For? (From The Motion Picture ""Barbie"")",Billie Eilish,69,177.6,114560.0,97542546.0,82.0,"indie pop, alternative pop, pop"
Babba,Black Book ID's: Chapter 5 - EP,Guy Mac,70,176.2,252.0,21930.0,6.0,tech house
Heat Waves,Heat Waves,Glass Animals,71,175.0,486278.0,112416489.0,82.0,"indie pop, psychedelic pop, alternative r&b"
In the End,Papercuts,Linkin Park,72,174.8,97.0,488602.0,,"nu metal, rap metal, rock, alternative metal"
"Shakira: Bzrp Music Sessions, Vol. 53","Shakira: Bzrp Music Sessions, Vol. 53",Bizarrap,73,174.3,100130.0,74836321.0,74.0,"trap latino, urbano latino, argentine trap, latin pop"
The Way We Move - Extended Mix,The Way We Move,PowerDress,74,173.6,38.0,15023.0,4.0,nu disco
Old Town Road,Old Town Road,Lil Nas X,75,170.3,127393.0,18652312.0,67.0,"country rap, country, hip hop, trap"
un x100to,un x100to,Grupo Frontera,76,170.2,99381.0,57394938.0,75.0,"corridos bélicos, trap latino, urbano latino, tejano, grupera, corridos tumbados, corrido, norteño, banda, reggaeton, cumbia norteña, latin, música mexicana"
Laxed ï¿½ï¿½ï¿½ Sire,Laxed (Siren Beat),Jawsh 685,77,168.9,10230.0,1142937.0,,"melodic dubstep, chillwave, tropical house"
Sprinter,Sprinter - Single,Dave,78,168.1,199828.0,55464762.0,78.0,"drill, uk drill, grime"
CHIHIRO,HIT ME HARD AND SOFT,Billie Eilish,79,167.8,11028.0,144854768.0,90.0,"alternative pop, dark pop"
TQG,TQG,KAROL G,80,167.8,78554.0,69319589.0,78.0,"urbano latino, latin, reggaeton, latin pop"
Perfect,ýý (Deluxe),Ed Sheeran,81,167.5,280165.0,116921604.0,81.0,soft pop
Pepas,Pepas,Farruko,82,167.3,359502.0,125112486.0,74.0,"trap latino, latin, reggaeton"
Peekaboo,Glide - Single,Dave Angel,83,167.2,63.0,32758.0,,"acid house, acid techno"
Ella Baila Sola,Ella Baila Sola,Eslabon Armado,84,166.5,129463.0,39814172.0,74.0,"corridos bélicos, sierreño, corridos tumbados, corrido, banda, sad sierreño, electro corridos, música mexicana"
Dance The Night - From Barbie The Album,Dance The Night (From Barbie The Album),Dua Lipa,85,166.2,74769.0,139913794.0,80.0,pop
La Bebe - Remix,La Bebe (Remix),Yng Lvcas,86,164.9,94887.0,74469479.0,79.0,"corridos bélicos, corrido, reggaeton mexa, reggaeton, electro corridos, sad sierreño, banda, música mexicana, corridos tumbados"
redrum,american dream,21 Savage,87,164.8,57311.0,144298748.0,,"trap, hip hop"
Easy On Me,Easy On Me,Adele,88,163.2,209635.0,93875458.0,73.0,soft pop
Titï¿½ï¿½ Me Pregu,Un Verano Sin Ti,Bad Bunny,89,163.1,190692.0,77283361.0,77.0,"boom bap, jazz rap, alternative hip hop, experimental hip hop"
All My Life (feat. J. Cole),All My Life (feat. J. Cole),Lil Durk,90,162.0,108322.0,41018697.0,68.0,"drill, rap"
Anti-Hero,Midnights,Taylor Swift,91,161.8,117005.0,97456780.0,80.0,"alternative pop, pop"
"Quevedo: Bzrp Music Sessions, Vol. 52","Quevedo: Bzrp Music Sessions, Vol. 52",Bizarrap,92,161.7,209490.0,88591675.0,78.0,"trap latino, urbano latino, reggaeton, argentine trap"
Magnetic,SUPER REAL ME,ILLIT,93,161.0,11500.0,90584540.0,86.0,k-pop
Lollipop,EVERYBODY GO TO THE DISCOTEK,Darell,94,158.2,37806.0,22826643.0,70.0,"trap latino, urbano latino, reggaeton, dembow"
La Diabla,La Diabla - Single,Xavi,95,155.9,27544.0,47789063.0,83.0,"corridos bélicos, corridos tumbados, corrido, banda, sad sierreño, música mexicana"
Boy's a Liar Pt. 2,Boy's a liar Pt. 2,PinkPantheress,96,153.6,129047.0,50996176.0,70.0,bedroom pop
Snooze,SOS,SZA,97,153.3,108036.0,86470319.0,84.0,r&b
BELLAKEO,BELLAKEO,Peso Pluma,98,153.1,26065.0,79152427.0,86.0,"corridos bélicos, pagode baiano, funk, corridos tumbados, corrido, brazilian pop, banda, sad sierreño, electro corridos, funk carioca, música mexicana, funk pop"
Agora Hills,Scarlet,Doja Cat,99,152.8,66219.0,67521533.0,,"r&b, hip hop, pop"
Prada,Prada,cassï¿,100,152.5,128498.0,160755092.0,83.0,"pop, electronic, synth-pop, hyperpop"
Montagem Rave Eterno,Montagem Rave Eterno,Dj Samir,101,152.3,470.0,2924720.0,,"hypertechno, brazilian phonk, phonk"
Lil Boo Thang,Lil Boo Thang,Paul Russell,102,152.1,37170.0,74130983.0,76.0,"trap, r&b, hip hop"
MONACO,nadie sabe lo que va a pasar maï¿½ï¿,Bad Bunny,103,150.7,73306.0,51842133.0,78.0,"trap latino, urbano latino, latin, reggaeton"
Laxed (Siren Beat),Laxed (Siren Beat),Jawsh 685,104,150.5,7240.0,1708319.0,43.0,"melodic dubstep, electronic, tropical house, pop"
(It Goes Like) Nanana - Edit,(It Goes Like) Nanana [Edit],Peggy Gou,105,150.4,163449.0,127827271.0,77.0,"house, electronic, tech house"
Training Season,Training Season,Dua Lipa,106,148.9,16811.0,92985554.0,76.0,pop
Type Shit,WE DON'T TRUST YOU,Future,107,148.1,28064.0,84737651.0,84.0,"rage rap, rap"
Armageddon,Armageddon - The 1st Album,aespa,108,147.4,1262.0,26204483.0,74.0,k-pop
The Box,Please Excuse Me For Being Antisocial,Roddy Ricch,109,146.6,317345.0,87765033.0,78.0,melodic rap
INDUSTRY BABY (feat. Jack Harlow),INDUSTRY BABY (feat. Jack Harlow),Lil Nas X,110,145.3,354831.0,87942438.0,70.0,"trap, pop rap, hip hop, pop"
Pedro,Pedro - Single,Jaxomy,111,144.6,27654.0,159737263.0,85.0,"latin pop, pop"
Fast Car,Gettin' Old,Luke Combs,112,144.5,73116.0,58391498.0,80.0,country
Bling-Bang-Bang-Born,Bling-Bang-Bang-Born,Creepy Nuts,113,144.0,22222.0,13870528.0,80.0,"j-pop, j-rap, anime"
Aesthetic,Aesthetic,Tollan Kim,114,144.0,2311.0,535908.0,44.0,"k-pop, synth-pop, electronic, pop"
Sunflower - Spider-Man: Into the Spider-Verse,Sunflower (Spider-Man: Into the Spider-Verse),Post Malone,116,143.9,392082.0,123917182.0,79.0,"trap, hip hop, pop"
Hands,Hands,Dianï¿½,115,143.9,8.0,212.0,1.0,"synthwave, electropop, synth-pop"
Saturn,Saturn - Single,SZA,117,142.8,21104.0,154253718.0,87.0,r&b
Chegou a Hora de Ir para Cama (Playback),3 Palavrinhas Vol.9 (Playback),3 Palavrinhas,118,142.4,,,,"lullaby, children's music"
Believer,Believer,Imagine Dragons,119,142.2,335880.0,89243475.0,81.0,"alternative rock, arena rock, pop rock"
WAIT FOR U (feat. Drake & Tems),WAIT FOR U (feat. Drake & Tems),Future,120,141.0,183850.0,58397185.0,77.0,"alté, hip hop, afrobeat, rap, afrobeats"
I KNOW ?,UTOPIA,Travis Scott,121,139.5,128534.0,31725858.0,81.0,rap
ANDO,ANDO,Jere Klein,122,139.0,28591.0,30905957.0,72.0,"rkt, mambo, chilean trap, chilean mambo, reggaeton chileno"
First Class,First Class,Jack Harlow,123,138.6,223609.0,49586777.0,71.0,"trap, hip hop, pop"
FE!N,UTOPIA,Travis Scott,124,137.8,129923.0,93969186.0,86.0,"rage rap, rap"
Save Your Tears - Live,After Hours (Live At SoFi Stadium),The Weeknd,125,137.7,545.0,1054122.0,40.0,"r&b, synth-pop, pop"
Losing Interest - Original Mix,Losing Interest (Original),Goovex,126,136.4,5.0,5973.0,1.0,lo-fi
I Ain't Worried,"I Ainï¿½ï¿½ï¿½t Worried (Music From The Motion Pi""Top Gun: Maverick"")",OneRepublic,127,136.2,212406.0,160444270.0,83.0,soft pop
MI EX TENï¿½ï¿½A RA,MAï¿½ï¿½ANA SERï¿½ï¿½ BONITO (BICHOTA,KAROL G,128,136.2,23959.0,34805394.0,78.0,"trap latino, reggaeton, trap"
Drained of Color,Drained of Color,Exhumed,129,134.0,635.0,18765.0,16.0,"death metal, grindcore"
Mood (feat. iann dior),Mood (feat. Iann Dior),24kGoldn,130,133.0,302486.0,82611625.0,76.0,melodic rap
Dynamite,Dynamite,BTS,131,132.3,144619.0,51186002.0,74.0,k-pop
Looking Like a Wow End of Year 2023,Looking Like a Wow,WasteLand,132,130.7,3.0,8.0,,"trap, hip hop"
Someone You Loved,Breach,Lewis Capaldi,133,129.7,338763.0,160553919.0,82.0,soft pop
Acrï¿½ï¿½s,Acrï¿½ï¿½stico - Si,Shakira,134,129.6,23091.0,12233221.0,64.0,"reggaeton, melodic rap"
Made You Look,Takin' It Back,Meghan Trainor,135,129.5,74295.0,89509926.0,77.0,"r&b, doo-wop, pop"
PHONK BRASILEIRO FRESCO (Slowed + Reverb),PHONK BRASILEIRO FRESCO,DJ MOIGUS,136,129.4,351.0,43395.0,34.0,"brazilian phonk, phonk"
"Sooseki (From ""Pushpa 2 The Rule"") [TELUGU]","Sooseki (From ""Pushpa 2 The Rule"") [TELUGU]",Shreya Ghoshal,137,129.1,62.0,1433870.0,,"kannada pop, tamil dance, bollywood, tamil pop, hindi pop, sandalwood, marathi pop, desi, telugu pop, kollywood, tollywood"
vampire,vampire,Olivia Rodrigo,138,128.9,90793.0,87801398.0,18.0,"alternative pop, pop"
Casca de Bala,A Cara das Vaquejadas 3.0,Thullio Milionï¿½ï¿,139,128.5,2052.0,30387641.0,74.0,"forró, piseiro, arrocha"
Back,Back,LOLA,140,128.0,92.0,15747.0,3.0,"electronic, synth-pop, pop"
People,People - Single,Libianca,141,127.8,121823.0,45030006.0,74.0,"afrobeats, afrobeat"
Jedag Jedug Capcut 2024,Jedag Jedug Capcut 2024,Afrian Af,142,127.4,1.0,47.0,,funkot
Lady Killers II (Christoph Andersson Remix),Lady Killers II (Christoph Andersson Remix),G-Eazy,143,127.3,10537.0,11716074.0,,"hip hop, alternative hip hop, rap, experimental hip hop"
I Don't Wanna Wait,I Don't Wanna Wait,David Guetta,144,126.9,10564.0,180987712.0,84.0,"soft pop, edm, dance"
Abc,Abc,J Ross,145,126.6,5.0,5100.0,1.0,"smooth jazz, musicals"
La Bachata,La Bachata,Manuel Turizo,146,126.2,156941.0,97122096.0,81.0,"latin, reggaeton, colombian pop"
ýýýýýýýýýýýýýýýýýýýýý,ýýýýýýýýýýýýýýýýýýýýý,FLI:P,147,125.4,1972.0,488653.0,44.0,singer-songwriter
Peaches (feat. Daniel Caesar & Giveon),Justice,Justin Bieber,148,125.2,282719.0,97390961.0,74.0,r&b
Don't Start Now,Don't Start Now,Dua Lipa,149,124.6,270230.0,143953432.0,78.0,pop
Lucid Dreams,Lucid Dreams,Juice WRLD,150,123.9,339306.0,75858140.0,78.0,"melodic rap, emo rap"
PROVENZA,PROVENZA,KAROL G,151,123.8,103026.0,64847502.0,76.0,"urbano latino, latin, reggaeton"
WAP (feat. Megan Thee Stallion),WAP (feat. Megan Thee Stallion),Cardi B,152,123.4,171255.0,53040559.0,72.0,"trap, hip hop, rap"
SPOT!,SPOT!,ZICO,153,122.8,3407.0,35428519.0,81.0,"k-pop, k-rap"
Family Matters,Family Matters,Drake,154,122.7,8696.0,36774031.0,86.0,"hip hop, rap"
Again,Missing,Kurochuu,155,122.5,2.0,2190.0,2.0,lo-fi
Seven (feat. Latto) (Explicit Ver.),Seven (feat. Latto),Jung Kook,156,122.4,54950.0,91343768.0,80.0,k-pop
Last Night,3 Songs At A Time Sampler,Morgan Wallen,157,121.9,107189.0,61174155.0,79.0,country
Too Sweet,Unreal Unearth: Unheard,Hozier,158,121.2,22396.0,130752527.0,85.0,"blues, gospel, soul, folk"
Too Sweet,Unreal Unearth: Unheard,Hozier,158,121.2,22396.0,130752527.0,85.0,"blues, gospel, soul, folk"
Bad Habits,#NAME?,Ed Sheeran,159,120.8,271758.0,62218811.0,74.0,soft pop
QLONA,MAï¿½ï¿½ANA SERï¿½ï¿½ BONITO (BICHOTA,KAROL G,160,120.7,56104.0,79334561.0,82.0,"corridos bélicos, urbano latino, corrido, reggaeton, sad sierreño, electro corridos, banda, latin, música mexicana, corridos tumbados"
Leave The Door Open,Leave The Door Open,Bruno Mars,161,120.1,248793.0,50068571.0,75.0,"pop, r&b, funk, soul"
ýýýýýýýýýýýýýýýýýý,ýýýýýýýýýýýýýýý 3ýýýýýý ýýýýýýýýýýýýýýý,ýýýýýýýýýýýýýýý(ýýýýýýýýýýýýýýý),162,119.5,130.0,20518.0,24.0,"rally house, breakcore, lo-fi house"
good 4 u,good 4 u,Olivia Rodrigo,163,117.8,309421.0,72787213.0,79.0,"alternative pop, pop punk, pop"
bad guy,"WHEN WE ALL FALL ASLEEP, WHERE DO WE GO?",Billie Eilish,164,117.7,296739.0,113315017.0,76.0,"electropop, alternative pop, dark pop"
Seï¿½ï¿½o,Shawn Mendes (Deluxe),Shawn Mendes,165,117.6,251033.0,108433327.0,74.0,"soft rock, pop"
DESPECHï¿,DESPECHï¿,ROSALï¿½,166,116.9,126402.0,88024543.0,73.0,latin
ROCKSTAR (feat. Roddy Ricch),BLAME IT ON BABY,DaBaby,167,116.7,272933.0,50425049.0,70.0,melodic rap
Eyes Closed,Eyes Closed (Piano Version),Ed Sheeran,168,116.6,44730.0,21933393.0,71.0,soft pop
I Remember Everything (feat. Kacey Musgraves),I Remember Everything (feat. Kacey Musgraves),Zach Bryan,169,116.5,70400.0,105320547.0,84.0,"country, red dirt"
Circles,Circles,Post Malone,170,116.0,332437.0,124491320.0,80.0,"trap, hip hop, pop"
EL AMOR DE SU VIDA,EL AMOR DE SU VIDA,Grupo Frontera,171,115.9,24891.0,25915889.0,78.0,"corridos bélicos, sierreño, tejano, grupera, corridos tumbados, corrido, norteño, banda, cumbia norteña, música mexicana"
About Damn Time,About Damn Time,Lizzo,172,115.6,104052.0,47808065.0,66.0,"funk, r&b, pop"
Closer,Closer,The Chainsmokers,173,114.6,285381.0,129399627.0,80.0,"tropical house, electropop, dance-pop"
FLOWER,ME,JISOO,174,114.3,26107.0,15314737.0,70.0,k-pop
PERRO NEGRO,nadie sabe lo que va a pasar maï¿½ï¿,Bad Bunny,175,114.2,61138.0,90492257.0,83.0,"trap latino, urbano latino, latin, reggaeton"
Rich Baby Daddy (feat. Sexyy Red & SZA),For All The Dogs,Drake,176,113.2,68037.0,44498005.0,,"r&b, hip hop, rap"
Havana (feat. Young Thug),Havana,Camila Cabello,177,112.8,194332.0,86159672.0,75.0,"trap, melodic rap, rap"
LUNA,FERXXOCALIPSIS,Feid,178,112.6,40628.0,139802900.0,86.0,"urbano latino, reggaeton"
I Like You (A Happier Song) (with Doja Cat),Twelve Carat Toothache,Post Malone,179,112.5,118965.0,64661540.0,73.0,"r&b, hip hop, pop"
Bones,Bones,Imagine Dragons,180,112.0,180053.0,70861210.0,78.0,"alternative rock, arena rock, pop rock"
Segï¿½ï¿½n Qu,Segï¿½ï¿½n Qu,Maluma,182,111.8,32236.0,42828677.0,79.0,"trap latino, urbano latino, latin, reggaeton"
Selfish,Selfish,Justin Timberlake,181,111.8,8847.0,31258778.0,,"r&b, pop"
golden hour,golden hour,JVKE,183,111.4,200887.0,45885823.0,73.0,"indie pop, bedroom pop, pop"
Levitating (feat. DaBaby),Future Nostalgia,Dua Lipa,184,111.3,255296.0,109442317.0,77.0,pop
Get It Sexyy,Get It Sexyy,Sexyy Red,185,111.1,7377.0,70714216.0,84.0,"trap, hip hop, southern hip hop"
"This Wish - From ""Wish""","This Wish (From ""Wish"")",Ariana DeBose,186,110.9,2673.0,8562091.0,19.0,musicals
IDGAF (feat. Yeat),For All The Dogs,Drake,187,110.8,85930.0,45178662.0,,"rage rap, hip hop, rap"
Ojitos Lindos,Un Verano Sin Ti,Bad Bunny,188,110.7,152592.0,62313059.0,78.0,"trap latino, urbano latino, latin alternative, reggaeton, latin"
Life Is Good (feat. Drake),Life Is Good (feat. Drake),Future,189,110.2,276882.0,51153940.0,67.0,"hip hop, rap"
Escapism.,Escapism. / The Thrill Is Gone.,RAYE,190,110.1,128247.0,62532855.0,75.0,"electronic, dance-pop, pop"
Stargazing,Stargazing,Myles Smith,191,109.8,9406.0,164949597.0,87.0,"indie pop, alternative pop"
Jimmy Cooks (feat. 21 Savage),"Honestly, Nevermind",Drake,192,109.7,239671.0,77479207.0,78.0,"hip hop, rap"
What You Know Bout Love,Shoot For The Stars Aim For The Moon,Pop Smoke,193,109.5,251023.0,32574699.0,72.0,"drill, new york drill, brooklyn drill"
Memories,Memories,Maroon 5,194,109.3,222804.0,49920599.0,77.0,pop
Classy 101,Classy 101,Feid,195,109.1,90726.0,70485920.0,78.0,"trap latino, urbano latino, reggaeton"
Whatever,Whatever,Kygo,196,109.0,17551.0,159961203.0,83.0,tropical house
Whatever She Wants,Whatever She Wants,Bryson Tiller,197,108.4,23181.0,114051028.0,87.0,r&b
Vois sur ton chemin - Techno Mix,Vois sur ton chemin (Techno Mix),BENNETT,198,107.8,119783.0,95312340.0,80.0,"hypertechno, techno"
"yes, and?","yes, and?",Ariana Grande,199,107.5,22468.0,101875097.0,,pop
Without Me,Without Me,Halsey,200,107.4,198888.0,69311277.0,75.0,"electropop, alternative pop, pop"
meet the grahams,meet the grahams,Kendrick Lamar,201,107.3,8933.0,15896982.0,,"west coast hip hop, hip hop"
First Person Shooter (feat. J. Cole),For All The Dogs,Drake,202,107.1,72252.0,68612350.0,,"hip hop, rap"
Shallow,Shallow,Lady Gaga,204,106.9,221822.0,90174192.0,78.0,"art pop, pop"
Thunder,Thunder,Imagine Dragons,203,106.9,244951.0,88329475.0,79.0,"alternative rock, arena rock, pop rock"
Rush,Rush,Ayra Starr,205,106.4,98009.0,19411516.0,67.0,"afrobeat, afropop, afrobeats, afro soul, afropiano"
abcdefu,abcdefu,GAYLE,206,106.2,193857.0,61311826.0,70.0,"alternative pop, pop"
Buga,Buga,Kizz Daniel,208,105.8,30835.0,3440925.0,57.0,"azonto, afrobeat, hiplife, afropop, afrobeats, afroswing, afropiano"
Bad Habit,Bad Habit,Steve Lacy,207,105.8,220515.0,63054597.0,73.0,"r&b, funk, indie r&b, soul"
MONEY,LALISA,LISA,210,105.5,103236.0,33637835.0,73.0,k-pop
Columbia,Columbia,Quevedo,209,105.5,84161.0,56226278.0,79.0,reggaeton
LADY GAGA,LADY GAGA,Peso Pluma,212,105.2,48370.0,25130304.0,78.0,"corridos bélicos, sierreño, corridos tumbados, corrido, banda, sad sierreño, electro corridos, música mexicana"
Woman,Planet Her,Doja Cat,211,105.2,217443.0,95985096.0,78.0,"trap, r&b, pop"
CUFF IT,RENAISSANCE,Beyoncï¿,213,104.9,100204.0,68659216.0,73.0,"rage rap, hip hop, west coast hip hop"
KING KONG,KING KONG,TREASURE,214,104.5,207.0,12311489.0,68.0,k-pop
How You Like That,How You Like That,BLACKPINK,215,104.5,82170.0,21177170.0,68.0,k-pop
Milf Song,Milf Song,The Puddleducks,216,104.5,1176.0,23110.0,28.0,"mexican hip hop, west coast hip hop, hip hop"
Nasty,Nasty,Tinashe,217,104.4,3887.0,106475497.0,76.0,alternative r&b
Superhero (Heroes & Villains),HEROES & VILLAINS,Metro Boomin,218,104.4,166277.0,62975073.0,77.0,"r&b, rap"
Panda,Panda,Desiigner,219,104.2,170002.0,34000497.0,62.0,"trap, hip hop, mumble rap"
Push Ups,Push Ups,Drake,220,103.9,14601.0,74447627.0,,"hip hop, rap"
Tattoo,Tattoo,Loreen,221,103.9,83033.0,48268736.0,77.0,europop
Kiss Me More (feat. SZA),Kiss Me More (feat. SZA),Doja Cat,222,103.4,262313.0,116916147.0,76.0,r&b
What It Is (Block Boy) (with Kodak Black),What It Is (Versions),Doechii,223,103.3,29487.0,4775168.0,61.0,"trap, r&b, hip hop"
Gata Only,Gata Only - Single,FloyyMenor,224,103.1,1841.0,61398.0,,"reggaeton chileno, reggaeton, chilean mambo, chilean trap"
Gata Only,Gata Only - Single,FloyyMenor,224,103.1,1841.0,61398.0,,"reggaeton chileno, reggaeton, chilean mambo, chilean trap"
Illusion,Illusion,Dua Lipa,225,103.1,7430.0,117576704.0,12.0,pop
drivers license,drivers license,Olivia Rodrigo,226,102.9,250778.0,70173770.0,79.0,"soft rock, alternative pop, pop"
Used To Be Young,Endless Summer Vacation,Miley Cyrus,227,102.4,30639.0,39407660.0,69.0,"soft rock, ballad, pop"
Cupid - Twin Ver.,The Beginning: Cupid - Single,FIFTY FIFTY,229,102.3,103040.0,37365896.0,48.0,k-pop
How Sweet,How Sweet,NewJeans,228,102.3,1940.0,36883184.0,79.0,k-pop
Players,Players,Coi Leray,230,101.8,91658.0,60607887.0,67.0,"trap, pop rap, hip hop"
rockstar (feat. 21 Savage),rockstar,Post Malone,231,101.8,352745.0,82442565.0,77.0,"trap, pop rap, hip hop, pop"
Lil Somethin Somethin,Lil Somethin Somethin,Vayah,232,101.5,6.0,2392.0,,"trap, r&b, hip hop"
Con Calma,Con Calma,Daddy Yankee,236,101.4,160122.0,52701166.0,73.0,"latin, reggaeton"
Here With Me,Here With Me,d4vd,234,101.4,154178.0,58833842.0,80.0,"indie pop, alternative r&b, dark pop"
Favorite Song,Favorite Song,Toosii,235,101.4,45668.0,6252506.0,62.0,"trap, r&b, hip hop"
Si No Quieres No,Si No Quieres No - Single,Luis R Conriquez,233,101.4,5423.0,71590238.0,85.0,"corridos bélicos, sierreño, corrido, banda, electro corridos, sad sierreño, música mexicana, corridos tumbados"
Mele Kalikimaka,"Essential Classics, Vol. 166: Bing Crosby",Bing Crosby,237,101.3,52.0,50069.0,,"swing music, big band, christmas"
MONTERO (Call Me By Your Name),MONTERO (Call Me By Your Name),Lil Nas X,238,100.8,316054.0,50751390.0,70.0,"trap, country-trap, pop"
Voz Emplumada del Monte,Voz Emplumada - EP,Biomigrant,239,100.3,80.0,1636.0,16.0,"downtempo, organic house, latin folk"
Is It Over Now? (Taylor's Version) (From The Vault),1989 (Taylor's Version),Taylor Swift,240,100.2,20404.0,26073555.0,,"country, pop, folk"
Si No Estï¿½,Si No Estï¿½ï¿½s - Si,iï¿½ï¿½igo quin,241,100.1,97057.0,33252792.0,80.0,"reggaeton, latin pop"
Glimpse of Us,Glimpse of Us,Joji,242,99.8,234936.0,83890841.0,74.0,"r&b, alternative r&b, pop"
Watermelon Sugar,Watermelon Sugar,Harry Styles,243,99.7,298135.0,159003869.0,82.0,"funk-pop, soft rock, pop"
Corazï¿½ï¿½n de Pi,Corazï¿½ï¿½n de Piedra - Si,Xavi,244,98.8,5517.0,48983734.0,82.0,"pop, latin pop"
Praise Jah In The Moonlight,Praise Jah In the Moonlight - Single,YG Marley,245,98.5,50137.0,43508958.0,70.0,"dancehall, reggae"
WHERE SHE GOES,WHERE SHE GOES,Bad Bunny,246,98.4,98440.0,37797217.0,72.0,"trap latino, urbano latino, latin, reggaeton"
Yandel 150,Yandel 150,Yandel,247,98.1,102545.0,38825844.0,70.0,"urbano latino, latin, reggaeton"
THATS WHAT I WANT,MONTERO,Lil Nas X,248,98.0,165197.0,75503476.0,72.0,"hip hop, pop, country-pop"
Todo De Ti,Todo De Ti,Rauw Alejandro,249,98.0,188874.0,76063128.0,75.0,"trap latino, urbano latino, latin, reggaeton"
Chemical,Chemical,Post Malone,250,97.6,79679.0,43648353.0,75.0,"trap, hip hop, pop"
See You Again (feat. Charlie Puth),See You Again (feat. Charlie Puth),Wiz Khalifa,251,97.6,159571.0,73641738.0,78.0,"soft pop, rap, pop"
Drip Too Hard (Lil Baby & Gunna),Drip Too Hard,Lil Baby,252,97.5,266128.0,52476635.0,76.0,melodic rap
Shooting Star,Kep1going On,Kep1er,253,97.3,193.0,3187862.0,,k-pop
Uptown Funk,Full Circle: The Live Anthology,Mark Ronson,254,97.1,256764.0,149909699.0,77.0,"pop, funk, r&b, soul"
Dog's Plan,Thoughts Feelings,David Jackson,255,97.0,44.0,1243.0,3.0,"indie dance, nu disco, italo dance, italo disco"
love nwantiti (ah ah ah),CKay The First,CKay,256,96.9,172458.0,43607688.0,71.0,"afrobeats, afrobeat, afropop"
Mi Gente,Mi Gente,J Balvin,257,96.4,189504.0,45240294.0,69.0,"latin, reggaeton"
Late Night Talking,Harry's House,Harry Styles,258,96.4,108806.0,62563751.0,76.0,"soft rock, funk, pop"
Miss You,Miss You,Oliver Tree,261,96.2,165883.0,38563849.0,51.0,tropical house
girls like me don't cry,Girls Like Me Don't Cry,thï¿½ï,260,96.2,13220.0,8876286.0,61.0,"vietnam indie, vinahouse, v-pop, vietnamese hip hop"
Yummy Fruits and Vegetables,Yummy Fruits and Vegetables,D Billions,259,96.2,543.0,19016.0,35.0,children's music
Dakiti,Dakiti,Bad Bunny,262,96.1,245685.0,56430031.0,72.0,"trap latino, urbano latino, latin, reggaeton"
Starboy,Starboy,The Weeknd,265,95.7,366133.0,98022646.0,84.0,"french house, electronic, electro"
Sorry,Sorry,Justin Bieber,264,95.7,179545.0,89286647.0,78.0,"post-teen pop, r&b, pop"
Calling My Phone,Calling My Phone,Lil Tjay,263,95.7,213153.0,29437172.0,71.0,"melodic rap, brooklyn drill"
Pink Venom,Pink Venom,BLACKPINK,266,95.6,48251.0,22817940.0,68.0,k-pop
I Can Do It With a Broken Heart,THE TORTURED POETS DEPARTMENT,Taylor Swift,267,95.0,7079.0,134357870.0,84.0,"country pop, pop"
death bed (coffee for your head),"Some Boring, Love Stories, Pt. 2",Powfu,268,94.8,283938.0,62191957.0,74.0,bedroom pop
Too Many Nights (feat. Don Toliver & with Future),HEROES & VILLAINS,Metro Boomin,269,94.5,155771.0,28629209.0,80.0,rap
MELTDOWN (feat. Drake),MELTDOWN (feat. Drake),Travis Scott,270,94.3,106908.0,29964622.0,74.0,"hip hop, rap"
California Gurls,Girl Power 2023,Katy Perry,271,94.2,,,,"gangster rap, hip hop, west coast hip hop, g-funk, rap, pop"
Moscow Mule,Un Verano Sin Ti,Bad Bunny,272,94.1,121256.0,44739826.0,77.0,"trap latino, urbano latino, latin, reggaeton"
Something Just Like This,Something Just Like This,The Chainsmokers,273,94.0,278237.0,128709855.0,82.0,"tropical house, dance-pop, pop"
7 rings,7 rings,Ariana Grande,274,93.9,179865.0,89518199.0,77.0,pop
Moonlight,Moonlight,Kali Uchis,275,93.1,110539.0,46729655.0,74.0,"r&b, alternative r&b, soul"
Savage Love (Laxed - Siren Beat),Savage Love (Laxed - Siren Beat),Jawsh 685,276,93.1,142905.0,27025973.0,67.0,"electronic, dancehall, pop"
Bidi Bidi Bom Bom (Remasterizado 2024/30th Anniversary),Amor Prohibido (Remasterizado 2024/30th Anniversary),Selena,277,93.0,30.0,171325.0,,"tejano, música mexicana, cumbia"
God's Plan,Diplomatic Immunity,Drake,278,92.9,313741.0,79266167.0,77.0,"hip hop, rap"
Sunroof,Sunroof,Nicky Youre,279,92.3,44652.0,23104189.0,12.0,"indie pop, alternative pop, pop"
Sunroof,Sunroof,Nicky Youre,279,92.3,44652.0,23104189.0,12.0,"indie pop, pop"
La Vï¿½ï¿½c,La Vï¿½ï¿½c,Xavi,280,92.0,24734.0,22828160.0,81.0,classical
MY EYES,UTOPIA,Travis Scott,281,91.9,103255.0,13549357.0,78.0,rap
WORK,GOLDEN HOUR : Part.1,ATEEZ,282,91.7,678.0,14542753.0,31.0,k-pop
Despacito - Remix,Despacito Feat. Justin Bieber (Remix),Luis Fonsi,284,91.5,134700.0,39604784.0,65.0,"latin, reggaeton"
Ghost,Justice,Justin Bieber,283,91.5,151923.0,73574395.0,80.0,"r&b, electropop, pop"
Dior,Meet The Woo,Pop Smoke,285,91.4,294539.0,47391658.0,72.0,"drill, new york drill, brooklyn drill"
New Baby Shark,Pinkfong & Baby Shark's Space Adventure Songs,Pinkfong,286,91.2,13.0,164.0,17.0,"lullaby, children's music"
Breakeven,Breakeven (Official 4K Video),The Script,287,91.1,1.0,14.0,,"adult contemporary, pop"
Una Noche en Medellï¿½,Una Noche en Medellï¿½,Cris Mj,288,90.7,107431.0,27444811.0,75.0,"reggaeton chileno, reggaeton, chilean mambo, chilean trap"
SAD!,SAD!,XXXTENTACION,289,90.5,263801.0,60437070.0,75.0,emo rap
Primera Cita,La Primera Cita - Single,Carin Leon,290,90.5,35842.0,34735524.0,80.0,"ranchera, sierreño, grupera, corrido, norteño, banda, sad sierreño, música mexicana"
Efecto,Un Verano Sin Ti,Bad Bunny,292,90.1,115332.0,51081689.0,77.0,"trap latino, urbano latino, latin, reggaeton"
Dame Tu Cosita,Dame Tu Cosita,El Chombo,291,90.1,273.0,54198.0,,"dancehall, champeta, jungle, ragga, lovers rock, reggae"
Bï¿½ï¿½nï¿½ï¿½ï¿½ï¿½os Que Nï¿½ï¿½o Tï¿½ï¿½m Fim (Co,Bï¿½ï¿½nï¿½ï¿½ï¿½ï¿½os Que Nï¿½ï¿½o Tï¿½ï¿½m Fim (Co,Isadora Pompeo,293,89.6,8900.0,9760374.0,,"christian pop, brazilian pop"
Slow It Down,Slow It Down,Benson Boone,294,89.4,11945.0,116623933.0,85.0,"alternative pop, pop"
Yonaguni,Yonaguni,Bad Bunny,295,88.6,177082.0,44848091.0,71.0,"trap latino, urbano latino, latin, reggaeton"
Heathens,Heathens,Twenty One Pilots,296,88.6,241108.0,65091468.0,78.0,"alternative rock, emo, pop rock"
Whoopty,Whoopty,CJ,297,88.6,213464.0,28998615.0,61.0,dembow
Super Shy,NewJeans 'Super Shy',NewJeans,298,88.4,48103.0,22977059.0,77.0,k-pop
Happier,Happier - Single,Marshmello,299,87.9,220298.0,53040597.0,16.0,edm
HARLEY QUINN,HARLEY QUINN - Single,Fuerza Regida,301,87.7,31617.0,36745154.0,84.0,"corridos bélicos, sierreño, edm, corridos tumbados, corrido, banda, electro corridos, sad sierreño, música mexicana"
Baby Don't Hurt Me,Baby Don't Hurt Me - Single,David Guetta,300,87.7,69486.0,142546135.0,79.0,"edm, dance"
Butter,Butter,BTS,302,87.5,90160.0,40533320.0,70.0,k-pop
Cinderella,WE DON'T TRUST YOU,Future,304,87.2,21581.0,41881780.0,,rap
Calma - Remix,Calma (Remix),Pedro Capï¿,303,87.2,118846.0,37335160.0,67.0,"latin hip hop, dancehall, chilean trap"
"CAN'T STOP THE FEELING! (Original Song From Dreamworks Animation's ""Trolls"")","CAN'T STOP THE FEELING! (Original Song From Dreamworks Animation's ""Trolls"")",Justin Timberlake,305,87.1,191065.0,88781556.0,72.0,"funk, dance-pop, pop"
Say So,Hot Pink,Doja Cat,306,87.0,161574.0,48493190.0,69.0,"r&b, funk, pop"
Ransom,Ransom,Lil Tecca,307,86.8,198992.0,52412236.0,77.0,"melodic rap, rap"
Romantic Homicide,Romantic Homicide,d4vd,308,86.8,152157.0,60605828.0,81.0,"alternative pop, hyperpop, dark pop"
Pink Skies,Pink Skies,Zach Bryan,309,86.7,4611.0,98570633.0,84.0,"country, red dirt"
Rockabye (feat. Sean Paul & Anne-Marie),Rockabye (feat. Sean Paul & Anne-Marie),Clean Bandit,310,86.6,170648.0,55710071.0,73.0,dancehall
Danza Kuduro - Cover,A collection of Western music that will get you excited,MUSIC LAB JPN,355,86.6,12.0,163.0,,"latin, reggaeton, pop, dance"
Danza Kuduro - Cover,A collection of Western music that will get you excited,MUSIC LAB JPN,355,86.6,12.0,163.0,,"latin, reggaeton, pop"
Danza Kuduro - Cover,A collection of Western music that will get you excited,MUSIC LAB JPN,355,86.6,12.0,163.0,,"pop, latin, reggaeton, dance"
Danza Kuduro - Cover,A collection of Western music that will get you excited,MUSIC LAB JPN,355,86.6,12.0,163.0,,"latin, reggaeton, dancehall"
Danza Kuduro - Cover,A collection of Western music that will get you excited,MUSIC LAB JPN,355,86.6,12.0,163.0,,"pop, latin, reggaeton, dance"
Cool,JnD Mix,,311,86.5,,,,Unknown
Rich Men North of Richmond,Rich Men North of Richmond - Single,Oliver Anthony Music,312,86.5,66613.0,6363839.0,74.0,country
BESO,RR,ROSALï¿½,313,86.3,81393.0,46208549.0,74.0,"trap latino, urbano latino, latin, reggaeton"
MTG QUEM Nï¿½ï¿½O QUER SO,MTG QUEM Nï¿½ï¿½O QUER SOU EU - Si,DJ TOPO,315,86.1,3022.0,40425173.0,80.0,"trap, trap funk, funk, funk consciente, brazilian funk, brazilian trap, r&b, east coast hip hop, brazilian hip hop"
Que Vuelvas,Que Vuelvas - Single,Carin Leon,314,86.1,42893.0,25716699.0,73.0,"corridos bélicos, ranchera, sierreño, tejano, grupera, corridos tumbados, corrido, norteño, banda, sad sierreño, cumbia norteña, música mexicana"
Pretty Green Eyes (Sunset Ibiza Mix),Pretty Green Eyes (Sunset Ibiza Mix),KETTAMA,316,85.9,5.0,3277306.0,,"hard house, uk garage"
Just Wanna Rock,Just Wanna Rock,Lil Uzi Vert,318,85.8,152193.0,67322941.0,68.0,melodic rap
Mood Swings (feat. Lil Tjay),Shoot For The Stars Aim For The Moon,Pop Smoke,317,85.8,210669.0,32702397.0,70.0,"drill, new york drill, brooklyn drill, melodic rap"
Fuck Love (feat. Trippie Redd),17,XXXTENTACION,319,85.6,203617.0,35375009.0,79.0,"rage rap, melodic rap"
Rich Flex,Her Loss,Drake,320,85.5,185579.0,57165405.0,73.0,"hip hop, rap"
Standing Next to You,GOLDEN,Jung Kook,321,85.5,23181.0,58344509.0,85.0,k-pop
Congratulations,Congratulations,Post Malone,322,85.3,246374.0,81736432.0,75.0,"trap, r&b, hip hop, pop"
Do It To It,Do It To It,ACRAZE,324,85.2,238887.0,94531613.0,73.0,tech house
Tusa,Tusa,KAROL G,323,85.2,157185.0,59187880.0,68.0,"urbano latino, latin, reggaeton"
For The Night (feat. Lil Baby & DaBaby),Shoot For The Stars Aim For The Moon,Pop Smoke,325,84.8,272485.0,46626350.0,71.0,"drill, new york drill, brooklyn drill"
Good Good,Good Good,USHER,326,84.7,14742.0,9204769.0,59.0,r&b
Austin,Austin - Single,Dasha,327,84.6,17900.0,169190514.0,87.0,"indie pop, pop"
Search & Rescue,Search & Rescue,Drake,329,84.6,96709.0,21646810.0,69.0,"hip hop, rap"
TULUM,TULUM,Peso Pluma,328,84.6,36912.0,13688250.0,74.0,"corridos bélicos, tejano, grupera, corridos tumbados, corrido, banda, sad sierreño, electro corridos, cumbia norteña, norteño, música mexicana"
Shivers,#NAME?,Ed Sheeran,330,84.4,188855.0,77441110.0,77.0,soft pop
Coup du marteau,Coup du marteau,Tam Sir,331,84.3,4241.0,2378348.0,,shatta
Adderall (Corvette Corvette),Adderall (Corvette Corvette),Popp Hunna,332,84.1,24868.0,4716437.0,45.0,"trap, hip hop, cloud rap"
Full Senyum Sayang,Full Senyum Sayang,Evan Loss,333,84.0,1967.0,400655.0,,"dangdut, lagu jawa, indonesian pop"
Sunroof,Sunroof,Nicky Youre,334,83.8,104690.0,38444734.0,79.0,"indie pop, alternative pop, pop"
Sunroof,Sunroof,Nicky Youre,334,83.8,104690.0,38444734.0,79.0,"indie pop, pop"
Watching Yourself Being Born,Neuroscape,Blush Response,335,83.7,13.0,191.0,,"ebm, industrial, acid techno"
Los del Espacio,Los del Espacio - Single,LIT killah,336,83.3,53671.0,24287193.0,72.0,"trap latino, trap, argentine trap, urbano latino, cuarteto, cumbia"
Taste (feat. Offset),Taste (feat. Offset),Tyga,338,83.1,217189.0,31143734.0,69.0,"trap, r&b, hip hop"
MAMIII,MAMIII,Becky G,337,83.1,80109.0,53928265.0,74.0,"urbano latino, latin, reggaeton"
Until I Found You,Until I Found You,Stephen Sanchez,339,83.0,169696.0,52678003.0,73.0,"indie pop, acoustic pop, pop"
exes,exes,Tate McRae,340,83.0,27272.0,33467589.0,,"alt-pop, teen pop, pop"
Banana (feat. Shaggy),Banana (feat. Shaggy),Conkarah,341,82.7,9067.0,1365840.0,41.0,reggae
Stick Season,Stick Season,Noah Kahan,342,82.6,113676.0,169323128.0,86.0,"indie folk, singer-songwriter, folk"
Need To Know,Need To Know,Doja Cat,344,82.5,164743.0,42269625.0,71.0,"trap, r&b, pop"
kompa pasiï¿½,kompa pasiï¿½,ýýýýýýýýýý,345,82.5,2602.0,6588032.0,78.0,"kompa, haitian kompa"
Quï¿½ï¿½ Ago,Pa' Luego Es Tarde,Yuridia,343,82.5,22919.0,12262540.0,73.0,"ballad, latin pop, pop"
Last Last,Last Last,Burna Boy,346,82.4,130203.0,16877163.0,68.0,"dancehall, afrobeat, afropop, afrobeats, afroswing, afropiano"
Ngopi Maszeh,Ngopi Maszeh,Happy Asmara,347,82.2,756.0,174523.0,,"dangdut, lagu jawa"
500lbs,500lbs,Lil Tecca,349,82.1,79228.0,26972646.0,68.0,"melodic rap, rap"
Knife Talk (with 21 Savage ft. Project Pat),Certified Lover Boy,Drake,348,82.1,217189.0,35225322.0,72.0,"gangster rap, hip hop, crunk, rap, memphis rap, southern hip hop"
BILLIE EILISH.,BILLIE EILISH.,Armani White,350,82.0,91114.0,29730236.0,64.0,"trap, r&b, hip hop"
ýýýýýýýýýýýý,ýýýýýýýýýýýý,YOASOBI,351,81.8,47785.0,12078942.0,69.0,"j-pop, anime"
Lï¿½ï¿½ï¿½AMOUR DE ,HIT ME HARD AND SOFT,Billie Eilish,352,81.6,5186.0,51449432.0,85.0,"alternative pop, dark pop"
Thinkinï¿½ï¿½ï¿½ B,One Thing At A Time,Morgan Wallen,353,81.5,42283.0,16439412.0,80.0,"west coast hip hop, hip hop"
Madonna,Madonna - Single,Natanael Cano,354,81.3,7265.0,54631978.0,85.0,"corridos bélicos, sierreño, corrido, banda, electro corridos, sad sierreño, música mexicana, corridos tumbados"
deja vu,deja vu,Olivia Rodrigo,355,81.3,172376.0,64346126.0,80.0,"alternative pop, pop"
6. A.M.,Motion is Emotion,Azul,356,81.1,5.0,30.0,,"indie pop, bedroom pop"
CONTIGO (with Tiï¿½ï¿½,CONTIGO (with Tiï¿½ï¿½,KAROL G,357,81.0,10306.0,87901542.0,85.0,"dancehall, urbano latino, ragga, reggaeton, roots reggae, latin, reggae"
Sequï¿½ï¿½ncia da,Sequï¿½ï¿½ncia da,TRASHXRL,358,80.8,22962.0,19586200.0,33.0,italian singer-songwriter
WILDFLOWER,HIT ME HARD AND SOFT,Billie Eilish,359,80.8,5188.0,50795354.0,87.0,"indie pop, alternative pop, pop"
Doja,Doja,Central Cee,360,80.5,192241.0,57503569.0,74.0,"drill, uk drill, grime"
Kill This Love,Kill This Love,BLACKPINK,361,80.4,63934.0,18843601.0,67.0,k-pop
Lan,Lan - Single,Zeynep Bastï¿½,362,80.3,4073.0,6852706.0,72.0,turkish hip hop
"Good Luck, Babe!","Good Luck, Babe!",Chappell Roan,363,80.2,13470.0,157502211.0,87.0,"pop, synth-pop, hyperpop"
Sweet but Psycho,Sweet but Psycho,Ava Max,365,80.1,174052.0,42966784.0,76.0,"electropop, dance-pop, pop"
Hey Mor,Hey Mor,Ozuna,364,80.1,97956.0,68983561.0,76.0,"trap latino, urbano latino, latin, reggaeton"
Ferrari,Ferrari,James Hype,366,80.1,185422.0,78359363.0,74.0,"house, tech house"
Falling,Falling,Trevor Daniel,367,80.0,225643.0,32822629.0,71.0,"trap, r&b, alternative r&b, pop"
positions,positions,Ariana Grande,368,80.0,139215.0,53934095.0,74.0,pop
Where Are You Now,Where Are You Now,Lost Frequencies,370,79.9,211823.0,114773091.0,74.0,"soft pop, tropical house"
Amor Prohibido - Remasterizado 2024/30th Anniversary,Amor Prohibido (Remasterizado 2024/30th Anniversary),Selena,369,79.9,34.0,224573.0,,"tejano, música mexicana, cumbia"
Save Your Tears,After Hours,The Weeknd,371,79.9,304456.0,63126296.0,80.0,"r&b, synth-pop, pop"
Happier Than Ever,Happier Than Ever,Billie Eilish,372,79.9,189487.0,51228803.0,78.0,"alternative pop, pop, dark pop"
This Is What You Came For,This Is What You Came For,Calvin Harris,373,79.8,204049.0,117171040.0,79.0,edm
China,China,Anuel AA,376,79.5,137559.0,58323638.0,68.0,"trap latino, urbano latino, latin, reggaeton"
"Let It Go - From ""Frozen""/Soundtrack Version",Frozen (Original Motion Picture Soundtrack / Deluxe Edition),Idina Menzel,374,79.5,64239.0,27371339.0,69.0,musicals
Moonlight,?,XXXTENTACION,375,79.5,241112.0,41330643.0,77.0,emo rap
I Had Some Help (feat. Morgan Wallen),I Had Some Help,Post Malone,377,79.4,2711.0,4839848.0,,country
I Had Some Help (feat. Morgan Wallen),I Had Some Help,Post Malone,377,79.4,2711.0,4839848.0,,country
Smart,EASY,LE SSERAFIM,379,79.3,6829.0,20291074.0,74.0,k-pop
That's What I Like,24K Magic,Bruno Mars,378,79.3,209632.0,84707015.0,80.0,"soul, r&b, funk, pop"
Commando,Commando - Single,Mavokali,380,78.6,9105.0,1266295.0,,"afrobeats, afrobeat, bongo flava"
The Business,The Business,Tiï¿½ï¿,381,78.3,255697.0,78272032.0,70.0,"trap, manele"
Ride It,Ride It,Regard,382,78.2,220002.0,106549747.0,76.0,"electronic, uk garage, dance-pop"
Mwaki,SURRENDER,Zerb,383,77.9,36468.0,76765385.0,42.0,afro house
BICHOTA,BICHOTA,KAROL G,385,77.8,86379.0,31261057.0,64.0,"urbano latino, latin, reggaeton"
Renklensin,Renklensin - Single,Reynmen,384,77.8,2630.0,6589111.0,75.0,"turkish pop, turkish hip hop"
Bad idea,Missing,Kurochuu,387,77.6,2.0,2190.0,1.0,"lo-fi, indie jazz"
writhe,writhe,daine,386,77.6,163.0,6893.0,15.0,hyperpop
The Hills,The Hills,The Weeknd,388,77.5,333310.0,91689799.0,80.0,"r&b, alternative r&b, dark pop"
Seven (feat. Latto) (Clean Ver.),Seven (feat. Latto),Jung Kook,389,77.4,15863.0,14237841.0,72.0,k-pop
SKINNY,HIT ME HARD AND SOFT,Billie Eilish,390,77.3,4083.0,13850203.0,84.0,"alternative pop, dark pop"
The Girl From Ipanema,Instrumental Bossa Nova,Stan Getz,391,77.2,,,,"cool jazz, brazilian jazz, bossa nova, latin jazz, jazz"
Te Felicito,Te Felicito,Shakira,392,77.0,74269.0,37254627.0,67.0,"trap latino, urbano latino, latin pop, reggaeton, latin"
Que Onda,Que Onda - Single,Calle 24,393,76.9,36781.0,21579429.0,81.0,"corridos bélicos, sierreño, corrido, banda, sad sierreño, electro corridos, música mexicana, corridos tumbados"
Stumblin' In,Stumblin' In,CYRIL,394,76.9,22208.0,150873146.0,83.0,"disco, funk, r&b, soul"
A Bar Song (Tipsy),A Bar Song (Tipsy),Shaboozey,395,76.8,1668.0,4447700.0,23.0,"indie pop, indie folk, alternative"
A Bar Song (Tipsy),A Bar Song (Tipsy),Shaboozey,395,76.8,1668.0,4447700.0,23.0,"indie pop, indie folk, pop"
STAR WALKIN' (League of Legends Worlds Anthem),STAR WALKIN' (League of Legends Worlds Anthem) - Single,Lil Nas X,396,76.6,80340.0,18339674.0,68.0,"trap, hip hop, pop"
Desesperados,VICE VERSA,Rauw Alejandro,397,76.6,119558.0,50631491.0,78.0,"trap latino, urbano latino, latin, reggaeton"
"Young Miko: Bzrp Music Sessions, Vol. 58","Young Miko: Bzrp Music Sessions, Vol. 58",Bizarrap,398,76.6,20266.0,25455662.0,,"trap latino, urbano latino, argentine trap"
Sugar,V (Deluxe),Maroon 5,399,76.6,186038.0,69903249.0,75.0,pop
I DONï¿½ï¿½ï¿½T WANNA DO THIS A,King of the Dead,Juliï¿½ï¿½n Kh,454,76.5,5.0,20.0,,"indie pop, alternative, bedroom pop"
Igual Que Un ï¿½ï¿½ngel (with Peso Pl,ORQUï¿½ï¿½,Kali Uchis,400,76.3,17285.0,38697311.0,,"corridos bélicos, corridos tumbados, corrido, banda, sad sierreño, electro corridos, música mexicana"
"Jhoome Jo Pathaan (From ""Pathaan"") [Arabic Version]","Jhoome Jo Pathaan (From ""Pathaan"") [Arabic Version] - Single",Abd El Fattah Grini,402,76.2,245.0,79264.0,28.0,"khaleeji, egyptian pop, bollywood, hindi pop, moroccan chaabi, desi, raï, moroccan pop, desi pop"
Old Town Road - Remix,Old Town Road,Lil Nas X,404,76.2,186252.0,34012219.0,68.0,"country rap, country, hip hop, trap"
Let Me Love You,Encore,DJ Snake,403,76.2,205482.0,89333146.0,80.0,"trap, electronic, pop, future bass"
Envolver,Envolver - Single,Anitta,401,76.2,77669.0,44546385.0,65.0,"pagode baiano, funk, brazilian pop, funk carioca, funk pop"
Oublie-moi,Oublie-moi,Emkal,405,76.0,11288.0,327900.0,42.0,pop urbaine
Malohat,Malohat,Xamdam Sobirov,406,75.9,13.0,3242.0,,"uzbek pop, pop"
MAESTRO,SEVENTEEN BEST ALBUM '17 IS RIGHT HERE',SEVENTEEN,407,75.7,1629.0,14912783.0,75.0,k-pop
NUEVA VIDA,Gï¿½ï¿½N,Peso Pluma,408,75.6,22779.0,10733622.0,76.0,"corridos bélicos, corridos tumbados, corrido, banda, sad sierreño, electro corridos, música mexicana"
you broke me first,you broke me first,Tate McRae,409,75.6,169076.0,47204234.0,77.0,"alternative pop, pop"
Relationship (feat. Future),Beautiful Thugger Girls,Young Thug,410,75.5,89812.0,13215590.0,61.0,"trap, melodic rap, rap"
Beggin',Chosen,Mï¿½ï¿½ne,413,75.4,358760.0,75186063.0,79.0,"r&b, blues-rock, rock, pop"
Faint,Papercuts,Linkin Park,412,75.4,3.0,81.0,,"nu metal, rap metal, rock, alternative metal"
Pretty - Sped Up,Pretty,MEYY,411,75.4,498.0,521031.0,40.0,"pop, hyperpop"
Hawï¿½,Hawï¿½,Maluma,415,75.3,123303.0,48973048.0,73.0,"tropical, reggaeton, latin pop"
LA FALDA,LA FALDA - Single,Myke Towers,416,75.3,29235.0,106808249.0,82.0,"trap latino, urbano latino, reggaeton"
act ii: date @ 8,act ii: date @ 8,4batz,414,75.3,29300.0,15208678.0,,"experimental pop, electronic, hyperpop"
Cradles,Cradles,Sub Urban,418,75.2,155765.0,20317539.0,68.0,"electropop, alternative pop, dark pop"
Roses - Imanbek Remix,Roses (Imanbek Remix),SAINt JHN,417,75.2,323997.0,86092004.0,72.0,slap house
Angel Numbers / Ten Toes,11:11,Chris Brown,419,75.1,40225.0,15526253.0,75.0,r&b
Never Lose Me,Never Lose Me - Single,Flo Milli,420,75.1,23580.0,70573006.0,,"trap, pop rap, hip hop"
Reggaeton Champagne,Kittyponeo,Bellakath,421,75.1,17159.0,11316048.0,,"neoperreo, reggaeton mexa, reggaeton, electro corridos"
MASHA ULTRAFUNK,MASHA ULTRAFUNK,HISTED,422,74.9,2141.0,18509359.0,76.0,"brazilian phonk, phonk"
Under The Influence,Indigo (Extended),Chris Brown,423,74.9,202465.0,56664631.0,79.0,r&b
Life Goes On,"Ugly is Beautiful: Shorter, Thicker & Uglier (Deluxe)",Oliver Tree,424,74.8,142225.0,16247309.0,68.0,"indie pop, anti-pop, alternative, pop"
Si Una Vez (Remasterizado 2024/30th Anniversary),Amor Prohibido (Remasterizado 2024/30th Anniversary),Selena,425,74.7,13.0,76963.0,,"tejano, música mexicana, cumbia"
BATTER UP,BABYMONSTER Debut Digital Single [BATTER UP],BABYMONSTER,426,74.5,6748.0,14377499.0,80.0,k-pop
SI NO ES CONTIGO,SI NO ES CONTIGO,Cris Mj,427,74.5,2099.0,98932469.0,81.0,"reggaeton chileno, reggaeton, chilean mambo, chilean trap"
Trance (with Travis Scott & Young Thug),HEROES & VILLAINS,Metro Boomin,429,74.4,142076.0,31958929.0,79.0,"trap, melodic rap, rap"
Rock and A Hard Place,Rock and A Hard Place,Bailey Zimmerman,430,74.4,59749.0,11166198.0,73.0,country
obsessed,GUTS (spilled),Olivia Rodrigo,428,74.4,6621.0,69045774.0,,"pop, pop rock"
Eyes Closed,Eyes Closed,Imagine Dragons,431,74.2,5159.0,33795310.0,,"alternative rock, arena rock, pop rock"
Wanna Be,Wanna Be (Alternate Versions),GloRilla,433,74.1,4228.0,57383746.0,77.0,"trap, hip hop, rap"
Don't Let Me Down,Pop Party,The Chainsmokers,432,74.1,206507.0,80884955.0,76.0,"pop, electropop, dance-pop"
DDU-DU DDU-DU,SQUARE UP,BLACKPINK,434,74.0,51129.0,14859569.0,65.0,k-pop
telepatï¿½,Sin Miedo (del Amor y Otros Demonios) ï¿½,Kali Uchis,435,73.9,201783.0,55679157.0,77.0,"r&b, latin, pop"
Wake Me Up,TRUE,Avicii,436,73.7,347004.0,112575684.0,81.0,edm
Overdrive (feat. Norma Jean Martine),Overdrive (feat. Norma Jean Martine),Ofenbach,437,73.6,20983.0,96389865.0,80.0,"pop, french house, electronic, dance-pop"
Chulo pt.2,Chulopt2,Bad Gyal,438,73.6,42351.0,29908589.0,69.0,"trap latino, neoperreo, dembow"
All Girls Are The Same,All Girls Are The Same,Juice WRLD,439,73.5,219797.0,40289611.0,76.0,"melodic rap, emo rap"
Push Up - Main Edit,Push Up - Single,Creeds,441,73.4,81319.0,88956153.0,77.0,"hard techno, hypertechno, techno, tekno"
Kings & Queens,Kings & Queens,Ava Max,440,73.4,130031.0,24897061.0,73.0,"electronic, dance-pop, pop"
Adore You,Adore You,Harry Styles,442,73.2,171120.0,93127826.0,78.0,"soft rock, funk, pop"
HIGHEST IN THE ROOM,HIGHEST IN THE ROOM,Travis Scott,443,73.2,304394.0,58905241.0,78.0,rap
UNAVAILABLE (feat. Musa Keys),Timeless,Davido,444,73.2,51032.0,16505336.0,68.0,"azonto, afrobeat, gqom, hiplife, private school piano, amapiano, afropop, afrobeats, afroswing, afropiano"
Million Dollar Baby (Vhs),Million Dollar Baby - Single,Tommy Richman,445,73.1,5049.0,856394.0,2.0,"indie pop, alternative, bedroom pop"
"Taki Taki (feat. Selena Gomez, Ozuna & Cardi B)",Taki Taki,DJ Snake,446,73.0,37830.0,10568342.0,65.0,"trap latino, urbano latino, reggaeton, latin, pop"
"Chaleya (From ""Jawan"")","Chaleya (From ""Jawan"")",Anirudh Ravichander,447,73.0,18958.0,16311735.0,70.0,"tamil dance, tamil pop, bollywood, desi pop, hindi pop, tamil hip hop, bangla pop, desi, telugu pop, kollywood, tollywood"
Dreamers [Music from the FIFA World Cup Qatar 2022 Official Soundtrack],Dreamers [Music from the FIFA World Cup Qatar 2022 Official Soundtrack],Jung Kook,448,73.0,24878.0,16888060.0,42.0,k-pop
ADIVINO,ADIVINO - Single,Myke Towers,449,72.9,11425.0,115304111.0,84.0,"trap latino, urbano latino, latin, reggaeton"
THE BOX MEDLEY FUNK 2,THE BOX MEDLEY FUNK 2,THE BOX,450,72.8,3010.0,33303786.0,78.0,"trap funk, funk, funk consciente, brazilian funk, funk de bh, brazilian trap, brega funk"
Cruel Summer,Lover,Taylor Swift,451,72.8,121479.0,201964859.0,88.0,"synth-pop, 80s-inspired pop, pop"
No Me Queda Mï¿½ï¿½s (Remasterizado 2024/30th Annivers,Amor Prohibido (Remasterizado 2024/30th Anniversary),Selena,452,72.7,15.0,78253.0,,"tejano, música mexicana, cumbia"
Breathe,2093,Yeat,453,72.7,16735.0,42444393.0,,rage rap
Unforgettable,EPIC AF,French Montana,454,72.6,275044.0,91691537.0,82.0,"trap, hip hop, pop"
EASY,EASY,LE SSERAFIM,455,72.4,7192.0,20908017.0,78.0,k-pop
"Peso Pluma: Bzrp Music Sessions, Vol. 55","Peso Pluma: Bzrp Music Sessions, Vol. 55 - Single",Bizarrap,456,72.2,47202.0,14298402.0,70.0,"trap latino, corridos bélicos, argentine trap, urbano latino, corrido, banda, sad sierreño, electro corridos, música mexicana, corridos tumbados"
Faded,Faded,Benjamin Richter,458,72.0,24.0,5642.0,,"hip hop, rap"
Lose My Breath (Feat. Charlie Puth),Lose My Breath,Stray Kids,457,72.0,1665.0,25533535.0,57.0,"k-pop, soft pop, pop"
ýýýýýýýýýý ýýýýýýýýýýýý,ýýýýýýýýýý ýýýýýýýýýýýý,ALEX&RUS,460,71.9,14893.0,1344212.0,41.0,"i cannot provide genres for the song ""ýýýýýýýýýý ýýýýýýýýýýýý"" by alex&rus because the title provides no information about the song's musical style.  a title consisting solely of repeated characters is not indicative of any genre."
Move,Move - Single,Adam Port,459,71.9,1348.0,19711644.0,67.0,"house, melodic house, afro house"
F.N,F.N,Lil Tjay,461,71.7,186835.0,18420557.0,70.0,"melodic rap, brooklyn drill"
Say You Won't Let Go,Say You Won't Let Go,James Arthur,462,71.5,233504.0,128647419.0,82.0,soft pop
Blank Space,1989 (Deluxe),Taylor Swift,463,71.5,157465.0,49558504.0,76.0,"synth-pop, pop"
Girls Like You,Red Pill Blues (Deluxe),Maroon 5,464,71.4,43481.0,8855966.0,63.0,pop
HUMBLE.,HUMBLE.,Kendrick Lamar,466,71.4,311766.0,77191099.0,80.0,"west coast hip hop, hip hop"
Forget Me,Forget Me,Lewis Capaldi,465,71.4,53783.0,14916823.0,69.0,soft pop
Sabka Malik Ek,Sabka Malik Ek,Dada Black Sheep,467,71.3,22.0,441.0,,"bhangra, bollywood, hip hop, indian folk"
Scared To Start,Scared To Start,Michael Marcagi,469,71.2,23417.0,101687677.0,84.0,"christian rock, contemporary christian"
Super Freaky Girl,Super Freaky Girl,Nicki Minaj,468,71.2,88241.0,44497733.0,64.0,"trap, hip hop, pop"
Miracle (with Ellie Goulding),Miracle (with Ellie Goulding),Calvin Harris,470,71.1,91229.0,100955340.0,74.0,edm
Somebody That I Used To Know,Making Mirrors (Deluxe),Gotye,471,71.0,352833.0,87651528.0,74.0,"indie pop, electropop, alternative"
We Don't Talk Anymore (feat. Selena Gomez),Nine Track Mind,Charlie Puth,474,70.6,161156.0,90365431.0,78.0,"soft pop, pop"
Oh No,Cold As Ice,Kreepa,473,70.6,14548.0,3212878.0,41.0,"pop, electronic, pc music, hyperpop"
Pop Out (feat. Lil Tjay),Pop Out (feat. Lil TJay),Polo G,472,70.6,181654.0,27803039.0,70.0,"melodic rap, brooklyn drill"
7 Years,Lukas Graham (Blue Album),Lukas Graham,475,70.5,218955.0,70223741.0,78.0,"soul, r&b, pop"
Something in the Orange,Something in the Orange,Zach Bryan,478,70.4,134151.0,56220971.0,82.0,"country, red dirt"
AMARGURA,MAï¿½ï¿½ANA SERï¿½ï¿,KAROL G,477,70.4,31206.0,51913972.0,81.0,"urbano latino, latin, reggaeton"
"Happy - From ""Despicable Me 2""",538 Hitzone Best Of 2013,Pharrell Williams,476,70.4,204118.0,68556599.0,75.0,"r&b, funk, pop"
I Wanna Party,I Wanna Party - Single,,482,70.3,,,,Unknown
Bailando Bachata,Bailando Bachata - Single,Chayanne,479,70.2,15391.0,18104979.0,72.0,latin pop
La Bebe (Remix) [Apple Music Live],Apple Music Live: Peso Pluma,Peso Pluma,480,70.2,,,,"trap latino, urbano latino, trap"
Treat You Better,Treat You Better,Shawn Mendes,481,70.2,183260.0,79238401.0,80.0,pop
Feliz Cumpleaï¿½ï¿½os Fe,Feliz Cumpleaï¿½ï¿½os Fe,Feid,483,70.1,84300.0,40737356.0,78.0,"funk, brazilian funk, boom bap, brazilian pop, brazilian trap, brazilian hip hop, brega funk"
Let Her Go,Let Her Go,Passenger,484,70.1,84884.0,25149126.0,69.0,folk pop
Fall Back,Fall Back / Selfish Game - Single,Lithe,485,70.1,10811.0,34967691.0,81.0,"synthpop, indie pop, electronic"
Stressed Out,Stressed Out,Twenty One Pilots,482,70.1,333612.0,85684817.0,79.0,"alternative rock, emo, pop, pop rock"
Astronaut In The Ocean,Astronaut In The Ocean (International Remixes),Masked Wolf,486,70.0,233472.0,41467312.0,67.0,"trap, hip hop, rap"
All of Me,Love In The Future (South Africa Tour Edition),John Legend,487,69.8,259202.0,144805002.0,80.0,"soft pop, neo soul"
2055,2055,Sleepy Hallow,488,69.7,195603.0,31185690.0,77.0,"new york drill, brooklyn drill"
Bandit,Bandit - Single,Don Toliver,490,69.6,19834.0,64067368.0,12.0,"trap, r&b, hip hop"
Redbone,Redbone,Childish Gambino,489,69.6,377159.0,51251842.0,76.0,"funk, hip hop, r&b, soul"
Yimmy Yimmy,Yimmy Yimmy (feat. Jacqueline Fernandez) - Single,Tayc,491,69.5,1305.0,5420569.0,74.0,"afrobeat, kannada pop, pop urbaine, bollywood, hindi pop, sandalwood, zouk, marathi pop, desi, punjabi pop, afrobeats, indian indie"
"This Is The Thanks I Get?! - From ""Wish""","This Is The Thanks I Get?! (From ""Wish"")",Chris Pine,492,69.4,1405.0,7665573.0,,musicals
We Don't Talk About Bruno,Encanto (Original Motion Picture Soundtrack),Carolina Gaitï¿½ï¿½n - La G,493,69.4,57858.0,20151204.0,68.0,"latin, reggaeton, pop"
You Proof,You Proof,Morgan Wallen,494,69.3,64367.0,18795673.0,79.0,country
Enemy (with JID) - from the series Arcane League of Legends,Mercury - Act 1,Imagine Dragons,495,69.2,240419.0,57503380.0,75.0,"alternative rock, hip hop, pop rock"
Break My Heart,Break My Heart,Dua Lipa,496,69.2,130486.0,49149923.0,71.0,pop
Shut Down,BORN PINK,BLACKPINK,497,69.0,39852.0,17682503.0,67.0,k-pop
Regalo De Dios,PRESENTE,Juliï¿½ï¿½n ï¿½ï¿½lvarez y su Norteï,498,68.9,6236.0,32107085.0,81.0,"norteño, grupera, banda, corrido"
Never Let Go,Never Let Go - Single,Jung Kook,499,68.9,722.0,63940453.0,81.0,k-pop
Toyour ï¿½ï¿½ï¿,Amrat ï¿½ï¿½ï¿½ï,Rasha Nahas,500,68.9,26.0,3294.0,6.0,"levantine pop, arabic pop"
Chill Vibes,Chill Vibes,Tollan Kim,501,68.8,560.0,367540.0,32.0,"chillhop, lo-fi hip hop"
MIA (feat. Drake),MIA (feat. Drake),Bad Bunny,503,68.7,159832.0,44868247.0,71.0,"trap latino, hip hop, urbano latino, rap, reggaeton, latin"
Toosie Slide,Toosie Slide,Drake,505,68.7,200623.0,36388485.0,64.0,"hip hop, rap"
MIENTRAS ME CURO DEL CORA,MAï¿½ï¿½ANA SERï¿½ï¿,KAROL G,506,68.7,29511.0,24418991.0,76.0,"urbano latino, latin, reggaeton"
Down Bad,THE TORTURED POETS DEPARTMENT,Taylor Swift,504,68.7,5179.0,38317286.0,80.0,"pop, country-pop"
Ballin' (with Roddy Ricch),Perfect Ten,Mustard,502,68.7,200091.0,36757073.0,69.0,melodic rap
La llama que Baila,La llama que Baila,El Reino Infantil,508,68.5,145.0,25771.0,22.0,"lullaby, children's music"
Ain't No Love In Oklahoma (From Twisters: The Album),Ain't No Love In Oklahoma (From Twisters: The Album),Luke Combs,507,68.5,3565.0,32881291.0,79.0,country
Vegas (From the Original Motion Picture Soundtrack ELVIS),Vegas (From the Original Motion Picture Soundtrack ELVIS),Doja Cat,509,68.2,83450.0,40562156.0,68.0,"r&b, hip hop, pop"
El Merengue,El Merengue - Single,Marshmello,510,68.2,59791.0,80570021.0,75.0,"reggaeton, latin, edm, colombian pop"
Made For Me,Made For Me,Muni Long,513,68.1,13253.0,40716529.0,76.0,"soul, r&b, pop"
Let's Go 4,Let's Go 4,Mc IG,511,68.1,27317.0,24472348.0,,"trap funk, funk, funk consciente, brazilian funk, brazilian trap"
TELEKINESIS,UTOPIA,Travis Scott,512,68.1,92838.0,14575457.0,75.0,"r&b, rap"
Daqui pra Sempre,Daqui pra Sempre,Manu,514,68.0,12794.0,30495153.0,76.0,"arrocha, tecnobrega, forró, sertanejo, piseiro, seresta, sertanejo universitário, agronejo, brega"
Martin & Gina,THE GOAT,Polo G,516,68.0,212406.0,24064966.0,76.0,"trap, hip hop"
"thank u, next","thank u, next",Ariana Grande,515,68.0,134913.0,54753824.0,73.0,pop
One Dance,One Dance (feat. Wizkid & Kyla) - Single,Drake,518,67.9,379853.0,131832723.0,82.0,"azonto, hip hop, alté, dancehall, afrobeat, rap, afropop, afrobeats, afroswing, afropiano"
ily (i love you baby) (feat. Emilee),ily (feat. Emilee),Surf Mesa,517,67.9,160875.0,50549340.0,70.0,"tropical house, electronic, pop"
Hope,?,XXXTENTACION,519,67.8,201082.0,35338608.0,78.0,emo rap
TRUSTFALL,TRUSTFALL,P!nk,520,67.6,35610.0,35412821.0,65.0,"dance-pop, pop"
Intentions (feat. Quavo),Intentions,Justin Bieber,521,67.5,124387.0,38596274.0,69.0,"trap, r&b, pop"
PRC,PRC,Peso Pluma,522,67.4,52040.0,23580184.0,69.0,"corridos bélicos, sierreño, corridos tumbados, corrido, banda, sad sierreño, electro corridos, música mexicana"
Lemonade,Lemonade,Internet Money,523,67.3,280937.0,43396860.0,12.0,melodic rap
WITHOUT YOU,F*CK LOVE (SAVAGE),The Kid LAROI,524,67.0,192182.0,29317288.0,69.0,"hip hop, alternative, pop"
Sensational (feat. Davido & Lojay),Sensational (feat. Davido & Lojay) - Single,Chris Brown,527,66.9,20841.0,15882127.0,,"azonto, alté, afrobeat, hiplife, amapiano, afropop, r&b, afrobeats, afroswing, afropiano"
LET GO,LET GO,Central Cee,526,66.9,131562.0,25729246.0,70.0,"drill, uk drill, grime"
Blister In The Sun,Violent Femmes (Deluxe Edition),Violent Femmes,525,66.9,34.0,302.0,,folk punk
Savage (feat. Beyoncï¿½ï¿½) - R,Savage (feat. Beyoncï¿½ï¿½) [Re,Megan Thee Stallion,528,66.8,49403.0,19102863.0,57.0,"trap, r&b, hip hop"
No Idea,No Idea,Don Toliver,529,66.8,176497.0,26466335.0,74.0,"trap, r&b, hip hop"
Love Yourself,Love Yourself,Justin Bieber,530,66.8,221550.0,85152861.0,78.0,"r&b, pop"
Tï¿½ï¿½ ,Dolido Pero No Arrepentido - EP,Fuerza Regida,531,66.7,6068.0,47264152.0,82.0,"corridos bélicos, sierreño, corridos tumbados, corrido, colombian pop, banda, electro corridos, sad sierreño, reggaeton, latin, música mexicana"
Cari Mama Muda (Senorita Joven) - Original Mix,Cari Mama Muda (Senorita Joven),Carella,532,66.6,53.0,14039.0,7.0,"house, latin, tropical, dance"
Need A Favor,NEED A FAVOR,Jelly Roll,533,66.5,26335.0,16587886.0,73.0,"country hip hop, country"
Heeriye (feat. Arijit Singh),Heeriye (feat. Arijit Singh),Jasleen Royal,534,66.4,19549.0,12641512.0,74.0,"bollywood, malayalam pop, hindi pop, mollywood, hindi indie, bangla pop, desi, gujarati pop"
Work from Home (feat. Ty Dolla $ign),Pop Party,Fifth Harmony,535,66.4,126593.0,41728493.0,71.0,pop
Anabella,Anabella,Khaid,536,66.3,2424.0,586834.0,52.0,"afrobeat, afropop, afrobeats, afro soul, afropiano"
Cuando Te Amï¿,Cuando Te Amï¿½ï¿½ - Si,Cupula Roja,537,66.3,,,,"mariachi, tejano"
Bam Bam (feat. Ed Sheeran),#NAME?,Camila Cabello,539,66.2,106835.0,71070491.0,68.0,soft pop
The Motto,The Motto,Tiï¿½ï¿,540,66.2,147373.0,98477761.0,70.0,"west coast hip hop, hip hop, rap"
Single Soon,Single Soon,Selena Gomez,538,66.2,18831.0,38391532.0,70.0,pop
Falling Down - Bonus Track,Falling Down,Lil Peep,541,66.1,189320.0,31366549.0,76.0,"cloud rap, emo rap"
Close,Close - Single,Kush & TJ,543,65.9,,,,"trap, rap, southern hip hop"
Sin Pijama,Sin Pijama,Becky G,542,65.9,70607.0,24678614.0,61.0,"urbano latino, latin, reggaeton, bachata"
Wasted On You,Dangerous: The Double Album,Morgan Wallen,545,65.7,73851.0,11500647.0,79.0,country
BREAK MY SOUL,BREAK MY SOUL,Beyoncï¿,544,65.7,80121.0,43604917.0,64.0,"west coast hip hop, hip hop"
Nimbu Kharbuja Bhail 2,Nimbu Kharbuja Bhail 2,Khesari Lal Yadav,546,65.6,139.0,195881.0,,"bhojiwood, bhojpuri pop"
Murder In My Mind,Murder In My Mind,Kordhell,547,65.6,120095.0,62454609.0,74.0,"drift phonk, phonk"
Unstoppable,Unstoppable,Sia,548,65.5,166761.0,75244498.0,76.0,"dance-pop, pop"
traitor,SOUR,Olivia Rodrigo,550,65.5,150597.0,73290053.0,80.0,"alternative pop, pop"
goosebumps,Birds In The Trap Sing McKnight,Travis Scott,549,65.5,381756.0,90317118.0,82.0,rap
DIME QUE,DIME QUE,Ian G.,559,65.4,,,,"trap, latin, reggaeton, pop"
Quï¿½ï¿½ Mï¿½ï¿,Quï¿½ï¿½ Mï¿½ï¿,J Balvin,552,65.3,117049.0,31186381.0,67.0,"trap, latin, reggaeton, pop"
Hrs and Hrs,Public Displays of Affection,Muni Long,551,65.3,58384.0,11312967.0,67.0,"pop, r&b, soul"
Boy With Luv (feat. Halsey),MAP OF THE SOUL : PERSONA,BTS,553,65.0,62333.0,28686399.0,70.0,k-pop
Broccoli,Broccoli - Single,ati2x06,626,64.9,1.0,42.0,,memphis rap
Angel Baby,Angel Baby,Troye Sivan,554,64.9,51383.0,15263459.0,68.0,"electropop, synth-pop, pop"
Way 2 Sexy (with Future & Young Thug),Certified Lover Boy,Drake,555,64.7,159492.0,30567448.0,67.0,"trap, hip hop, melodic rap, rap"
Bhauji Lenge Lenge,Bhauji Lenge Lenge,Khesari Lal Yadav,556,64.6,27.0,200816.0,,"bhojiwood, bhojpuri pop"
SORRY 4 THAT MUCH,SORRY 4 THAT MUCH,Feid,557,64.5,1184.0,87529320.0,71.0,"urbano latino, reggaeton"
I WANNA BE YOUR SLAVE,Teatro d'ira - Vol. I,Mï¿½ï¿½ne,558,64.4,240281.0,35343056.0,77.0,"synth-pop, alternative pop, dark pop"
PUFFIN ON ZOOTIEZ,I NEVER LIKED YOU,Future,560,64.3,135307.0,21175776.0,71.0,rap
3D (feat. Jack Harlow),3D (feat. Jack Harlow),Jung Kook,559,64.3,27154.0,33077841.0,74.0,k-pop
XO Tour Llif3,XO TOUR Llif3,Lil Uzi Vert,562,64.2,59071.0,11326598.0,24.0,melodic rap
Lift Me Up - From Black Panther: Wakanda Forever - Music From and Inspired By,Lift Me Up (From Black Panther: Wakanda Forever - Music From and Inspired By),Rihanna,563,64.2,66018.0,36625617.0,65.0,"pop, r&b, soul"
Desire (with Sam Smith),Desire (with Sam Smith),Calvin Harris,561,64.2,43558.0,87204848.0,75.0,"soft pop, edm"
Cute,Cute,Aurel Surya Lie,564,64.1,90.0,4986.0,21.0,"indie pop, bedroom pop"
Cold Heart - PNAU Remix,Diamonds (Deluxe),Elton John,565,64.0,314601.0,173805568.0,77.0,pop
Con Altura,Con Altura,ROSALï¿½,566,63.9,81459.0,36880651.0,66.0,"latin hip hop, dembow"
ýýýýýý (HEYA),IVE SWITCH,IVE,568,63.8,1646.0,17870918.0,60.0,"k-pop, dance-pop, pop"
LA CANCIï¿½,OASIS,J Balvin,570,63.8,149957.0,78600154.0,79.0,"electro house, pagode baiano, funk, edm, brazilian pop, reggaeton, moombahton, latin, funk carioca, funk pop"
In My Mind,In My Mind,Dynoro,567,63.8,235239.0,70280564.0,74.0,"eurodance, italo dance"
Chandelier,Todo Exitos 2014 (Los Nï¿½ï¿½mero 1 Del A,Sia,569,63.8,171065.0,77207881.0,75.0,"electropop, dance-pop, pop"
Eastside (with Halsey & Khalid),Eastside (with Halsey & Khalid),benny blanco,571,63.7,174867.0,50426363.0,73.0,"trap, r&b, pop"
Godzilla (feat. Juice WRLD),Music To Be Murdered By,Eminem,572,63.7,241715.0,56568076.0,78.0,"hip hop, melodic rap, rap, emo rap"
All About That Bass,Los Nï¿½ï¿½meros 1 De 40 (El Disco De Los ï¿½ï,Meghan Trainor,573,63.6,92401.0,43164406.0,70.0,"pop-r&b, doo-wop, pop"
"Besharam Rang (From ""Pathaan"")","Besharam Rang (From ""Pathaan"")",Vishal-Shekhar,574,63.5,10974.0,8344652.0,66.0,"desi, bollywood, desi pop, hindi pop"
MR. TAKE YA B*TCH (FEAT. CHRISEANROCK),MR. TAKE YA B*TCH (FEAT. CHRISEANROCK),Lil Mabu,575,63.4,15452.0,1964606.0,,"drill, new york drill"
Cheques,Still Rollin,Shubh,576,63.4,18698.0,9458603.0,73.0,"bhangra, desi hip hop, hindi hip hop, punjabi hip hop, desi, punjabi pop"
Friday (feat. Mufasa & Hypeman) - Dopamine Re-Edit,Friday (feat. Mufasa & Hypeman) [Dopamine Re-Edit],Riton,577,63.3,257132.0,93789915.0,72.0,house
VAGABUNDO,VAGABUNDO,Sebastian Yatra,578,63.3,44292.0,44021764.0,75.0,"latin, reggaeton, colombian pop"
Cheap Thrills,Cheap Thrills,Sia,580,63.2,161840.0,45579916.0,70.0,dancehall
Yummy,Yummy,Justin Bieber,579,63.2,96177.0,23338709.0,62.0,"r&b, dance-pop, pop"
On My Mama,On My Mama,Victoria Monï¿½,582,63.1,16874.0,43909927.0,65.0,"west coast hip hop, r&b, hip hop"
Wishing Well,Legends Never Die,Juice WRLD,583,63.1,157381.0,25837638.0,71.0,"melodic rap, emo rap"
Jale 2 (feat. Vinay Yadav & Neha Shukla),Jale 2 (feat. Vinay Yadav & Neha Shukla),Shiva Choudhary,581,63.1,3.0,710.0,,"gujarati garba, bollywood, bhojiwood, hindi pop, bhojpuri pop, desi, gujarati pop"
Too Good At Goodbyes,Too Good At Goodbyes,Sam Smith,584,62.9,157801.0,71564108.0,78.0,soft pop
SPECIALZ,SPECIALZ,King Gnu,585,62.8,22972.0,6194085.0,78.0,"j-pop, anime, j-rock"
Ta Ta Ta,Bayanni,Bayanni,586,62.8,31737.0,2778661.0,62.0,"afropiano, afrobeats, afrobeat, afropop"
Un Finde | CROSSOVER #2,Un Finde | CROSSOVER #2,Big One,588,62.6,34991.0,12554230.0,72.0,"cuarteto, argentine trap, cumbia"
There's Nothing Holdin' Me Back,Illuminate,Shawn Mendes,589,62.6,185796.0,81455782.0,80.0,pop
Gulabi Sadi,Gulabi Sadi,Sanju Rathod,587,62.6,983.0,2100536.0,69.0,marathi pop
Breaking Me,Breaking Me (feat. A7S),Topic,590,62.5,184002.0,50489973.0,69.0,"electronic, edm, dance-pop"
The 5th Letter,Underhanded,Hollywood Dots The Oncelor,591,62.4,,,,"boom bap, underground hip hop"
Belong Together,Belong Together - Single,Mark Ambor,592,62.4,19001.0,153692182.0,87.0,"indie pop, pop"
Shake It Off,1989 (Deluxe),Taylor Swift,593,62.3,162649.0,73697294.0,74.0,"dance-pop, pop"
LOVELY BASTARDS,LOVELY BASTARDS,ZWE1HVNDXR,594,62.2,37906.0,25613376.0,,"drift phonk, brazilian phonk, phonk"
La Curiosidad,Platonicos,Jay Wheeler,595,62.1,107383.0,57705968.0,78.0,"trap latino, urbano latino, reggaeton"
EL MAKINON,EL MAKINON,KAROL G,596,62.0,69491.0,28426363.0,69.0,Unknown
In The Stars,In The Stars,Benson Boone,597,61.9,107667.0,48040727.0,74.0,Unknown
Shirt,Shirt,SZA,598,61.9,68997.0,24096906.0,73.0,Unknown
Tiryakinim,Tiryakinim,Bayhan,599,61.8,1805.0,4615455.0,71.0,Unknown
We Don't Trust You,WE DON'T TRUST YOU,Future,600,61.7,13345.0,6655318.0,,Unknown
Tï¿½ï¿,Tï¿½ï¿,DENNIS,601,61.7,41237.0,24980357.0,69.0,Unknown
Cï¿½ï¿½ï¿½t ï¿½ï¿½ï¿½ï¿,Cï¿½ï¿½ï¿½t ï¿½ï¿½ï¿½ï¿,Tï¿½ï¿½ng Duy ,602,61.6,1554.0,91085.0,,Unknown
Call Out My Name,"My Dear Melancholy,",The Weeknd,603,61.6,229909.0,75001452.0,79.0,Unknown
Lose Control,Get To Know,MEDUZA,604,61.6,180309.0,53903360.0,66.0,Unknown
THE GREATEST,HIT ME HARD AND SOFT,Billie Eilish,606,61.5,4192.0,13299713.0,84.0,Unknown
X - Remix,X (Remix),Nicky Jam,605,61.5,36912.0,15902955.0,60.0,Unknown
223's (feat. 9lokknine),223's (feat. 9lokknine),YNW Melly,609,61.4,97431.0,11914330.0,64.0,Unknown
Saami Saami,"Saami Saami (From ""Pushpa - The Rise Part - 01"") - Single",Mounika Yadav,608,61.4,3192.0,1364915.0,49.0,Unknown
ýýchame La Culpa,ýýchame La Culpa,Luis Fonsi,607,61.4,92728.0,21057073.0,68.0,Unknown
Mask Off,EPIC AF,Future,614,61.3,281838.0,66110271.0,77.0,Unknown
BON,No.O -ring-,Number_i,613,61.3,133.0,4401335.0,70.0,Unknown
Before You Go,Divinely Uninspired To a Hellish Extent (Extended Edition),Lewis Capaldi,611,61.3,211573.0,106250249.0,77.0,Unknown
SAD GIRLZ LUV MONEY Remix (feat. Kali Uchis and Moliy),SAD GIRLZ LUV MONEY Remix (feat. Kali Uchis and Moliy),Amaarae,610,61.3,95507.0,22395876.0,67.0,Unknown
Young Metro,WE DON'T TRUST YOU,Future,612,61.3,13782.0,24255616.0,,Unknown
You Raise Me Up,Closer (20th Anniversary Deluxe Edition),Josh Groban,618,61.2,18.0,152.0,,Unknown
Queencard,I feel,(G)I-DLE,616,61.2,25925.0,7047731.0,72.0,Unknown
"Maroon Color Sadiya (From ""Fasal"")","Maroon Color Sadiya (From ""Fasal"") - Single",Kalpana,617,61.2,142.0,221118.0,,Unknown
RAPSTAR,RAPSTAR,Polo G,615,61.2,218155.0,31818910.0,72.0,Unknown
Say Yes To Heaven,Say Yes To Heaven (sim0ne & Melo Nada Remix),Lana Del Rey,620,61.1,73253.0,71366345.0,80.0,Unknown
Building Blocks,Darkly,Falls,619,61.1,1.0,4.0,,Unknown
Maan Meri Jaan,Champagne Talk,King,621,61.0,25221.0,7852722.0,71.0,Unknown
Best Friend (feat. Doja Cat),Best Friend (feat. Doja Cat),Saweetie,622,61.0,95775.0,30817811.0,66.0,Unknown
GATï¿½ï¿½,GATï¿½ï¿½,KAROL G,623,61.0,42444.0,22820163.0,66.0,Unknown
Swalla (feat. Nicki Minaj & Ty Dolla $ign),Swalla (feat. Nicki Minaj & Ty Dolla $ign),Jason Derulo,624,61.0,120975.0,28691304.0,66.0,Unknown
Te Botï¿½ï¿½ - R,Flow La Movie Remixes,Nio Garcia,625,60.9,132271.0,43704712.0,69.0,Unknown
SICKO MODE,ASTROWORLD,Travis Scott,626,60.9,330314.0,97027433.0,77.0,Unknown
act ii: date @ 8 (remix),act ii: date @ 8 (feat. Drake) [remix],4batz,627,60.8,16536.0,54361056.0,,Unknown
Barbie World (with Aqua) [From Barbie The Album],Barbie World (with Aqua) [From Barbie The Album],Nicki Minaj,630,60.6,53386.0,35912569.0,71.0,Unknown
The Kind of Love We Make,The Kind of Love We Make,Luke Combs,628,60.6,68177.0,14091711.0,75.0,Unknown
Europapa,Europapa,Joost,629,60.6,12493.0,25123151.0,81.0,Unknown
OMG,NewJeans 'OMG',NewJeans,632,60.5,53019.0,18823180.0,75.0,Unknown
Baila,Baila,Karl Wine,631,60.5,2732.0,204717.0,,Unknown
PUNTO 40,PUNTO 40 - Single,Rauw Alejandro,635,60.4,56179.0,20926929.0,67.0,Unknown
In The Name Of Love,Pacha 2017,Martin Garrix,637,60.4,164935.0,69180262.0,75.0,Unknown
Shorty Party,Shorty Party,Cartel De Santa,633,60.4,28785.0,11052463.0,69.0,Unknown
Drama,Drama - The 4th Mini Album,aespa,634,60.4,11991.0,12559068.0,78.0,Unknown
Head & Heart (feat. MNEK),Head & Heart (feat. MNEK),Joel Corry,636,60.4,190615.0,90132900.0,74.0,Unknown
Callaita,Callaita,Bad Bunny,638,60.0,156477.0,70813159.0,70.0,Unknown
How Do I Say Goodbye,How Do I Say Goodbye,Dean Lewis,639,59.9,86820.0,35269550.0,69.0,Unknown
One Step Closer,Papercuts,Linkin Park,640,59.8,91.0,485893.0,,Unknown
ULTRA SOLO,ULTRA SOLO,Polimï¿½ï¿½ Westc,642,59.7,58995.0,18998905.0,64.0,Unknown
Hundred Miles (Sped Up Version),Hundred Miles (Sped Up Version) [feat. Gabriela Richardson] - Single,Yall,641,59.7,4532.0,1638498.0,48.0,Unknown
SNAP,SNAP,Rosa Linn,643,59.7,99333.0,60341587.0,79.0,Unknown
Lambiyan Raataan,Lambiyan Raataan - Single,Jubin Nautiyal,644,59.6,4.0,16.0,,Unknown
Gangnam Style (ï¿½ï¿½ï¿½ï¿½ï¿½ï,Hits For Kids 29,PSY,647,59.6,103211.0,28183533.0,67.0,Unknown
Criminal,Criminal,NATTI NATASHA,648,59.6,84086.0,32287923.0,69.0,Unknown
Chantaje,Chantaje,Shakira,646,59.6,96248.0,34837159.0,72.0,Unknown
Laugh Now Cry Later (feat. Lil Durk),Laugh Now Cry Later (feat. Lil Durk),Drake,645,59.6,222576.0,40254416.0,69.0,Unknown
Psycho,Psycho (feat. Ty Dolla $ign),Post Malone,650,59.5,183827.0,31780671.0,70.0,Unknown
Casanova,Casanova,Soolking,649,59.5,46669.0,12795882.0,72.0,Unknown
Holanda,Holanda,Jhayco,651,59.5,51073.0,31619869.0,73.0,Unknown
nï¿½ï¿½e,nï¿½ï¿½e,21 Savage,652,59.4,33551.0,52062674.0,,Unknown
Faded,Faded,Alan Walker,653,59.4,221874.0,62851374.0,75.0,Unknown
Cough,Cough,Kizz Daniel,655,59.3,24888.0,4522560.0,62.0,Unknown
Afraid To Feel,Afraid To Feel,LF SYSTEM,656,59.3,146218.0,60783514.0,74.0,Unknown
Wow.,Wow.,Post Malone,657,59.3,201840.0,56914511.0,74.0,Unknown
Radioactive,Hear Me EP,Imagine Dragons,654,59.3,236427.0,68978853.0,75.0,Unknown
RITMO (Bad Boys For Life),RITMO (Bad Boys For Life),Black Eyed Peas,659,59.2,155959.0,47278163.0,65.0,Unknown
hot girl bummer,hot girl bummer,blackbear,658,59.2,198773.0,30644248.0,70.0,Unknown
Dancing With A Stranger (with Normani),Dancing With A Stranger (with Normani),Sam Smith,663,59.1,113525.0,53504146.0,71.0,Unknown
Heartbreak Anniversary,HEARTBREAK ANNIVERSARY,Giveon,665,59.1,189404.0,63215005.0,75.0,Unknown
Toxic,Faded,BoyWithUke,662,59.1,145080.0,16730668.0,69.0,Unknown
Tennessee Whiskey,Tennessee Whiskey,Chris Stapleton,661,59.1,162233.0,36021163.0,77.0,Unknown
Up,Up (Instrumental),Cardi B,664,59.1,97970.0,34102798.0,65.0,Unknown
UN PREVIEW,UN PREVIEW,Bad Bunny,660,59.1,45343.0,26714184.0,,Unknown
Prada Dem (feat. Offset),Prada Dem (feat. Offset),Gunna,669,58.9,10723.0,43670163.0,,Unknown
Don't Be Shy,Don't Be Shy - Single,Tiï¿½ï¿,670,58.9,95938.0,62300199.0,69.0,Unknown
Sabor Fresa,Sabor Fresa,Fuerza Regida,668,58.9,37578.0,22883474.0,77.0,Unknown
MON LOVE OHO,MON LOVE OHO,Liamsi,666,58.9,12008.0,950490.0,48.0,Unknown
Surround Sound (feat. 21 Savage & Baby Tate),Surround Sound (feat. 21 Savage & Baby Tate),JID,667,58.9,170892.0,80727459.0,79.0,Unknown
Feather,emails i canï¿½ï¿½ï¿½t send fwd,Sabrina Carpenter,673,58.8,32825.0,79636817.0,84.0,Unknown
Super Gremlin,Sniper Gang Presents Syko Bob & Snapkatt: Nightmare Babies,Kodak Black,672,58.8,123862.0,25561593.0,63.0,Unknown
Natural,Natural,Imagine Dragons,674,58.8,154255.0,36941962.0,75.0,Unknown
La Triple M,La Triple M,Mawell,671,58.8,9405.0,3224288.0,59.0,Unknown
OUT WEST (feat. Young Thug),JACKBOYS,JACKBOYS,675,58.8,165912.0,33706762.0,70.0,Unknown
"Fear Song (From ""Devara Part 1"") [Tamil]","Fear Song (From ""Devara Part 1"") [Tamil]",Anirudh Ravichander,677,58.7,63.0,944526.0,,Unknown
High Hopes,High Hopes On Saturday Night,Panic! At The Disco,678,58.7,207598.0,99517459.0,75.0,Unknown
Papa,Papa,Lori,676,58.7,,,,Unknown
Memory Reboot,Memory Reboot,Vï¿½,679,58.6,33442.0,16618553.0,71.0,Unknown
Side To Side,Dangerous Woman,Ariana Grande,680,58.6,120921.0,38322144.0,70.0,Unknown
Last Night,3 Songs At A Time Sampler,Morgan Wallen,681,58.6,5520.0,576014.0,50.0,country
Build a Bitch,Build a Bitch,Bella Poarch,682,58.5,81642.0,21651326.0,63.0,Unknown
"Natanael Cano: Bzrp Music Sessions, Vol. 59","Natanael Cano: Bzrp Music Sessions, Vol. 59",Bizarrap,683,58.4,6242.0,27462520.0,79.0,Unknown
400 Degreez,400 Degreez (Deluxe Edition),JUVENILE,687,58.3,2.0,2.0,,Unknown
Y LLORO,$AD BOYZ 4 LIFE II,Junior H,685,58.3,16161.0,16393454.0,80.0,Unknown
Streets,Hot Pink,Doja Cat,686,58.3,154003.0,62848076.0,75.0,Unknown
How We Roll,How We Roll,Ciara,684,58.3,11757.0,1829300.0,53.0,Unknown
"Satranga (From ""Animal"")","Satranga (From ""Animal"") - Single",Arijit Singh,690,58.2,9450.0,15024564.0,76.0,Unknown
My Universe,My Universe,Coldplay,688,58.2,124247.0,79296537.0,71.0,Unknown
Peaches & Eggplants (feat. 21 Savage),Peaches & Eggplants (feat. 21 Savage),Young Nudy,689,58.2,54118.0,15660760.0,64.0,Unknown
"Who Want Smoke?? (feat. G Herbo, Lil Durk & 21 Savage)","Who Want Smoke?? (feat. G Herbo, Lil Durk & 21 Savage)",Nardo Wick,691,58.1,103369.0,11693843.0,61.0,Unknown
Thinking Out Loud,Piano Moods: 50 Songs,Ed Sheeran,693,58.0,17.0,2117.0,7.0,Unknown
O Me Voy O Te Vas,O Me Voy O Te Vas,Natanael Cano,692,58.0,14009.0,22457916.0,77.0,Unknown
Punterï¿½,Punterï¿½,Shakira,697,57.9,3482.0,40692106.0,,Unknown
Girls Like You (feat. Cardi B),Red Pill Blues (Deluxe),Maroon 5,694,57.9,145231.0,35076065.0,66.0,Unknown
Slime You Out (feat. SZA),Slime You Out,Drake,696,57.9,54946.0,23594885.0,,Unknown
Therefore I Am,Therefore I Am,Billie Eilish,695,57.9,132298.0,34341587.0,67.0,Unknown
Wish You The Best,Wish You The Best,Lewis Capaldi,701,57.8,37111.0,22160670.0,71.0,Unknown
New Rules,Summer Beats 2018,Dua Lipa,698,57.8,,,,Unknown
Stitches,Stitches,Shawn Mendes,700,57.8,170905.0,58551250.0,69.0,Unknown
Back On 74,Back On 74,Jungle,702,57.8,61462.0,73347896.0,80.0,Unknown
"Welcome To Rosas - From ""Wish""","Welcome To Rosas (From ""Wish"")",Ariana DeBose,699,57.8,1146.0,6969708.0,,Unknown
Por Mi Mexico (Remix),"Por Mi Mï¿½ï¿½xico (Remix) [feat. Dharius, C-Kan, MC Davo & Neto Peï¿½ï¿½a] ",Lefty Sm,703,57.7,8721.0,6921023.0,67.0,Unknown
THIS YEAR (Blessings),THIS YEAR (Blessings) (feat. Ehis 'D' Greatest) - Single,Victor Thompson,705,57.7,45328.0,7606515.0,61.0,Unknown
"Abrarï¿½ï¿½ï¿½s Entry | Jamal Kudu ""ANIMAL"")","Abrarï¿½ï¿½ï¿½s Entry | Jamal Kudu ""ANIMAL"")",Harshavardhan Rameshwar,704,57.7,4639.0,1510883.0,,Unknown
Fair Trade (with Travis Scott),Certified Lover Boy,Drake,708,57.6,220374.0,42648915.0,75.0,Unknown
Mayores,Mayores,Becky G,709,57.6,66677.0,26417997.0,66.0,Unknown
CHORRITO PA LAS ANIMAS,SIXDO,Feid,707,57.6,61360.0,26903567.0,75.0,Unknown
New Divide,Papercuts,Linkin Park,706,57.6,161.0,923021.0,,Unknown
White Horse,White Horse,Chris Stapleton,711,57.5,28835.0,15122339.0,68.0,Unknown
Ojitos Rojos,Ojitos Rojos - Single,Grupo Frontera,712,57.5,20975.0,10461108.0,70.0,Unknown
La Morocha,La Morocha,Luck Ra,710,57.5,17882.0,11897449.0,66.0,Unknown
Who Is Your Guy?,Who Is Your Guy?,Spyro,714,57.4,6366.0,592410.0,52.0,Unknown
You Right,You Right,Doja Cat,713,57.4,119953.0,44866271.0,72.0,Unknown
AMG,AMG,Natanael Cano,715,57.3,51522.0,21663790.0,70.0,Unknown
Bandido,Bandido,Myke Towers,717,57.2,99936.0,23605544.0,68.0,Unknown
Karma,Karma,JoJo Siwa,716,57.2,1840.0,5419557.0,,Unknown
El Gordo Trae El Mando,El Gordo Trae El Mando,Chino Pacas,720,57.1,38598.0,20258181.0,76.0,Unknown
Ya No Tengo Tu Love,Origami,Sie7e,718,57.1,1911.0,300718.0,,Unknown
52 Gaj Ka Daman,52 Gaj Ka Daman,Renuka Panwar,719,57.1,4295.0,619647.0,52.0,Unknown
FTCU,Pink Friday 2,Nicki Minaj,722,57.0,24101.0,35583769.0,,Unknown
Go Crazy,Slime & B,Young Thug,721,57.0,126934.0,20887762.0,68.0,Unknown
La Jumpa,La Jumpa,Arcï¿½ï¿½,726,56.9,99063.0,53041655.0,68.0,Unknown
I Don't Care,I Don't Care - Single,Boy Spyce,723,56.9,328.0,717595.0,,Unknown
Roar,2013 The Hottest,Katy Perry,725,56.9,146653.0,68107488.0,73.0,Unknown
No Guidance (feat. Drake),No Guidance (feat. Drake),Chris Brown,724,56.9,157003.0,35028641.0,70.0,Unknown
34+35,Positions,Ariana Grande,727,56.8,97191.0,40917688.0,70.0,Unknown
Permission to Dance,Butter / Permission to Dance,BTS,728,56.8,43682.0,27994315.0,68.0,Unknown
changes,changes,XXXTENTACION,729,56.8,171651.0,36731138.0,70.0,Unknown
Tell Ur Girlfriend,Tell Ur Girlfriend,Lay Bankz,730,56.7,10335.0,116287670.0,90.0,Unknown
SPIDER,SPIDER,GIMS,731,56.6,3364.0,11637634.0,76.0,Unknown
Sunday Best,Where the Light Is,Surfaces,733,56.6,151446.0,27674084.0,16.0,Unknown
Guli Mata,Guli Mata,Saad Lamjarred,734,56.6,8540.0,685520.0,62.0,Unknown
HOLA PERDIDA,HOLA PERDIDA,Luck Ra,732,56.6,10663.0,17155186.0,69.0,Unknown
Better,Better,Khalid,736,56.5,108485.0,20494060.0,72.0,Unknown
I Don't Care (with Justin Bieber),I Don't Care (with Justin Bieber),Ed Sheeran,735,56.5,156748.0,74047669.0,70.0,Unknown
Substitution,Substitution,Purple Disco Machine,737,56.4,36861.0,48220875.0,72.0,Unknown
Automotivo Bibi Fogosa,Automotivo Bibi Fogosa,Bibi Babydoll,739,56.4,47406.0,32423214.0,36.0,Unknown
MERCHO,MERCHO,LiL CaKe,738,56.4,52345.0,27129754.0,67.0,Unknown
Bandook,Bandook,Nirvair Pannu,740,56.4,5825.0,638204.0,54.0,Unknown
Silence,Silence,Marshmello,741,56.3,188349.0,52573571.0,77.0,Unknown
Miï¿½ï¿½n,Miï¿½ï¿½n,TINI,742,56.3,79670.0,35967048.0,73.0,Unknown
Trap Queen,Trap Queen,Fetty Wap,744,56.2,201337.0,36698633.0,70.0,Unknown
Sign of the Times,Sign of the Times,Harry Styles,743,56.2,191817.0,85380382.0,76.0,Unknown
METAMORPHOSIS,METAMORPHOSIS,INTERWORLD,746,56.2,88566.0,48503856.0,76.0,Unknown
Botella Tras Botella,Botella Tras Botella,Gera MX,747,56.2,72494.0,22027404.0,71.0,Unknown
"Me, Myself & I","Me, Myself & I",G-Eazy,745,56.2,174312.0,39798446.0,73.0,Unknown
"Steal The Show - From ""Elemental""","Steal The Show (From ""Elemental"")",Lauv,749,56.1,20157.0,12372416.0,68.0,Unknown
Lut Gaye,Lut Gaye,Jubin Nautiyal,751,56.1,16697.0,3873550.0,56.0,Unknown
Piel,Piel,Tiago PZK,748,56.1,6815.0,48721232.0,79.0,Unknown
Pasoori,Pasoori,Shae Gill,750,56.1,37940.0,6753521.0,65.0,Unknown
the boy is mine,eternal sunshine,Ariana Grande,752,56.0,8386.0,79812251.0,80.0,Unknown
When We Were Young (The Logical Song),When We Were Young (The Logical Song),David Guetta,754,55.9,20712.0,61778572.0,3.0,Unknown
Swalla (feat. Nicki Minaj & Ty Dolla $ign),Nu King,Jason Derulo,755,55.9,,,,Unknown
Lay Low,Lay Low,Tiï¿½ï¿,756,55.9,67235.0,95995595.0,70.0,Unknown
Bounce When She Walk,Bounce When She Walk,Ohboyprince,753,55.9,6915.0,751599.0,45.0,Unknown
"Apna Bana Le (From ""Bhediya"")","Apna Bana Le (From ""Bhediya"")",Arijit Singh,757,55.8,19757.0,12938935.0,66.0,Unknown
Hold My Hand,"Hold My Hand (Music From The Motion Picture ""Top Gun: Maverick"")",Lady Gaga,759,55.7,50632.0,13985305.0,69.0,Unknown
Big Energy,Big Energy - Single,Latto,758,55.7,53099.0,32807694.0,61.0,Unknown
Goodbyes (feat. Young Thug),Goodbyes (Feat. Young Thug),Post Malone,761,55.6,156671.0,25905453.0,72.0,Unknown
Location,Location,Khalid,760,55.6,169370.0,32275029.0,71.0,Unknown
Italodisco,Italodisco,The Kolors,762,55.4,22711.0,10786942.0,67.0,Unknown
Perfect Night,Perfect Night,LE SSERAFIM,763,55.4,23583.0,16220736.0,78.0,Unknown
Vida de Rico,Vida de Rico,Camilo,767,55.4,54968.0,26455856.0,64.0,Unknown
Frï¿½ï¿½gil (feat. Grupo Front,Frï¿½ï¿½gil (feat. Grupo Front,Yahritza Y Su Esencia,765,55.4,32294.0,28454994.0,67.0,Unknown
In My Feelings,Scorpion,Drake,766,55.4,179820.0,36937605.0,68.0,Unknown
You Broke My Heart,For All The Dogs Scary Hours Edition,Drake,764,55.4,26849.0,21166663.0,,Unknown
Attention,Attention,Charlie Puth,768,55.3,162682.0,40159047.0,75.0,Unknown
Zhurek,Zhurek,Adam,770,55.3,1745.0,385351.0,,Unknown
Let Me Down Slowly,Let Me Down Slowly,Alec Benjamin,769,55.3,187053.0,79925766.0,80.0,Unknown
In The End,In the End,Tommee Profitt,771,55.2,23747.0,2345029.0,52.0,Unknown
Took Her To The O,Took Her To The O,King Von,772,55.1,156669.0,13464335.0,74.0,Unknown
Boyfriend,Boyfriend,Dove Cameron,774,55.1,96878.0,50739981.0,68.0,Unknown
Orquestra Maldita,Orquestra Maldita,TRASHXRL,773,55.1,16844.0,15941203.0,14.0,Unknown
Sucker,Sucker,Jonas Brothers,775,55.0,128280.0,42394972.0,73.0,Unknown
Alone,Alone,Marshmello,776,55.0,80971.0,18764148.0,65.0,Unknown
Moto,Moto - Single,Diler Kharkiya,778,54.9,424.0,60155.0,,Unknown
Pareja Del Aï¿½,Pareja Del Aï¿½,Sebastian Yatra,779,54.9,104636.0,31495621.0,70.0,Unknown
PAINTING PICTURES,5LBS OF PRESSURE,Superstar Pride,777,54.9,76047.0,4765141.0,8.0,Unknown
GOOBA,GOOBA,6ix9ine,780,54.8,97766.0,8876147.0,2.0,Unknown
vampire,vampire,Olivia Rodrigo,781,54.8,5268.0,1949130.0,1.0,"alternative pop, pop"
THE DINER,HIT ME HARD AND SOFT,Billie Eilish,790,54.7,3693.0,9878576.0,84.0,Unknown
6 In the Morning (feat. Nate Dogg),6 In the Morning (feat. Nate Dogg) - Single,Flex (UK),785,54.7,1248.0,19427406.0,64.0,Unknown
Light Switch,Light Switch (Instrumental),Charlie Puth,782,54.7,84288.0,17284885.0,67.0,Unknown
"Pushpa Pushpa (From ""Pushpa 2 The Rule"") [HINDI]","Pushpa Pushpa (From ""Pushpa 2 The Rule"") [HINDI]",Mika Singh,783,54.7,79.0,3399376.0,,Unknown
On Me,On Me,Lil Baby,788,54.7,105732.0,15129396.0,67.0,Unknown
when the party's over,when the party's over,Billie Eilish,787,54.7,186633.0,79124996.0,79.0,Unknown
Love The Way You Lie,538 Hitzone 55,Eminem,784,54.7,236943.0,76167038.0,79.0,Unknown
Party,Un Verano Sin Ti,Bad Bunny,789,54.7,83311.0,29009374.0,72.0,Unknown
Make You Mine,Make You Mine,Madison Beer,786,54.7,13354.0,49984859.0,,Unknown
Freaks,Freaks,Surf Curse,791,54.6,200016.0,33498182.0,77.0,Unknown
In Da Getto,In Da Getto,J Balvin,792,54.6,133279.0,27602101.0,61.0,Unknown
Chale,Chale - Single,Eden Muï¿½ï,794,54.5,33044.0,18247093.0,67.0,Unknown
Try That In A Small Town,Try That In A Small Town,Jason Aldean,793,54.5,20547.0,1758957.0,37.0,Unknown
Tarot,Un Verano Sin Ti,Bad Bunny,796,54.3,93128.0,28604664.0,73.0,Unknown
Mas Existe um Lugar,Mas Existe um Lugar - Single,Kaio Viana,795,54.3,5624.0,1097527.0,48.0,Unknown
TEXAS HOLD 'EM,TEXAS HOLD 'EM,Beyoncï¿,798,54.3,2563.0,11967164.0,,"art pop, pop"
Petit gï¿½ï¿,Petit gï¿½ï¿,Jungeli,797,54.3,29011.0,10943796.0,74.0,Unknown
Bura Na Mano Holi Hai,Bura Na Mano Holi Hai,Shaan,801,54.2,6.0,44905.0,14.0,Unknown
ýýý,Show - Single,Ado,800,54.2,15725.0,4390255.0,67.0,Unknown
Breaking the Habit,Papercuts,Linkin Park,802,54.2,2.0,454.0,,Unknown
Work,ANTI (Deluxe),Rihanna,799,54.2,144823.0,46076265.0,73.0,Unknown
Normal,Normal,Feid,804,54.1,76821.0,31039211.0,76.0,Unknown
LALALALA,ROCK-STAR,Stray Kids,803,54.1,10814.0,10289612.0,,Unknown
Sum 2 Prove,Sum 2 Prove,Lil Baby,807,54.0,141088.0,17349295.0,66.0,Unknown
Lottery (Renegade),Lottery,K CAMP,808,54.0,28272.0,6607554.0,46.0,Unknown
Meant to Be (feat. Florida Georgia Line),All Your Fault: Pt. 2,Bebe Rexha,805,54.0,119969.0,51471665.0,66.0,Unknown
Good Days,Good Days,SZA,806,54.0,164541.0,62561721.0,77.0,Unknown
Leave Before You Love Me (with Jonas Brothers),Summer 2021,Marshmello,810,53.9,94185.0,54080564.0,74.0,Unknown
Youngblood,Youngblood,5 Seconds of Summer,811,53.9,180069.0,75602805.0,76.0,Unknown
Sweater Weather,I'm Sorry...,The Neighbourhood,809,53.9,415650.0,149359220.0,85.0,Unknown
Merayu Tuhan,Merayu Tuhan,Tri Suaka,813,53.8,506.0,74157.0,43.0,Unknown
If We Being Rï¿½ï,2093,Yeat,812,53.8,10195.0,13681051.0,80.0,Unknown
Can We Kiss Forever?,Can We Kiss Forever?,Kina,815,53.7,89559.0,32092279.0,66.0,Unknown
Felices los 4,Felices los 4,Maluma,814,53.7,73487.0,24333265.0,68.0,Unknown
Mariposita,Mariposita,La Vaca Lola,820,53.6,,,,Unknown
Relaciï¿½,Relaciï¿½,Sech,821,53.6,62750.0,12074538.0,60.0,Unknown
ELOVRGA,Elovrga - Single,Alex Favela,819,53.6,24862.0,20963358.0,75.0,Unknown
Party Girl,Party Girl,StaySolidRocky,816,53.6,115574.0,16306099.0,67.0,Unknown
I Feel It Coming,I Feel It Coming,The Weeknd,817,53.6,193568.0,52373071.0,72.0,Unknown
Get In With Me,Get In With Me - Single,Bossman Dlow,818,53.6,7442.0,18628678.0,,Unknown
Agua (with J Balvin),"Agua (with J Balvin) [Music From ""Sponge On The Run"" Movie]",Tainy,822,53.5,68311.0,11888692.0,58.0,Unknown
Human,Human,Rag'n'Bone Man,824,53.4,170367.0,49113191.0,74.0,Unknown
We Still Don't Trust You,WE STILL DON'T TRUST YOU,Future,823,53.4,9077.0,15569468.0,,Unknown
snowfall,Snowfall - Single,ýýneheart,828,53.3,72344.0,19014919.0,79.0,Unknown
First Love,First Love - Single,Oscar Maydon,825,53.3,11519.0,61076412.0,78.0,Unknown
La_Original.mp3,La_Original.mp3,Emilia,829,53.3,17845.0,26300966.0,73.0,Unknown
OA,OA,Anuel AA,827,53.3,29895.0,35946086.0,80.0,Unknown
Pagodï¿½ï¿½o do Birimbola (Tchubirabi,Pagodï¿½ï¿½o do Birimbola (Tchubirabi,Os Quebradeiras,830,53.3,13089.0,4241209.0,52.0,Unknown
Ice Cream (with Selena Gomez),Ice Cream (with Selena Gomez),BLACKPINK,826,53.3,47463.0,17801611.0,58.0,Unknown
Deja Vu,minisode 3: TOMORROW,TOMORROW X TOGETHER,832,53.2,2524.0,11857367.0,84.0,Unknown
one of wun,One of Wun,Gunna,831,53.2,7073.0,108431155.0,82.0,Unknown
Thank You (Not So Bad),Thank You (Not So Bad),Dimitri Vegas & Like Mike,838,53.1,32776.0,133835796.0,82.0,Unknown
Watch This - ARIZONATEARS Pluggnb Remix,Watch This (Lil Uzi Vert) [ARIZONATEARS Pluggnb Remix],Lil Uzi Vert,837,53.1,100095.0,41254482.0,71.0,Unknown
MIDDLE CHILD,MIDDLE CHILD,J. Cole,836,53.1,221749.0,47461150.0,74.0,Unknown
TO THE MOON,TO THE MOON,JNR CHOI,834,53.1,96137.0,14188085.0,60.0,Unknown
Fancy Like,Country Stuff,Walker Hayes,835,53.1,56746.0,6878594.0,66.0,Unknown
The Color Violet,Alone At Prom,Tory Lanez,833,53.1,152298.0,19863721.0,79.0,Unknown
S91,S91,KAROL G,840,53.0,22270.0,15087485.0,64.0,Unknown
LALISA,LALISA,LISA,839,53.0,33286.0,15876032.0,73.0,Unknown
Levitating,Future Nostalgia,Dua Lipa,841,52.9,145601.0,34376048.0,73.0,Unknown
RUBICON,Gï¿½ï¿½N,Peso Pluma,844,52.9,23436.0,13507680.0,73.0,Unknown
Gimme Love,Gimme Love,Sia,843,52.9,11648.0,11690122.0,6.0,Unknown
Diz Aï¿½ï¿½ Qual ï¿½ï¿½ ,Diz Aï¿½ï¿½ Qual ï¿½ï¿½ ,Mc IG,842,52.9,5329.0,22615957.0,67.0,Unknown
"Akhiyaan Gulaab (From ""Teri Baaton Mein Aisa Uljha Jiya"")","Akhiyaan Gulaab (From ""Teri Baaton Mein Aisa Uljha Jiya"")",Mitraz,848,52.8,3618.0,12001774.0,75.0,Unknown
Arjan Vailly,"Arjan Vailly (From ""ANIMAL"")",Manan Bhardwaj,849,52.8,8330.0,3632731.0,,Unknown
Demons,Continued Silence - EP,Imagine Dragons,847,52.8,263640.0,71470111.0,80.0,Unknown
Supalonely,STELLA & STEVE,BENEE,845,52.8,111662.0,26764629.0,62.0,Unknown
Lean On (feat. Mï¿½ï¿½ & DJ Sn,Full Circle: The Live Anthology,Major Lazer,846,52.8,242511.0,79506771.0,76.0,Unknown
Spin Bout U,Her Loss,Drake,856,52.6,88034.0,16963292.0,71.0,Unknown
From The Start,From The Start - Single,Laufey,855,52.6,53922.0,25450036.0,73.0,Unknown
ZOOM,ZOOM,Jessi,850,52.6,22288.0,7774873.0,61.0,Unknown
Can't Feel My Face,Your Songs 2015,The Weeknd,851,52.6,212829.0,101243254.0,76.0,Unknown
Quï¿½ï¿½ Onda Per,Quï¿½ï¿½ Onda Per,Grupo Firme,852,52.6,17694.0,13723182.0,70.0,Unknown
Sexy And I Know It,Sorry For Party Rocking (Japan Version),LMFAO,853,52.6,107912.0,33797077.0,62.0,Unknown
WHATS POPPIN,WHATS POPPIN,Jack Harlow,854,52.6,161131.0,28874159.0,70.0,Unknown
POR EL CONTRARIO,ESQUINAS,Becky G,857,52.5,5913.0,9167049.0,75.0,Unknown
Danza Kuduro - Cover,DON'T STOP WORKOUT -DJMIX-,DJ MIX NON-STOP CHANNEL,859,52.4,15.0,52.0,,Unknown
Rara Vez,Rara Vez,Taiu,860,52.4,58646.0,20499657.0,77.0,Unknown
That That (prod. & feat. SUGA of BTS),PSY 9th,PSY,858,52.4,26075.0,16176936.0,66.0,Unknown
Espresso,Espresso,Sabrina Carpenter,861,52.4,637.0,1907453.0,,"electropop, pop"
Whoï¿½ï¿½ï¿½s Afraid of Little O,THE TORTURED POETS DEPARTMENT,Taylor Swift,862,52.3,5004.0,25607992.0,78.0,Unknown
THE LONELIEST,THE LONELIEST,Mï¿½ï¿½ne,865,52.2,54823.0,16021571.0,67.0,Unknown
Yeah Glo!,Yeah Glo! (Alternate Versions),GloRilla,864,52.2,8049.0,60410593.0,75.0,Unknown
Nunca Es Suficiente,Nunca Es Suficiente,Los ï¿½ï¿½ngeles Az,863,52.2,53736.0,20478756.0,67.0,Unknown
MANIKIN (feat. Wifisfuneral),ItWasntEnough - EP,XXXTENTACION,868,52.1,4668.0,412676.0,,Unknown
Copines,Copines,Aya Nakamura,867,52.1,70125.0,7759068.0,67.0,Unknown
Thank God,Different Man,Kane Brown,866,52.1,20612.0,11359519.0,67.0,Unknown
TQM,TQM - Single,Fuerza Regida,869,51.8,40368.0,24948673.0,70.0,Unknown
Lily,Different World,Alan Walker,870,51.8,45516.0,8731552.0,66.0,Unknown
Massive,"Honestly, Nevermind",Drake,873,51.7,111173.0,20965015.0,65.0,Unknown
a lot,i am > i was,21 Savage,872,51.7,219301.0,32815164.0,73.0,Unknown
Adicto (with Anuel AA & Ozuna),Adicto (with Anuel AA & Ozuna),Tainy,871,51.7,84611.0,28656289.0,69.0,Unknown
Tek Baï¿½ï¿½,Tek Baï¿½ï¿½ï¿½ï¿½ma ,Semicenk,875,51.6,1250.0,4918007.0,72.0,Unknown
BAND4BAND,BAND4BAND (Official Video),Central Cee,874,51.6,1.0,24.0,,Unknown
Look What You Made Me Do,Look What You Made Me Do,Taylor Swift,876,51.6,93178.0,62880711.0,75.0,Unknown
WOKE UP,WOKE UP,XG,877,51.5,1247.0,25606219.0,74.0,Unknown
Toki,Toki,Casper Magico,878,51.5,2062.0,5740990.0,72.0,Unknown
Young Dumb & Broke,The RCA-List (Vol. 5),Khalid,881,51.4,187813.0,83108168.0,76.0,Unknown
El Beneficio De La Duda,El Beneficio De La Duda,Grupo Firme,880,51.4,446.0,37375496.0,73.0,Unknown
ALV,"Sentimiento, Elegancia y Mï¿½ï¿½s Ma",Arcï¿½ï¿½,882,51.4,10053.0,10075643.0,72.0,Unknown
In A Minute,In A Minute,Lil Baby,879,51.4,81407.0,13177118.0,57.0,Unknown
Save Your Tears (with Ariana Grande) (Remix),After Hours (Deluxe),The Weeknd,884,51.4,178149.0,71174158.0,73.0,Unknown
No Se Vale,un,Camilo,883,51.4,1341.0,7152408.0,,Unknown
Jerusalema (feat. Nomcebo Zikode),Jerusalem,Master KG,885,51.3,110858.0,13496585.0,66.0,Unknown
DENTRO DA HILUX,DENTRO DA HILUX - Single,Luan Pereira,888,51.2,14552.0,18055636.0,24.0,Unknown
Funk do Patinho,Funk do Patinho,Bento e Totï¿,887,51.2,1827.0,221916.0,55.0,Unknown
El Amor de Mi Vida,El Amor de Mi Vida,Los ï¿½ï¿½ngeles Az,886,51.2,12585.0,10844674.0,64.0,Unknown
Blueberry Faygo,Certified Hitmaker,Lil Mosey,889,51.2,197036.0,39104125.0,67.0,Unknown
Jiggle Jiggle,Jiggle Jiggle,Duke & Jones,891,51.2,37436.0,6111674.0,56.0,Unknown
En la Intimidad,En la Intimidad,Big One,890,51.2,24033.0,7343818.0,65.0,Unknown
Counting Stars,Native (Standard),OneRepublic,892,51.1,343135.0,114346295.0,81.0,Unknown
Essence (feat. Tems),Essence (feat. Tems),Wizkid,893,51.0,85783.0,13563028.0,66.0,Unknown
Get Into It (Yuh),Planet Her,Doja Cat,895,51.0,97704.0,24305145.0,68.0,Unknown
RAVE,RAVE,Dxrk ï¿½ï¿½ï¿½,894,51.0,104372.0,42500205.0,71.0,Unknown
No Me Conoce,No Me Conoce,Jhay Cortez,896,51.0,9710.0,1428548.0,47.0,Unknown
offline,att.,Young Miko,900,50.9,8869.0,89312461.0,82.0,Unknown
TOPIA TWINS,UTOPIA,Travis Scott,898,50.9,70723.0,12274321.0,74.0,Unknown
Janze,Janze,Xamdam Sobirov,899,50.9,77.0,5871.0,30.0,Unknown
"O Saki Saki (From ""Batla House"")","O Saki Saki (From ""Batla House"")",Neha Kakkar,897,50.9,15143.0,5892217.0,57.0,Unknown
Always Remember Us This Way,A Star Is Born Soundtrack,Lady Gaga,901,50.9,137601.0,32384233.0,76.0,Unknown
Monotonï¿½,Monotonï¿½,Shakira,903,50.8,50326.0,35586221.0,67.0,Unknown
Aku Sayang Tapi Kau Tak Paham,Aku Sayang Tapi Kau Tak Paham,DJ Boneng,902,50.8,22.0,36989.0,1.0,Unknown
Thought You Should Know,Thought You Should Know,Morgan Wallen,906,50.7,40523.0,6267614.0,73.0,Unknown
CAIRO,CAIRO,KAROL G,904,50.7,35995.0,21160001.0,72.0,Unknown
Cupido,Cupido,TINI,905,50.7,35751.0,23674275.0,70.0,Unknown
Raja Ji Ke Dilwa,Raja Ji Ke Dilwa,Pawan Singh,909,50.6,1.0,3.0,,Unknown
Out thï¿½ï¿½,Lyfï¿,Yeat,907,50.6,85480.0,16509403.0,73.0,Unknown
Winning Speech,Winning Speech,Karan Aujla,910,50.6,938.0,5754144.0,73.0,Unknown
Home,Home - Single,Good Neighbours,911,50.6,19044.0,62137392.0,,Unknown
Sobrio,Sobrio,Maluma,908,50.6,66655.0,24281295.0,64.0,Unknown
"Am I Dreaming (Metro Boomin & A$AP Rocky, Roisee)",METRO BOOMIN PRESENTS SPIDER-MAN: ACROSS THE SPIDER-VERSE (SOUNDTRACK FROM AND INSPIRED BY THE MOTION PICTURE),Metro Boomin,913,50.5,67166.0,13150883.0,72.0,Unknown
Praise The Lord (Da Shine) (feat. Skepta),TESTING,A$AP Rocky,916,50.5,295646.0,48300175.0,78.0,Unknown
Se Acabï¿½ï¿½ la Cuaren,Viva el Perreo,Jowell & Randy,915,50.5,23284.0,4240574.0,51.0,Unknown
Look Back At It,Look Back At It,A Boogie Wit da Hoodie,912,50.5,136145.0,21910460.0,73.0,Unknown
End of Beginning,DECIDE,Djo,918,50.5,64517.0,191969474.0,90.0,Unknown
K-POP,K-POP (Chopped & Screwed),Travis Scott,917,50.5,62715.0,24530922.0,68.0,Unknown
favorite,favorite - EP,Isabel LaRosa,919,50.5,7364.0,40769771.0,82.0,Unknown
You & Me,JENNIE Special Single [You & Me],JENNIE,914,50.5,12210.0,12194109.0,,Unknown
Tattoo,Tattoo,Rauw Alejandro,922,50.4,53836.0,9757013.0,58.0,Unknown
Waka Waka (This Time for Africa) [The Official 2010 FIFA World Cup (TM) Song] (feat. Freshlyground),So Fresh The Hits of Summer 2011 + The Best Of 2010,Shakira,921,50.4,159324.0,36048887.0,61.0,Unknown
LA RANGER (feat. Myke Towers),The Academy: Segunda Misiï¿½,The Academy: Segunda Misiï¿½,920,50.4,8939.0,75931694.0,76.0,Unknown
no tears left to cry,No Tears Left To Cry,Ariana Grande,923,50.2,100503.0,36840744.0,71.0,Unknown
I Fck Up,I Fck Up - Single,Prince Ayaya,924,50.1,44.0,223.0,,Unknown
Upside Down,Upside Down,JVKE,925,50.1,28044.0,6194695.0,54.0,Unknown
Crawling,Papercuts,Linkin Park,927,50.1,174.0,525584.0,,Unknown
Nosso Quadro,AgroPlay Verï¿½ï¿½o V,AgroPlay,926,50.1,23872.0,16779061.0,63.0,Unknown
APAGA EL CEL,APAGA EL CEL - Single,FloyyMenor,929,50.0,2343.0,69471936.0,78.0,Unknown
Genda Phool (feat. Payal Dev),Genda Phool (feat. Payal Dev),Badshah,930,50.0,7591.0,3058131.0,55.0,Unknown
Pure Cocaine,Street Gossip,Lil Baby,928,50.0,170734.0,17463888.0,74.0,Unknown
Espresso,Espresso,Sabrina Carpenter,933,49.9,1.0,2.0,,"electropop, pop"
Pretty Little Poison,Pretty Little Poison - Single,Warren Zeiders,932,49.9,23828.0,9380794.0,72.0,Unknown
Corazï¿½ï¿½n Roto - R,Corazï¿½ï¿½n Roto (Re,Brray,931,49.9,36459.0,13719365.0,67.0,Unknown
Summer,Todo Exitos 2014 (Los Nï¿½ï¿½mero 1 Del A,Calvin Harris,935,49.8,255037.0,105180321.0,81.0,Unknown
Murder On My Mind,Murder On My Mind,YNW Melly,934,49.8,208777.0,21077896.0,72.0,Unknown
You Are The Reason,You Are The Reason,Calum Scott,937,49.8,119883.0,31204776.0,73.0,Unknown
Bad Liar,Bad Liar,Imagine Dragons,938,49.8,134812.0,31112950.0,74.0,Unknown
Wild Ones (feat. Jelly Roll),Wild Ones (feat. Jelly Roll),Jessie Murph,936,49.8,21942.0,13799115.0,,Unknown
ROXANNE,ROXANNE,Arizona Zervas,939,49.7,170595.0,31145335.0,68.0,Unknown
Softly,Making Memories,Karan Aujla,941,49.6,12340.0,8409772.0,71.0,Unknown
Tacones Rojos,Tacones Rojos,Sebastian Yatra,940,49.6,80542.0,23090494.0,68.0,Unknown
Ride the Vibe,Ride the Vibe,NEXZ,942,49.6,147.0,2784044.0,46.0,Unknown
family ties,family ties - Single,Baby Keem,945,49.5,204148.0,57623622.0,77.0,Unknown
"Perdonarte, ï¿½ï¿½Para Q","Perdonarte, ï¿½ï¿½Para Q",Los ï¿½ï¿½ngeles Az,943,49.5,1329.0,42180412.0,75.0,Unknown
Whatever It Takes,Whatever It Takes,Imagine Dragons,944,49.5,156442.0,33271283.0,76.0,Unknown
POP!,IM NAYEON,NAYEON,946,49.4,25748.0,12535016.0,69.0,Unknown
Into the Unknown,New Horizons,ALPHA 9,948,49.4,67.0,5674.0,9.0,Unknown
Lonely At The Top,Work Of Art,Asake,947,49.4,13107.0,7678884.0,69.0,Unknown
ecstacy (slowed),ecstacy (slowed),SUICIDAL-IDOL,949,49.3,43999.0,9893510.0,74.0,Unknown
Si Se Da,Si Se Da,Myke Towers,952,49.3,47247.0,7578697.0,54.0,Unknown
Holy (feat. Chance The Rapper),Holy,Justin Bieber,950,49.3,110389.0,44478175.0,63.0,Unknown
No Role Modelz,2014 Forest Hills Drive,J. Cole,955,49.3,403355.0,73668045.0,81.0,Unknown
Symphony (feat. Zara Larsson),Symphony (feat. Zara Larsson),Clean Bandit,954,49.3,141677.0,49274720.0,71.0,Unknown
Rain On Me (with Ariana Grande),Rain On Me (with Ariana Grande),Lady Gaga,951,49.3,104647.0,55948663.0,68.0,Unknown
"Baddadan (feat. IRAH, Flowdan, Trigga & Takura)","Baddadan (feat. IRAH, Flowdan, Trigga & Takura)",Chase & Status,953,49.3,57036.0,35240391.0,71.0,Unknown
10:35,10:35,Tiï¿½ï¿,958,49.2,82093.0,99413749.0,74.0,Unknown
One Right Now (with The Weeknd),One Right Now,Post Malone,963,49.2,99512.0,27179361.0,65.0,Unknown
A Thousand Years,A Thousand Years,Christina Perri,964,49.2,177834.0,80060384.0,77.0,Unknown
Secreto,Secreto,Anuel AA,957,49.2,68502.0,18835572.0,65.0,Unknown
Toda Remix - Remix,Toda (Remix),Alex Rose,959,49.2,68578.0,13363939.0,66.0,Unknown
I Hate U,I Hate U - Single,SZA,956,49.2,71261.0,34724014.0,66.0,Unknown
Better Now,beerbongs & bentleys,Post Malone,962,49.2,239092.0,47844195.0,74.0,Unknown
Call Me Maybe,Kiss,Carly Rae Jepsen,960,49.2,211162.0,114187117.0,77.0,Unknown
Pobre Corazï¿½,Pobre Corazï¿½ï¿½n (En Vivo) [feat. Onda Sabanera] - Si,Ke Personajes,965,49.2,18938.0,5235073.0,65.0,Unknown
Piece Of Your Heart,Piece Of Your Heart,MEDUZA,966,49.2,188608.0,44047615.0,65.0,Unknown
"Tere Vaaste (From ""Zara Hatke Zara Bachke"")","Tere Vaaste (From ""Zara Hatke Zara Bachke"")",Varun Jain,961,49.2,14067.0,8370027.0,63.0,Unknown
Mi Kryptonita,Talento De Vida,Doble ONE Flow Letal,967,49.1,9363.0,5604254.0,,Unknown
Ram Pam Pam,Ram Pam Pam,NATTI NATASHA,968,49.1,38896.0,13810240.0,55.0,Unknown
"Milo J: Bzrp Music Sessions, Vol. 57",en dormir sin Madrid,Bizarrap,970,49.0,25092.0,10823656.0,,Unknown
Stuck In The Middle,BABYMONSTER Pre-Release Single [Stuck In The Middle],BABYMONSTER,972,49.0,1285.0,2035557.0,,Unknown
No Se Va,No Se Va (En Vivo) - EP,Grupo Frontera,973,49.0,48881.0,17367502.0,70.0,Unknown
Aesthetic,Aesthetic,Xilo,969,49.0,9048.0,2060708.0,38.0,Unknown
get him back!,GUTS,Olivia Rodrigo,971,49.0,25460.0,15517447.0,,Unknown
LA PEOPLE II,LA PEOPLE II,Peso Pluma,978,48.9,5069.0,34480158.0,79.0,Unknown
"Valerie - Live At BBC Radio 1 Live Lounge, London / 2007",Back To Black: Songs From The Original Motion Picture,Amy Winehouse,974,48.9,17.0,25810.0,,Unknown
The Tortured Poets Department,THE TORTURED POETS DEPARTMENT,Taylor Swift,975,48.9,3273.0,15710281.0,,Unknown
Your Love (9PM),Your Love (9PM),ATB,976,48.9,146298.0,62920572.0,71.0,Unknown
One Side,One Side,Iyanya,977,48.9,10859.0,859682.0,53.0,Unknown
HEAT STICK,HEAT STICK,Shoreline Mafia,979,48.8,3675.0,33607850.0,74.0,Unknown
Photograph,x (Wembley Edition),Ed Sheeran,980,48.8,208671.0,121163411.0,77.0,Unknown
Virginia Beach,For All The Dogs,Drake,981,48.8,38562.0,6636362.0,,Unknown
Great Gatsby,Nostalgia,Rod Wave,982,48.7,11024.0,4487030.0,,Unknown
"1, 2, 3 (feat. Jason Derulo & De La Ghetto)","1, 2, 3 (feat. Jason Derulo & De La Ghetto)",Sofï¿½ï¿½a R,983,48.7,78737.0,29292148.0,61.0,Unknown
Ateï¿½ï¿½e Dï¿½ï,Ateï¿½ï¿½e Dï¿½ï,Mert Demir,984,48.7,14727.0,3591657.0,,Unknown
Until I Found You (with Em Beihold) - Em Beihold Version,Until I Found You (Em Beihold Version),Stephen Sanchez,986,48.6,108274.0,75934462.0,79.0,Unknown
Wants and Needs (feat. Lil Baby),Scary Hours 2,Drake,985,48.6,225513.0,37094631.0,71.0,Unknown
Jiwa Yang Bersedih,Jiwa Yang Bersedih - Single,Ghea Indrawari,987,48.4,11931.0,7972917.0,69.0,Unknown
Coco Chanel,3MEN2 KBRN,Eladio Carrion,988,48.4,67717.0,32043186.0,72.0,Unknown
Calm Down Baby,Calm Down Baby - Single,DJ Laxman,989,48.4,1.0,1.0,,Unknown
At My Worst,The Prelude,Pink Sweat$,991,48.3,83819.0,24550707.0,64.0,Unknown
TOO MUCH,TOO MUCH,The Kid LAROI,990,48.3,20037.0,20683852.0,,Unknown
Go Down Deh (feat. Shaggy and Sean Paul),Go Down Deh (feat. Shaggy and Sean Paul),Spice,993,48.2,56998.0,7122424.0,61.0,Unknown
Cake By The Ocean - Cover,NEW TIK&TOK - BUZZ BEST -,MUSIC LAB JPN,"1,103",48.2,,,,Unknown
Miles On It,Miles on It,Marshmello,992,48.2,3794.0,124369916.0,79.0,Unknown
El Caballito,El Caballito - Single,FARIANA,994,48.2,74.0,5010610.0,42.0,Unknown
PICK UP THE PHONE (feat. Nate Dogg),PICK UP THE PHONE (feat. Nate Dogg),PAWSA,995,48.1,1425.0,11819359.0,22.0,Unknown
Tomorrow 2 (with Cardi B),Tomorrow 2 (with Cardi B),GloRilla,996,48.1,27840.0,14490602.0,64.0,Unknown
Se Preparï¿,Se Preparï¿,Ozuna,997,48.1,81897.0,37257314.0,73.0,Unknown
Lost on You,Lost On You,LP,998,48.1,127522.0,22902207.0,70.0,Unknown
Leï¿½,Leï¿½ï¿½o - Si,Marï¿½ï¿½lia Mendo,999,48.0,20588.0,32327663.0,66.0,Unknown
"What Jhumka ? (From ""Rocky Aur Rani Kii Prem Kahaani"")","What Jhumka ? (From ""Rocky Aur Rani Kii Prem Kahaani"")",Pritam,"1,005",47.9,7624.0,11285253.0,64.0,Unknown
Lean Wit Me,Lean Wit Me,Juice WRLD,"1,001",47.9,137341.0,29154307.0,72.0,Unknown
HOTEL LOBBY (Unc & Phew),HOTEL LOBBY (Unc and Phew),Quavo,"1,002",47.9,131547.0,25873871.0,69.0,Unknown
"Choli Ke Peeche (From ""Crew"")","Choli Ke Peeche (From ""Crew"") - Single",Diljit Dosanjh,"1,006",47.9,552.0,6584623.0,,Unknown
April Rain in August Weather,April Rain in August Weather - Single,Baba Blakes,"1,004",47.9,38.0,1747.0,12.0,Unknown
LEATHER,LEATHER,MAKAELA,"1,000",47.9,,,,Unknown
Panini,Panini,Lil Nas X,"1,003",47.9,96241.0,16599790.0,62.0,Unknown
She Had Me At Heads Carolina,Stereotype,Cole Swindell,"1,007",47.9,33533.0,14159174.0,69.0,Unknown
"So Long, London",THE TORTURED POETS DEPARTMENT,Taylor Swift,"1,008",47.8,4454.0,20883678.0,84.0,Unknown
good 4 u,good 4 u,Olivia Rodrigo,"1,009",47.8,12805.0,3065794.0,54.0,"alternative pop, pop punk, pop"
bad idea right?,bad idea right?,Olivia Rodrigo,"1,012",47.7,37313.0,23894665.0,12.0,Unknown
"Ay, DiOs Mï¿½ï","Ay, DiOs Mï¿½ï",KAROL G,"1,016",47.7,57051.0,16707832.0,61.0,Unknown
happier,SOUR,Olivia Rodrigo,"1,015",47.7,116055.0,29173011.0,79.0,Unknown
Lalala,Lalala,Y2K,"1,010",47.7,142494.0,16656325.0,66.0,Unknown
ONE MORE TIME,ONE MORE TIME / MORE THAN YOU KNOW,blink-182,"1,011",47.7,16027.0,7986146.0,,Unknown
ýýýýýýýýýýýýýýýýýýýýý,ýýýýýýýýýýýýýýýýýýýýý,HoneyWorks,"1,014",47.7,5912.0,438018.0,51.0,Unknown
Tubarï¿½ï¿½o Te,Tubarï¿½ï¿½o Te,Dj LK da Escï¿½ï¿,"1,013",47.7,30142.0,13282269.0,59.0,Unknown
Chichiquetere,Chichiquetere,HCTM,"1,017",47.6,581.0,37113.0,28.0,Unknown
After Hours,After Hours,Kehlani,"1,019",47.6,3962.0,55053444.0,14.0,Unknown
Monkeys Spinning Monkeys,SteamFun - Single,Kevin MacLeod,"1,018",47.6,7679.0,1490705.0,36.0,Unknown
II MOST WANTED,COWBOY CARTER,Beyoncï¿,"1,022",47.5,5252.0,32501444.0,,Unknown
One Kiss (with Dua Lipa),Dua Lipa (Complete Edition),Calvin Harris,"1,024",47.5,291456.0,162511602.0,79.0,Unknown
Mmhmm,Mmhmm,BigXthaPlug,"1,020",47.5,28131.0,46683719.0,82.0,Unknown
BOP,KIRK,DaBaby,"1,021",47.5,158363.0,34079735.0,68.0,Unknown
Husn,Husn,Anuv Jain,"1,023",47.5,12424.0,10746664.0,74.0,Unknown
Titanium (feat. Sia),Nothing But The Beat,Sia,"1,031",47.4,244291.0,103798139.0,74.0,Unknown
Kahani Suno 2.0,Kahani Suno 2.0,Kaifi Khalil,"1,027",47.4,21479.0,6678540.0,68.0,Unknown
No_se_ve.mp3,No_se_ve.mp3 - Single,Emilia,"1,025",47.4,30667.0,18842918.0,64.0,Unknown
Lean On (feat. Mï¿½ï¿½ & DJ Snake) - J Balvin & Farruko R,Lean On (feat. Mï¿½ï¿½ & DJ Snake) [J Balvin & Farruko Re,Major Lazer,"1,030",47.4,2081.0,465455.0,,Unknown
Arcade,Arcade,Duncan Laurence,"1,029",47.4,199838.0,52970224.0,69.0,Unknown
Ya Te Olvide,Ya Te Olvide,Natanael Cano,"1,032",47.4,1763.0,29137587.0,79.0,Unknown
How Deep Is Your Love,How Deep Is Your Love,Calvin Harris,"1,026",47.4,168603.0,66723908.0,78.0,Unknown
BUTTERFLY EFFECT,EPIC AF,Travis Scott,"1,028",47.4,219410.0,37089107.0,79.0,Unknown
Let You Down,Let You Down,NF,"1,034",47.2,187536.0,40032849.0,73.0,Unknown
FE!N (feat. Playboi Carti),FE!N (feat. Playboi Carti),Travis Scott,"1,033",47.2,3.0,82.0,,Unknown
Bad Memories (feat. Elley Duhï¿½ï¿½ & FAST ,Bad Memories (feat. Elley Duhï¿½ï¿½ & FAST ,MEDUZA,"1,035",47.2,87026.0,76037102.0,69.0,Unknown
Yo Perreo Sola,YHLQMDLG,Bad Bunny,"1,036",47.1,95154.0,29388631.0,67.0,Unknown
ETA,NewJeans 2nd EP 'Get Up',NewJeans,"1,038",47.1,20419.0,7910753.0,74.0,Unknown
Jordan,Jordan,Ryan Castro,"1,037",47.1,57454.0,22561916.0,73.0,Unknown
Take You Dancing,Take You Dancing,Jason Derulo,"1,039",47.1,98905.0,32882211.0,65.0,Unknown
BUBALU,BUBALU,Feid,"1,043",47.0,26763.0,34486818.0,,Unknown
Be Alright,Be Alright,Dean Lewis,"1,042",47.0,182732.0,81424354.0,72.0,Unknown
Jalebi Baby,Jalebi Baby,Tesher,"1,041",47.0,47324.0,4827888.0,58.0,Unknown
Endless Summer,Endless Summer,Alan Walker,"1,040",47.0,7147.0,9900066.0,55.0,Unknown
Belly Dancer,Belly Dancer,Imanbek,"1,047",46.9,110008.0,103107258.0,75.0,Unknown
Who Told You (feat. Drake),Who Told You (feat. Drake) - Single,J Hus,"1,046",46.9,72496.0,16207605.0,62.0,Unknown
NIGHT DANCER,NIGHT DANCER - Single,imase,"1,045",46.9,46984.0,6134615.0,67.0,Unknown
Yoksun,Yoksun - Single,Ebru Yaï¿½ï,"1,048",46.9,1658.0,1193973.0,,Unknown
DON'T YOU WORRY,Don't You Worry,Black Eyed Peas,"1,044",46.9,48916.0,26723190.0,62.0,Unknown
"Rowdy Baby (From ""Maari 2"")",U1 For Life,Dhanush,"1,057",46.8,12.0,2710.0,,Unknown
MIDDLE OF THE NIGHT,MIDDLE OF THE NIGHT,Elley Duhï¿,"1,054",46.8,173612.0,51608714.0,72.0,Unknown
Pickup Man (feat. Post Malone),HIXTAPE Vol. 3: DIFFTAPE (Small Batch),HARDY,"1,055",46.8,11898.0,5352704.0,,Unknown
Volando (Remix),Volando (Remix),Mora,"1,052",46.8,105247.0,22304375.0,68.0,Unknown
Moth To A Flame (with The Weeknd),The Highlights (Deluxe),Swedish House Mafia,"1,056",46.8,153435.0,41139591.0,74.0,Unknown
WORTH IT (feat. Don Toliver),WORTH IT (feat. Don Toliver),Offset,"1,050",46.8,24760.0,10056008.0,,Unknown
Canï¿½ï¿½ï¿½t Catch Me Now - from The Hunger Games: The Ballad of Songbirds & ,Canï¿½ï¿½ï¿½t Catch Me Now (from The Hunger Games: The Ballad of Songbirds & S,Olivia Rodrigo,"1,053",46.8,30605.0,33315037.0,,Unknown
Solteiro Forï¿½ï¿½ado - (Boiadeira Internacio,Solteiro Forï¿½ï¿½ado (Boiadeira Internacio,Ana Castela,"1,051",46.8,10723.0,12965116.0,65.0,Unknown
"Naina (From ""Crew"")","Naina (From ""Crew"") - Single",Diljit Dosanjh,"1,049",46.8,2351.0,12360484.0,76.0,Unknown
Bel Bont El3areedh,Haflet Al'ahramat 2022 - Egypt,Hussain Aljassmi,"1,059",46.7,5.0,411.0,6.0,Unknown
"Naa Ready (From ""Leo"")","Naa Ready (From ""Leo"")",Anirudh Ravichander,"1,058",46.7,6611.0,5093444.0,64.0,Unknown
Dï¿½ï¿½jala Que Vuelva (feat. Manuel Tur,Dï¿½ï¿½jala Que Vuelva (feat. Manuel Tur,Piso 21,"1,061",46.6,56085.0,22005461.0,68.0,Unknown
Feel the POP,You had me at HELLO,ZEROBASEONE,"1,060",46.6,533.0,10481435.0,58.0,Unknown
Diamonds,Unapologetic (Edited Version),Rihanna,"1,063",46.5,180128.0,62951327.0,70.0,Unknown
Fuera del mercado,@dannocean,Danny Ocean,"1,064",46.5,57772.0,25048190.0,71.0,Unknown
Poor People We,Poor People We,Harp and a monkey,"1,062",46.5,6.0,1694.0,,Unknown
El Cielo,El Cielo - Single,Sky Rompiendo,"1,068",46.4,53606.0,50446311.0,74.0,Unknown
ALL MY FELLAS,ALL MY FELLAS,Frizk,"1,070",46.4,19534.0,2505224.0,,Unknown
Bebefinn Song,Bebefinn Song - Single,Pinkfong,"1,069",46.4,8.0,611.0,,Unknown
BITTERSUITE,HIT ME HARD AND SOFT,Billie Eilish,"1,066",46.4,3394.0,9510078.0,87.0,Unknown
Me Fui de Vacaciones,Un Verano Sin Ti,Bad Bunny,"1,067",46.4,61014.0,15444758.0,68.0,Unknown
Talk (feat. Disclosure),Talk,Khalid,"1,065",46.4,121168.0,29487473.0,64.0,Unknown
Rompe La Dompe,Rompe La Dompe,Peso Pluma,"1,071",46.3,11966.0,20373836.0,,Unknown
greedy sped up,greedy,Tate McRae,"1,074",46.2,2778.0,2506076.0,,Unknown
Reloj,Reloj,Rauw Alejandro,"1,072",46.2,90725.0,22415388.0,65.0,Unknown
ýýýýýýýýýýýýýýýýýýýýýýýýýýý,ýýýýýýýýýýýýýýýýýýýýýýýýýýý - Single,ýýýýýýýýýýýý ýýýýýýýýýýýýýýýýýýýýýýýýýýý,"1,073",46.2,257.0,128196.0,,Unknown
Youï¿½ï¿½ï¿½re Mines Still (feat. ,Youï¿½ï¿½ï¿½re Mines Still (feat. ,Yung Bleu,"1,075",46.1,77694.0,13955396.0,63.0,Unknown
BADGYAL,SAKURA,SAIKO,"1,076",46.1,5849.0,51387051.0,80.0,Unknown
Sorry 4 The Wait,Sorry 4 The Wait,Lil Wayne,"1,079",46.0,8422.0,1181602.0,54.0,Unknown
DILUVIO,PLAYA SATURNO,Rauw Alejandro,"1,078",46.0,33458.0,54918981.0,79.0,Unknown
ZEZE (feat. Travis Scott & Offset),ZEZE (feat. Travis Scott & Offset),Kodak Black,"1,080",46.0,203323.0,32147932.0,71.0,Unknown
"Kesariya (From ""Brahmastra"")","Kesariya (From ""Brahmastra"") - Single",Pritam,"1,084",46.0,30584.0,13659510.0,67.0,Unknown
The Craving (single version),The Craving (single version) - Single,Twenty One Pilots,"1,083",46.0,1087.0,26826278.0,,Unknown
Bartolito,20 GRANDES ï¿½ï¿½X,Duo Tiempo de Sol,"1,082",46.0,6847.0,1133511.0,62.0,Unknown
Peaches,The Super Mario Bros. Movie (Original Motion Picture Soundtrack),Jack Black,"1,077",46.0,35929.0,3276465.0,64.0,Unknown
Counting stars,Until the morning 2,OneRepublic,"1,081",46.0,,,,Unknown
Take My Breath - Single Version,Take My Breath,The Weeknd,"1,085",45.9,89586.0,17062402.0,57.0,Unknown
Lavender Haze,Midnights,Taylor Swift,"1,090",45.9,42535.0,28394531.0,73.0,Unknown
KU LO SA - A COLORS SHOW,KU LO SA - A COLORS SHOW,Oxlade,"1,089",45.9,92569.0,17049738.0,68.0,Unknown
Toca o Trompete,Cadï¿½ï¿½ o After? P,Felipe Amorim,"1,087",45.9,15122.0,14569377.0,66.0,Unknown
Nobody Gets Me,SOS,SZA,"1,091",45.9,58561.0,39587642.0,82.0,Unknown
Sleep Well,Sleep Well - Single,CG5,"1,086",45.9,1602.0,962658.0,,Unknown
Hei Apa Apa / Tik Tak Tik Tik,Nuansa Angkot 2023 - Vol. 1,Donny Fernanda,"1,092",45.9,1.0,2.0,,Unknown
Glock In My Lap,SAVAGE MODE II,21 Savage,"1,088",45.9,164722.0,24902576.0,78.0,Unknown
overseas,overseas,Ken Carson,"1,095",45.8,7297.0,7809196.0,79.0,Unknown
CORAZï¿½ï¿½N VA,CORAZï¿½ï¿½N VA,Maria Becerra,"1,094",45.8,19913.0,23463750.0,71.0,Unknown
PUNTO G,Punto G,Quevedo,"1,096",45.8,73593.0,22371448.0,71.0,Unknown
"Muqabla (From ""Street Dancer 3D"")","Muqabla (From ""Street Dancer 3D"")",Yash Narvekar,"1,093",45.8,8999.0,4335630.0,58.0,Unknown
Ditto,Ditto,NewJeans,"1,098",45.7,47586.0,17245496.0,74.0,Unknown
"Katchi Sera - From ""Think Indie""","Katchi Sera (From ""Think Indie"")",Sai Abhyankkar,"1,099",45.7,2592.0,5382316.0,,Unknown
Danza Kuduro - Cover,BEST CLUB 2023 TREND MIX,MUSIC LAB JPN,"1,097",45.7,11.0,127.0,,"latin, reggaeton, pop, dance"
Danza Kuduro - Cover,BEST CLUB 2023 TREND MIX,MUSIC LAB JPN,"1,097",45.7,11.0,127.0,,"latin, reggaeton, pop"
Danza Kuduro - Cover,BEST CLUB 2023 TREND MIX,MUSIC LAB JPN,"1,097",45.7,11.0,127.0,,"pop, latin, reggaeton, dance"
Danza Kuduro - Cover,BEST CLUB 2023 TREND MIX,MUSIC LAB JPN,"1,097",45.7,11.0,127.0,,"latin, reggaeton, dancehall"
Danza Kuduro - Cover,BEST CLUB 2023 TREND MIX,MUSIC LAB JPN,"1,097",45.7,11.0,127.0,,"pop, latin, reggaeton, dance"
Bubble Gum,How Sweet,NewJeans,"1,101",45.6,1536.0,9077425.0,76.0,Unknown
Abejita Chiquitita,Las Canciones de Plim Plim Vol. 8,El Payaso Plim Plim,"1,102",45.6,275.0,33239.0,,Unknown
Love wins all,Love wins all,IU,"1,100",45.6,4743.0,2755053.0,,Unknown
PRINCESITA DE ...,ýýNFASIS,Jere Klein,"1,103",45.5,11766.0,9230911.0,70.0,Unknown
Lo Siento BB:/ (with Bad Bunny & Julieta Venegas),Lo Siento BB:/ (with Bad Bunny & Julieta Venegas),Tainy,"1,104",45.4,94302.0,33979642.0,67.0,Unknown
BABY HELLO,BABY HELLO - Single,Rauw Alejandro,"1,105",45.3,47936.0,46787442.0,68.0,Unknown
ONE CALL,ONE CALL,Rich Amiri,"1,106",45.2,33970.0,50694559.0,80.0,Unknown
Pehle Bhi Main,ANIMAL,Vishal Mishra,"1,111",45.2,10873.0,14151452.0,77.0,Unknown
Kill Bill,Kill Bill - Single,pasa michaelson,"1,156",45.2,1.0,1.0,,Unknown
2/Catorce,2/Catorce,Rauw Alejandro,"1,107",45.2,92466.0,17067105.0,64.0,Unknown
Ride,Ride,Twenty One Pilots,"1,110",45.2,240346.0,62583866.0,79.0,Unknown
Dusk Till Dawn (feat. Sia),Dusk Till Dawn (feat. Sia) - Single,ZAYN,"1,108",45.2,2412.0,584352.0,36.0,Unknown
Rush,Rush,Troye Sivan,"1,109",45.2,45754.0,35127971.0,28.0,Unknown
Physical,Physical,Dua Lipa,"1,115",45.1,108666.0,29267130.0,71.0,Unknown
Pumped Up Kicks,Pumped up Kicks,Foster The People,"1,113",45.1,344490.0,131726745.0,81.0,Unknown
Yes Indeed,Yes Indeed,Lil Baby,"1,112",45.1,186456.0,41273853.0,74.0,Unknown
Open Arms (feat. Travis Scott),SOS,SZA,"1,114",45.1,67858.0,17377077.0,76.0,Unknown
edamame (feat. Rich Brian),edamame,bbno$,"1,117",45.0,137449.0,12880333.0,9.0,Unknown
Turn Down for What,Turn Down for What,DJ Snake,"1,116",45.0,103666.0,30719577.0,65.0,Unknown
Calling (feat. A Boogie wit da Hoodie) [Spider-Man: Across the Spider-Verse],METRO BOOMIN PRESENTS SPIDER-MAN: ACROSS THE SPIDER-VERSE (SOUNDTRACK FROM AND INSPIRED BY THE MOTION PICTURE),Metro Boomin,"1,120",44.9,56138.0,13361149.0,69.0,Unknown
Smokin Out The Window,Smokin Out The Window,Bruno Mars,"1,121",44.9,100305.0,15798103.0,66.0,Unknown
Goin' Off,Goin' Off,Karan Aujla,"1,118",44.9,836.0,4594419.0,70.0,Unknown
Close To You,Close To You,Gracie Abrams,"1,119",44.9,1162.0,89144538.0,74.0,Unknown
Pagli Dekhave Agarbatti,Pagli Dekhave Agarbatti,Neelkamal Singh,"1,124",44.8,379.0,284348.0,,Unknown
From The D To The A (feat. Lil Yachty),From The D To The A (feat. Lil Yachty),Tee Grizzley,"1,122",44.8,83638.0,10924243.0,64.0,Unknown
Me Rehï¿½ï,Los Nï¿½ï¿½meros 1 De Los 40 (Music Inspires L,Danny Ocean,"1,126",44.8,37040.0,21117726.0,74.0,Unknown
Nonsense,emails i can't send,Sabrina Carpenter,"1,129",44.8,55620.0,61610668.0,83.0,Unknown
Run It Up (feat. Offset & Moneybagg Yo),Destined 2 Win,Lil Tjay,"1,127",44.8,141221.0,21996686.0,67.0,Unknown
Lose You To Love Me,Lose You To Love Me,Selena Gomez,"1,123",44.8,109325.0,48327775.0,72.0,Unknown
Worth It,Worth It,YK Osiris,"1,125",44.8,66487.0,6617103.0,60.0,Unknown
Fight The Feeling,Fight The Feeling,Rod Wave,"1,128",44.8,18112.0,2247123.0,51.0,Unknown
Axel F,Best of Crazy Hits,Crazy Frog,"1,134",44.7,870.0,142649.0,30.0,Unknown
Robbery,Robbery,Juice WRLD,"1,131",44.7,213493.0,32159591.0,73.0,Unknown
Bebe Dame,Bebe Dame - Single,Fuerza Regida,"1,132",44.7,51229.0,20388246.0,70.0,Unknown
Green Green Grass,george ezra songs to play when the sun's out,George Ezra,"1,133",44.7,50552.0,12812123.0,69.0,Unknown
Zihaal e Miskin,Zihaal e Miskin,Javed-Mohsin,"1,135",44.7,4432.0,3741353.0,65.0,Unknown
Fiel,Los Legendarios 001,Los Legendarios,"1,130",44.7,106151.0,40485324.0,64.0,Unknown
Neverita,Un Verano Sin Ti,Bad Bunny,"1,139",44.6,93211.0,21780286.0,73.0,Unknown
2002 - Remix,2002 (Remix),Shaun Reynolds,"1,136",44.6,88.0,6796.0,8.0,Unknown
No Se Va,No Se Va,Grupo Frontera,"1,137",44.6,67.0,3924.0,,Unknown
Infinity,Feel Something,Jaymes Young,"1,138",44.6,169454.0,48961048.0,74.0,Unknown
Popular (with Playboi Carti & Madonna) - Music from the HBO Original Series,The Highlights (Deluxe),The Weeknd,"1,142",44.5,137681.0,53947304.0,81.0,Unknown
adore u,adore u,Fred again..,"1,141",44.5,44672.0,48826452.0,71.0,Unknown
Numb Little Bug,Numb Little Bug,Em Beihold,"1,143",44.5,68868.0,18801509.0,66.0,Unknown
Feel It,Feel It (From The Original Series ï¿½ï¿½ï¿½Invincib,d4vd,"1,140",44.5,8980.0,78939536.0,,Unknown
Loco Contigo (feat. J. Balvin & Tyga),"Loco Contigo (with J. Balvin, feat. Tyga)",DJ Snake,"1,144",44.4,141261.0,26970098.0,68.0,Unknown
Faz um Vuk Vuk (Teto Espelhado),Faz um Vuk Vuk (Teto Espelhado),MC Kevin o Chris,"1,145",44.4,26854.0,23489333.0,68.0,Unknown
Suicidal,Melly vs. Melvin,YNW Melly,"1,146",44.4,113061.0,13801176.0,67.0,Unknown
"Photo (From ""Luka Chuppi"")","Photo (From ""Luka Chuppi"")",Karan Sehmbi,"1,149",44.3,9804.0,2252266.0,54.0,Unknown
Sky,Whole Lotta Red,Playboi Carti,"1,147",44.3,209136.0,30701216.0,74.0,Unknown
Love On,Love On,Selena Gomez,"1,148",44.3,3731.0,26039293.0,,Unknown
Payphone,Overexposed Track By Track,Maroon 5,"1,153",44.2,249663.0,71678167.0,78.0,Unknown
Brickell,MANIFESTING 20-05,Feid,"1,150",44.2,5064.0,62237863.0,79.0,Unknown
I Like Me Better,I Like Me Better,Lauv,"1,152",44.2,157818.0,34910721.0,75.0,Unknown
RUNAWAY,RUNAWAY,OneRepublic,"1,154",44.2,16650.0,19684494.0,67.0,Unknown
Que Se Cuide,Que Se Cuide,Luis R Conriquez,"1,151",44.2,1566.0,48637114.0,77.0,Unknown
Astronaut In The Ocean,Astronaut In The Ocean,Masked Wolf,"1,155",44.1,31705.0,3101433.0,,"trap, hip hop, rap"
On My Love,On My Love (Sped Up),Zara Larsson,"1,159",44.1,20826.0,60798732.0,7.0,Unknown
She Share Story,She Share Story,Shayne Orok,"1,156",44.1,2443.0,424979.0,33.0,Unknown
Mujeriego,Mujeriego - Single,Ryan Castro,"1,158",44.1,63343.0,16024245.0,63.0,Unknown
Miss The Rage (feat. Playboi Carti),Miss The Rage,Trippie Redd,"1,160",44.1,188778.0,26774987.0,6.0,Unknown
TUTA GOLD,TUTA GOLD,Mahmood,"1,157",44.1,5218.0,9118781.0,65.0,Unknown
My Boy Only Breaks His Favorite Toys,THE TORTURED POETS DEPARTMENT,Taylor Swift,"1,161",44.0,3784.0,17036800.0,83.0,Unknown
Dandini Dandini Dastana,"Hey Dostum, ï¿½ï¿",Derya Yildirim,"1,165",44.0,8.0,137.0,9.0,Unknown
Florida!!! (feat. Florence + the Machine),THE TORTURED POETS DEPARTMENT,Taylor Swift,"1,162",44.0,3866.0,16996059.0,,Unknown
Legends,Legends,Juice WRLD,"1,166",44.0,118639.0,18809173.0,63.0,Unknown
Black Beatles,SremmLife 2 (Deluxe),Rae Sremmurd,"1,164",44.0,186174.0,27470180.0,69.0,Unknown
King Size,Feed Tha Streets III,Roddy Ricch,"1,163",44.0,3105.0,291653.0,33.0,Unknown
Girls Want Girls (with Lil Baby),Certified Lover Boy,Drake,"1,168",43.9,137691.0,22202207.0,68.0,Unknown
Linger - SiriusXM Session,SiriusXM Session,Royel Otis,"1,171",43.9,908.0,11708987.0,69.0,Unknown
SLOW DANCING IN THE DARK,SLOW DANCING IN THE DARK,Joji,"1,167",43.9,241882.0,48328259.0,29.0,Unknown
BIPOLAR,BIPOLAR,Peso Pluma,"1,169",43.9,18049.0,13695569.0,,Unknown
Addicted,Addicted (feat. Ink) - Single,Zerb,"1,170",43.9,7213.0,65806267.0,79.0,Unknown
Besos Moja2,Besos Moja2,Wisin & Yandel,"1,176",43.8,48450.0,23910344.0,69.0,Unknown
Wake Up in the Sky,Wake Up in the Sky,Gucci Mane,"1,173",43.8,188378.0,27325666.0,71.0,Unknown
El Chico Del Apartamento 512 - Remasterizado 2024/30th Anniversary,Amor Prohibido (Remasterizado 2024/30th Anniversary),Selena,"1,174",43.8,15.0,74994.0,,Unknown
Papercut,Papercuts,Linkin Park,"1,177",43.8,130.0,484758.0,,Unknown
Chanel,Chanel,Becky G,"1,175",43.8,21244.0,8675975.0,65.0,Unknown
Otro Trago,Sueï¿½ï,Sech,"1,172",43.8,73605.0,21529712.0,63.0,Unknown
Back In Blood (feat. Lil Durk),Back In Blood (feat. Lil Durk),Pooh Shiesty,"1,180",43.7,126894.0,19992900.0,62.0,Unknown
Jugaste y Sufrï¿,Corta Venas,Eslabon Armado,"1,182",43.7,83013.0,10228918.0,70.0,Unknown
Una Foto Remix (feat. Emilia),Una Foto Remix (feat. Emilia),Mesita,"1,181",43.7,15932.0,35397476.0,78.0,Unknown
Religiously,Religiously,Bailey Zimmerman,"1,178",43.7,25164.0,10017767.0,73.0,Unknown
What Happened To Virgil (feat. Gunna),7220,Lil Durk,"1,179",43.7,63045.0,7698742.0,59.0,Unknown
Hello,Hello,Adele,"1,186",43.6,140637.0,42531792.0,68.0,Unknown
HAY LUPITA,HAY LUPITA - Single,Lomiiel,"1,187",43.6,1996.0,19217759.0,71.0,Unknown
Gatita,Gatita,Bellakath,"1,184",43.6,25714.0,8048259.0,57.0,Unknown
World on Fire,NATE SMITH (DELUXE),Nate Smith,"1,183",43.6,15383.0,9521311.0,69.0,Unknown
Love You Anyway,Love You Anyway,Luke Combs,"1,185",43.6,29896.0,7920265.0,67.0,Unknown
MOJABI GHOST,DATA,Tainy,"1,188",43.5,46625.0,20677828.0,75.0,Unknown
N95,Mr. Morale & The Big Steppers,Kendrick Lamar,"1,194",43.4,118020.0,24734503.0,74.0,Unknown
Niagara Falls (Foot or 2) [with Travis Scott & 21 Savage],HEROES & VILLAINS,Metro Boomin,"1,191",43.4,108296.0,18764224.0,71.0,Unknown
Volvï¿,La mï¿½ï¿½sica de @Gina Yei: #ConTodoElCorazï¿½ï¿½nYMï¿½ï¿½s (Banda Sono,Didi Romero,"1,192",43.4,60.0,2805.0,,Unknown
You're Really Funny,Rly Funny - EP,Crocodyle,"1,190",43.4,9.0,31.0,,Unknown
Papercut,Papercuts,Linkin Park,"1,193",43.4,4.0,466.0,,Unknown
Earned It (Fifty Shades Of Grey),Fifty Shades Of Grey (Original Motion Picture Soundtrack),The Weeknd,"1,195",43.4,97707.0,24754802.0,69.0,Unknown
Gucci Gang,Gucci Gang,Lil Pump,"1,189",43.4,66961.0,13429975.0,55.0,Unknown
La Bebe,LPM,Yng Lvcas,"1,198",43.3,35404.0,4489095.0,64.0,Unknown
Jaded,Endless Summer Vacation,Miley Cyrus,"1,197",43.3,22117.0,9481406.0,65.0,Unknown
Bye,Bye,Peso Pluma,"1,196",43.3,24974.0,6379185.0,65.0,Unknown
L$d,Deaf 2 Society,Luclover,"1,199",43.3,15846.0,2877860.0,36.0,Unknown
Wolves,Wolves,Selena Gomez,"1,200",43.3,123735.0,33188573.0,71.0,Unknown
Scars To Your Beautiful,Know-It-All,Alessia Cara,"1,201",43.2,129568.0,38951634.0,71.0,Unknown
FRI(END)S,FRI(END)S,V,"1,203",43.2,3800.0,44868049.0,85.0,Unknown
Surface Pressure,Encanto (Original Motion Picture Soundtrack),Jessica Darrow,"1,204",43.2,41062.0,14552186.0,65.0,Unknown
Volver Al Futuro,Volver Al Futuro,Oscar Maydon,"1,202",43.2,1247.0,63521139.0,78.0,Unknown
Praise God,Donda,Kanye West,"1,208",43.1,143071.0,22968843.0,67.0,Unknown
Friesenjung,Friesenjung,Ski Aggu,"1,205",43.1,70377.0,9755773.0,70.0,Unknown
El Azul,El Azul - Single,Junior H,"1,206",43.1,42304.0,22784674.0,76.0,Unknown
EARFQUAKE,IGOR,"Tyler, The Creator","1,207",43.1,198786.0,34308753.0,76.0,Unknown
Ya Supï¿½ï¿½rame (En V,Ya Supï¿½ï¿½rame (En Vivo) - Si,Grupo Firme,"1,210",43.0,34933.0,16279085.0,57.0,Unknown
if u think i'm pretty,if u think i'm pretty,Artemas,"1,212",43.0,26538.0,17112526.0,78.0,Unknown
Fin de Semana,Fin de Semana,Oscar Maydon,"1,211",43.0,38126.0,18723665.0,76.0,Unknown
Everybody (feat. Lil Uzi Vert),Pink Friday 2,Nicki Minaj,"1,209",43.0,1384.0,280996.0,,Unknown
Every Breath You Take,Learned from Love,Bonnie Kimmel,"1,215",42.9,,,,Unknown
My Oh My (feat. DaBaby),Romance,Camila Cabello,"1,218",42.9,78873.0,23552368.0,68.0,Unknown
Forever After All,What You See Ain't Always What You Get (Deluxe Edition),Luke Combs,"1,217",42.9,66543.0,14596512.0,70.0,Unknown
Fried (She a Vibe),WE DON'T TRUST YOU,Future,"1,216",42.9,8465.0,12808538.0,,Unknown
123 Song,123 Song,D Billions,"1,214",42.9,98.0,14910.0,23.0,Unknown
Hello (feat. A Boogie Wit da Hoodie),Shoot For The Stars Aim For The Moon (Deluxe),Pop Smoke,"1,213",42.9,190490.0,26875379.0,67.0,Unknown
Numb,Numb,Marshmello,"1,219",42.9,70661.0,51920160.0,69.0,Unknown
Ojapiano,Ojapiano - Single,KCee,"1,222",42.8,8182.0,3092737.0,56.0,Unknown
Area Codes,Area Codes,Kaliii,"1,220",42.8,33819.0,27729274.0,68.0,Unknown
Medallo,Hecho En Medellï¿½,Blessd,"1,224",42.8,66494.0,24042564.0,65.0,Unknown
Domingo Abacaxi Flamingo,Domingo Abacaxi Flamingo,Bolofofos,"1,221",42.8,1887.0,331053.0,51.0,Unknown
Riptide,Ministry Of Sound Presents Chillout Sessions XVI,Vance Joy,"1,223",42.8,369150.0,165607442.0,80.0,Unknown
Ch y la Pizza,Ch y la Pizza,Fuerza Regida,"1,230",42.7,37923.0,17851037.0,75.0,Unknown
In Ha Mood,In Ha Mood,Ice Spice,"1,234",42.7,39734.0,15519701.0,63.0,Unknown
POR QUï¿½ï¿½ SE,POR QUï¿½ï¿½ SE,Grupo Frontera,"1,225",42.7,1596.0,46272988.0,76.0,Unknown
ALL MINE,WASTELAND,Brent Faiyaz,"1,232",42.7,61987.0,22567278.0,71.0,Unknown
Let Me Know (I Wonder Why Freestyle),Sucker,Juice WRLD,"1,231",42.7,126610.0,15066503.0,72.0,Unknown
The Night We Met,The Night We Met,Lord Huron,"1,226",42.7,286668.0,123211490.0,84.0,Unknown
Playa Del Inglï¿½,Playa Del Inglï¿½ï¿½s - Si,Quevedo,"1,227",42.7,68744.0,34228107.0,67.0,Unknown
BOO!SHUT,BOO!SHUT,PIGGS,"1,233",42.7,41.0,1972.0,3.0,Unknown
HOLA PERDIDA REMIX,HOLA PERDIDA REMIX,Luck Ra,"1,228",42.7,873.0,40161269.0,70.0,Unknown
Talk,Talk,Yeat,"1,229",42.7,77898.0,8717113.0,67.0,Unknown
Now And Then,Now And Then,The Beatles,"1,235",42.6,23455.0,13808666.0,,Unknown
Sign on the Door,Sign on the Door,Dora Lachaise,"1,236",42.6,4.0,267.0,,Unknown
For Life (feat. Zak Abel & Nile Rodgers),For Life (feat. Zak Abel & Nile Rodgers),Kygo,"1,240",42.6,4216.0,90998184.0,76.0,Unknown
Kya Loge Tum,Kya Loge Tum,B Praak,"1,238",42.6,2561.0,1939449.0,57.0,Unknown
California Breeze,It's Only Me,Lil Baby,"1,237",42.6,45626.0,8408366.0,61.0,Unknown
Nonstop,Scorpion,Drake,"1,239",42.6,175188.0,51548109.0,71.0,Unknown
LOVE DIVE,LOVE DIVE,IVE,"1,243",42.5,28165.0,11131897.0,69.0,Unknown
Alucin,Alucin,Eugenio Esquivel,"1,242",42.5,16933.0,25825570.0,,Unknown
Go Stupid,Go Stupid,Polo G,"1,241",42.5,112485.0,21170575.0,69.0,Unknown
POPSTAR (feat. Drake),POPSTAR (feat. Drake),DJ Khaled,"1,247",42.4,165234.0,35485186.0,63.0,Unknown
Qual ï¿½ï¿½ o seu des,Qual ï¿½ï¿½ seu des,Tz da Coronel,"1,244",42.4,6088.0,12104937.0,73.0,Unknown
Lovesick Girls,THE ALBUM,BLACKPINK,"1,248",42.4,40766.0,14363550.0,65.0,Unknown
Solo (feat. Demi Lovato),Solo (feat. Demi Lovato),Clean Bandit,"1,246",42.4,114049.0,30877323.0,64.0,Unknown
Una Vida Pasada,Una Vida Pasada,Camilo,"1,249",42.4,2952.0,47126163.0,81.0,Unknown
Steven Universe,Steven Universe,L.Dre,"1,245",42.4,14464.0,2212197.0,50.0,Unknown
places to be,places to be,Fred again..,"1,250",42.4,2277.0,40816159.0,73.0,Unknown
ASI ES LA VIDA,ASI ES LA VIDA,Enrique Iglesias,"1,254",42.3,11830.0,22722898.0,,Unknown
Corazï¿½,Corazï¿½,Maluma,"1,251",42.3,52952.0,15758764.0,64.0,Unknown
Elvira,Elvira,Oscar Maydon,"1,255",42.3,8183.0,47711465.0,81.0,Unknown
Fantasias,Fantasias,Rauw Alejandro,"1,253",42.3,76919.0,24789585.0,67.0,Unknown
El Jefe,El Jefe,Shakira,"1,252",42.3,11838.0,10617531.0,,Unknown
Am,AM,Nio Garcia,"1,257",42.2,70546.0,11143810.0,57.0,Unknown
Te Lo Agradezco,Te Lo Agradezco,Kany Garcï¿½,"1,258",42.2,9016.0,8885567.0,73.0,Unknown
PLEBADA,PLEBADA,El Alfa,"1,260",42.2,17100.0,7456228.0,65.0,Unknown
Danza Kuduro - Cover,CLUB SONG MIX 2023,MUSIC LAB JPN,"1,261",42.2,6.0,66.0,,"latin, reggaeton, pop, dance"
Danza Kuduro - Cover,CLUB SONG MIX 2023,MUSIC LAB JPN,"1,261",42.2,6.0,66.0,,"latin, reggaeton, pop"
Danza Kuduro - Cover,CLUB SONG MIX 2023,MUSIC LAB JPN,"1,261",42.2,6.0,66.0,,"pop, latin, reggaeton, dance"
Danza Kuduro - Cover,CLUB SONG MIX 2023,MUSIC LAB JPN,"1,261",42.2,6.0,66.0,,"latin, reggaeton, dancehall"
Danza Kuduro - Cover,CLUB SONG MIX 2023,MUSIC LAB JPN,"1,261",42.2,6.0,66.0,,"pop, latin, reggaeton, dance"
Marea (Weï¿½ï¿½ï¿½ve Lost Da,Marea (Weï¿½ï¿½ï¿½ve Lost Da,Fred again..,"1,259",42.2,191372.0,29642267.0,71.0,Unknown
Fall In Love,Fall In Love,Bailey Zimmerman,"1,262",42.2,47288.0,6430525.0,71.0,Unknown
Cupid,The Beginning: Cupid - Single,FIFTY FIFTY,"1,256",42.2,34632.0,4625072.0,37.0,Unknown
Dj Gamm Gamm Piri Slow,Dj Gamm Gamm Piri Slow,DJ BAHBUS,"1,265",42.1,7.0,10.0,,Unknown
Guilty as Sin?,THE TORTURED POETS DEPARTMENT,Taylor Swift,"1,264",42.1,4418.0,21928475.0,78.0,Unknown
Waiting For Love,Ibiza Residence 2015,Avicii,"1,263",42.1,205128.0,62368816.0,74.0,Unknown
BOMBï¿½,LEGENDADDY,Daddy Yankee,"1,272",42.0,27681.0,6391085.0,60.0,Unknown
Hello,Hello,Muramatsu Karaoke,"1,268",42.0,2.0,4.0,,Unknown
EVERY CHANCE I GET (feat. Lil Baby & Lil Durk),KHALED KHALED,DJ Khaled,"1,271",42.0,108705.0,24218793.0,68.0,Unknown
Mo Bamba,Mo Bamba,Sheck Wes,"1,266",42.0,198581.0,38436526.0,71.0,Unknown
Bank Account,Issa Album,21 Savage,"1,267",42.0,195032.0,31101180.0,70.0,Unknown
"One Of The Girls (with JENNIE, Lily Rose Depp)",The Highlights (Deluxe),The Weeknd,"1,269",42.0,67381.0,127728248.0,87.0,Unknown
Get You The Moon (feat. Snï¿½ï,Get You The Moon (feat. Snï¿½ï,Kina,"1,270",42.0,157944.0,42123948.0,69.0,Unknown
Never Felt So Alone,Never Felt So Alone,Labrinth,"1,275",41.9,44019.0,21429823.0,67.0,Unknown
Baile do Bruxo,Baile do Bruxo,Tropa do Bruxo,"1,273",41.9,26646.0,24127645.0,,Unknown
Love Me JeJe,Love Me JeJe - Single,Tems,"1,274",41.9,4787.0,53092639.0,76.0,Unknown
Heather,Kid Krow,Conan Gray,"1,276",41.8,191604.0,123682546.0,80.0,Unknown
Come & Go (with Marshmello),Come & Go (with Marshmello),Juice WRLD,"1,277",41.8,180366.0,25884639.0,71.0,Unknown
Mas Rica Que Ayer,Mas Rica Que Ayer,Anuel AA,"1,278",41.7,34370.0,18181647.0,67.0,Unknown
Love Again,Future Nostalgia,Dua Lipa,"1,279",41.7,90805.0,19218236.0,67.0,Unknown
Bï¿½ï¿½cane - A COLORS ,Bï¿½ï¿½cane - A Colors Show - Si,Yamï¿,"1,280",41.7,37922.0,4374053.0,69.0,Unknown
all of me,american dream,21 Savage,"1,283",41.6,20380.0,29657028.0,,Unknown
Giving Me,Giving Me,Jazzy,"1,284",41.6,44298.0,37322737.0,67.0,Unknown
Attitude (feat. Charlie Wilson & Cash Cobain),Attitude (feat. Charlie Wilson & Cash Cobain),Don Toliver,"1,281",41.6,2162.0,41453309.0,,Unknown
What Do You Mean?,Full Circle: The Live Anthology,Justin Bieber,"1,282",41.6,137106.0,54447816.0,74.0,Unknown
Bailando - English Version,S** AND LOVE,Enrique Iglesias,"1,289",41.5,28233.0,7288674.0,50.0,Unknown
ýýýýýýýýýýýý ýýýýýýýýýýýýýýýý ýýýýýýýýýý,ýýýýýýýýýýýý ýýýýýýýýýýýýýýýý ýýýýýýýýýý - Single,Jazzdauren,"1,287",41.5,968.0,474517.0,56.0,Unknown
TV,Guitar Songs,Billie Eilish,"1,285",41.5,80064.0,39873526.0,76.0,Unknown
But Daddy I Love Him,THE TORTURED POETS DEPARTMENT,Taylor Swift,"1,286",41.5,3535.0,21565868.0,76.0,Unknown
Tiroteo - Remix,Tiroteo (Remix),Marc Seguï¿,"1,288",41.5,83163.0,29637614.0,75.0,Unknown
pushin P (feat. Young Thug),DRIP SEASON 4EVER,Gunna,"1,291",41.4,125521.0,25605777.0,65.0,Unknown
Take Me to Church,Take Me To Church,Hozier,"1,293",41.4,238611.0,69693570.0,78.0,Unknown
It's You,It's You,Ali Gatie,"1,292",41.4,140766.0,29272883.0,72.0,Unknown
Love Lee,Love Lee,AKMU,"1,294",41.4,10736.0,4247248.0,65.0,Unknown
Jump,TYLA,Tyla,"1,295",41.4,10243.0,123617533.0,77.0,Unknown
Venom - Music From The Motion Picture,Kamikaze,Eminem,"1,290",41.4,139716.0,24601490.0,68.0,Unknown
fantasmas,fantasmas - Single,Humbe,"1,296",41.3,6388.0,10711840.0,,Unknown
Basit Numaralar,Basit Numaralar,Zerrin ï¿½ï¿,"1,299",41.3,7149.0,2238082.0,58.0,Unknown
Karma,Midnights,Taylor Swift,"1,297",41.3,47435.0,45285568.0,75.0,Unknown
The Painter,The Painter - Single,Cody Johnson,"1,298",41.3,16004.0,19123002.0,66.0,Unknown
Chiky Boom,Chiky Boom,Paylon,"1,300",41.2,14.0,769.0,1.0,Unknown
Me & U,Me & U,Tems,"1,306",41.2,24220.0,30274256.0,,Unknown
Vista Al Mar,Vista Al Mar,Quevedo,"1,303",41.2,74845.0,23960314.0,68.0,Unknown
Imagine,Imagine,Carbonne,"1,301",41.2,3113.0,9735703.0,77.0,Unknown
All The Stars (with SZA),All The Stars (with SZA),Kendrick Lamar,"1,304",41.2,207686.0,66120497.0,82.0,Unknown
Lehanga,Lehanga,Jass Manak,"1,305",41.2,297.0,35247.0,,Unknown
X (feat. Future),Savage Mode,21 Savage,"1,302",41.2,115125.0,20776088.0,65.0,Unknown
CRAZYZ,Pa las Baby's Y Belikeada,Fuerza Regida,"1,314",41.1,12683.0,18918954.0,78.0,Unknown
Passionfruit,More Life,Drake,"1,309",41.1,288559.0,72837714.0,77.0,Unknown
Like Crazy,FACE,Jimin,"1,308",41.1,16425.0,22818507.0,84.0,Unknown
I Donï¿½ï¿½ï¿½t Wanna Live Forever (Fifty Shades D,I Donï¿½ï¿½ï¿½t Wanna Live Forever (Fifty Shades D,ZAYN,"1,312",41.1,129306.0,54219735.0,75.0,Unknown
What It Is (Solo Version),What It Is (Versions),Doechii,"1,311",41.1,38674.0,36667220.0,70.0,Unknown
Bad and Boujee (feat. Lil Uzi Vert),Bad and Boujee,Migos,"1,307",41.1,173279.0,29410941.0,66.0,Unknown
SUBEME LA RADIO (feat. Descemer Bueno & Zion & Lennox),SUBEME LA RADIO,Enrique Iglesias,"1,313",41.1,87667.0,24084151.0,65.0,Unknown
Soak City (Do it),Soak City (Do it),310babii,"1,310",41.1,26723.0,26216067.0,65.0,Unknown
The Woo (feat. 50 Cent & Roddy Ricch),Shoot For The Stars Aim For The Moon,Pop Smoke,"1,319",41.0,166545.0,26349705.0,65.0,Unknown
"yes, and?","yes, and?",Ariana Grande,"1,320",41.0,2906.0,4683812.0,,pop
Cheerleader - Felix Jaehn Remix Radio Edit,Cheerleader (Felix Jaehn Remix) (Radio Edit),OMI,"1,318",41.0,49556.0,9366950.0,52.0,Unknown
Woah (feat. D3Mstreet),Woah,KRYPTO9095,"1,315",41.0,21725.0,3265269.0,45.0,Unknown
Take You Dancing,Nu King,Jason Derulo,"1,317",41.0,,,,Unknown
Wrecking Ball,538 Hitzone Best Of 2013,Miley Cyrus,"1,316",41.0,113036.0,73538856.0,73.0,Unknown
Stereo Love (TikTok Remix),Stereo Love (TikTok Remix) - Single,DJRemixGod,"1,322",40.9,4.0,7.0,,Unknown
Stuck with U (with Justin Bieber),Stuck with U,Ariana Grande,"1,321",40.9,116269.0,56772519.0,73.0,Unknown
she's all i wanna be,she's all i wanna be,Tate McRae,"1,324",40.8,58658.0,18026092.0,71.0,Unknown
Oh My God,30,Adele,"1,327",40.8,66469.0,27321505.0,68.0,Unknown
Leave Out All The Rest,Papercuts,Linkin Park,"1,329",40.8,4.0,4.0,,Unknown
iSpy (feat. Lil Yachty),iSpy (feat. Lil Yachty),KYLE,"1,325",40.8,121478.0,17895084.0,64.0,Unknown
I AM,I've IVE,IVE,"1,326",40.8,20356.0,8290715.0,71.0,Unknown
Midnight Sky,Midnight Sky,Miley Cyrus,"1,323",40.8,86326.0,19484618.0,66.0,Unknown
"Earth, Wind & Fire",HOW?,BOYNEXTDOOR,"1,328",40.8,1054.0,10955415.0,,Unknown
Andrea,Un Verano Sin Ti,Bad Bunny,"1,335",40.7,51912.0,12241438.0,71.0,Unknown
Ric Flair Drip (with Metro Boomin),Without Warning,Offset,"1,338",40.7,257640.0,63705857.0,80.0,Unknown
Dï¿½ï¿½,Dï¿½ï¿½,Teya Dora,"1,332",40.7,25929.0,2777533.0,65.0,Unknown
Going Bad (feat. Drake),Championships,Meek Mill,"1,330",40.7,190095.0,47916138.0,73.0,Unknown
Tenho Que Me Decidir,O Cara Do Momento,MC PH,"1,334",40.7,17345.0,11402769.0,,Unknown
Wunder,Wunder,AYLIVA,"1,336",40.7,3863.0,15268731.0,77.0,Unknown
Safaera,YHLQMDLG,Bad Bunny,"1,331",40.7,116275.0,31273843.0,70.0,Unknown
Baby,R&B Collection 2011,Justin Bieber,"1,337",40.7,136655.0,76732478.0,76.0,Unknown
On BS,Her Loss,Drake,"1,333",40.7,82934.0,17735363.0,67.0,Unknown
Marlboro Remix,Marlboro Remix - Single,,"1,343",40.6,,,,Unknown
Love Again,Love Again,The Kid LAROI,"1,342",40.6,44476.0,12164093.0,62.0,Unknown
LAGUNAS,LAGUNAS,Peso Pluma,"1,339",40.6,23886.0,6601410.0,74.0,Unknown
Narcotics (with Bryant Myers),Narcotics (with Bryant Myers),Dei V,"1,344",40.6,23281.0,12418680.0,73.0,Unknown
Linea del Perreo (feat. Dj Kiire),Linea del Perreo (feat. Dj Kiire) - Single,Uzielito Mix,"1,341",40.6,7282.0,12667815.0,,Unknown
24K Magic,24K Magic,Bruno Mars,"1,340",40.6,175419.0,63087960.0,77.0,Unknown
The Feels,The Feels,TWICE,"1,346",40.5,43727.0,10543105.0,66.0,Unknown
Someone Like You,21' Sampler,Adele,"1,345",40.5,211527.0,80288449.0,75.0,Unknown
Oh U Went (feat. Drake),BUSINESS IS BUSINESS,Young Thug,"1,347",40.5,43943.0,22872664.0,64.0,Unknown
Right Now (Feat. Crush),Right Now,Coogie,"1,348",40.5,3228.0,1162003.0,,Unknown
Burn,VULTURES 1,Kanye West,"1,349",40.4,20185.0,6611833.0,,Unknown
High Fashion (feat. Mustard),Please Excuse Me For Being Antisocial,Roddy Ricch,"1,351",40.3,113736.0,16354487.0,65.0,Unknown
Ronald,Ronald,Falling In Reverse,"1,357",40.3,3463.0,4194033.0,72.0,Unknown
We Paid (feat. 42 Dugg),My Turn (Deluxe),Lil Baby,"1,353",40.3,128536.0,20047619.0,68.0,Unknown
Boss Bitch,Boss Bitch,Doja Cat,"1,352",40.3,126275.0,47587177.0,70.0,Unknown
Ballena,Ballena,Vulgo FK,"1,354",40.3,28303.0,9617276.0,66.0,Unknown
one of wun,One of Wun,Gunna,"1,356",40.3,,,,Unknown
Locked Away (feat. Adam Levine),Locked Away,R. City,"1,355",40.3,143056.0,48490958.0,75.0,Unknown
Tal Vez,Tal Vez,Paulo Londra,"1,350",40.3,75691.0,21188829.0,67.0,Unknown
the remedy for a broken heart (why am I so in love),?,XXXTENTACION,"1,359",40.2,142939.0,25725853.0,69.0,Unknown
Beautiful Mistakes (feat. Megan Thee Stallion),Beautiful Mistakes (feat. Megan Thee Stallion),Maroon 5,"1,362",40.2,93856.0,28511210.0,71.0,Unknown
Cynical,Cynical,twocolors,"1,363",40.2,20339.0,47189903.0,41.0,Unknown
These Words,These Words,Badger,"1,360",40.2,9301.0,84272492.0,78.0,Unknown
Robarte un Beso,Robarte un Beso,Carlos Vives,"1,361",40.2,53101.0,23936663.0,72.0,Unknown
Vida Gangster,Vida Gangster,Lauty Gram,"1,358",40.2,20571.0,4824421.0,56.0,Unknown
For My Hand (feat. Ed Sheeran),"Love, Damini",Burna Boy,"1,366",40.1,62386.0,29271052.0,65.0,Unknown
Cowgirls (feat. ERNEST),One Thing At A Time,Morgan Wallen,"1,371",40.1,31680.0,27441895.0,81.0,Unknown
'Til You Can't,'Til You Canï¿½ï¿½ï¿½t / Longer Than S,Cody Johnson,"1,364",40.1,48619.0,12448112.0,68.0,Unknown
Those Oldies but Goodies,Little Caesar and The Romans: The Extended Play Collection,Little Caesar & the Romans,"1,368",40.1,42.0,3735.0,,Unknown
Dark Horse,The Top Music of the World,Katy Perry,"1,369",40.1,8.0,22.0,,Unknown
Hass Hass,Hass Hass - Single,Diljit Dosanjh,"1,370",40.1,10191.0,8686387.0,70.0,Unknown
You Got It,You Got It,Vedo,"1,367",40.1,56415.0,7671267.0,64.0,Unknown
LDR,LDR,Shoti,"1,365",40.1,5646.0,1050088.0,57.0,Unknown
"Kaavaalaa (From ""Jailer"")","Kaavaalaa (From ""Jailer"")",Shilpa Rao,"1,373",40.0,5151.0,4767067.0,61.0,Unknown
Me or Sum (feat. Future & Lil Baby),Me or Sum (feat. Future & Lil Baby) - Single,Nardo Wick,"1,374",40.0,77071.0,7941140.0,59.0,Unknown
You're Welcome,Moana (Original Motion Picture Soundtrack/Deluxe Edition),Dwayne Johnson,"1,372",40.0,57721.0,18005001.0,66.0,Unknown
LA NOCHE DE ANOCHE,EL ï¿½ï¿½LTIMO TOUR DEL M,Bad Bunny,"1,376",39.9,120639.0,37168821.0,71.0,Unknown
Fuk Sumn,VULTURES 1,Kanye West,"1,375",39.9,21002.0,57426798.0,,Unknown
Billete Grande (En Vivo),Billete Grande (En Vivo),Fuerza Regida,"1,377",39.9,30705.0,7109920.0,68.0,Unknown
Royals,The Love Club EP,Lorde,"1,386",39.8,163195.0,59733007.0,73.0,Unknown
Charm,Charm (Sped Up),Rema,"1,387",39.8,35929.0,7199181.0,65.0,Unknown
prove it,prove it,21 Savage,"1,388",39.8,19035.0,10935183.0,,Unknown
Mon Amour - Remix,Mon Amour (Remix),zzoilo,"1,381",39.8,101479.0,31506074.0,72.0,Unknown
Adan y Eva,Adan y Eva,Paulo Londra,"1,383",39.8,85897.0,24226776.0,70.0,Unknown
No Lie,Dua Lipa (Complete Edition),Sean Paul,"1,384",39.8,180669.0,44962652.0,76.0,Unknown
"Phir Aur Kya Chahiye (From ""Zara Hatke Zara Bachke"")","Phir Aur Kya Chahiye (From ""Zara Hatke Zara Bachke"")",Sachin-Jigar,"1,379",39.8,11941.0,13056935.0,66.0,Unknown
10 Carros,10 Carros,Chefin,"1,380",39.8,13213.0,6225367.0,,Unknown
The Astronaut,The Astronaut,JIN,"1,382",39.8,12509.0,19653160.0,79.0,Unknown
Gogo Dance,SABIDURIA,El Alfa,"1,385",39.8,29662.0,6577251.0,64.0,Unknown
Komang,Komang,Raim Laode,"1,378",39.8,16110.0,3893973.0,70.0,Unknown
The Spectre,The Spectre,Alan Walker,"1,395",39.7,67602.0,15209777.0,67.0,Unknown
ýýýýýýýýýýýýýýýýýý (feat. ýýýýýýýýý ýýýýýýýýýýýýýýý & GUNNER),ýýýýýýýýýýýýýýýýýý (feat. ýýýýýýýýý ýýýýýýýýýýýýýýý & GUNNER) - Single,Juepak,"1,393",39.7,337.0,177125.0,,Unknown
DARARI,THE SECOND STEP : CHAPTER ONE,TREASURE,"1,396",39.7,23891.0,5328396.0,63.0,Unknown
Ferxxo 100,Ferxxo 100,Feid,"1,392",39.7,56678.0,17366565.0,73.0,Unknown
No Te Quieren Conmigo,No Te Quieren Conmigo,Gaby Music,"1,394",39.7,20215.0,29032126.0,,Unknown
More than you know,More than you know,NoSpace,"1,397",39.7,5.0,33.0,2.0,Unknown
Shower,Crave Vol. 9 (Mixed By DJ Havana Brown),Becky G,"1,390",39.7,110573.0,53838139.0,73.0,Unknown
B.O.T.A. (Baddest Of Them All) - Edit,B.O.T.A. (Baddest Of Them All) / Move To The,Eliza Rose,"1,389",39.7,119047.0,39606593.0,70.0,Unknown
Chatak Matak,Chatak Matak,Renuka Panwar,"1,391",39.7,1588.0,347235.0,54.0,Unknown
Cooped Up (with Roddy Ricch),Cooped Up,Post Malone,"1,401",39.6,76622.0,17496536.0,62.0,Unknown
FRIENDS,Speak Your Mind,Marshmello,"1,399",39.6,148480.0,33658538.0,70.0,Unknown
FINA,nadie sabe lo que va a pasar maï¿½ï¿,Bad Bunny,"1,398",39.6,32219.0,19829075.0,78.0,Unknown
Come back to me,Come back to me,RM,"1,400",39.6,1389.0,24249059.0,84.0,Unknown
Whatsapp (Wassam),Whatsapp (Wassam),Gunna,"1,404",39.5,3854.0,12725358.0,,Unknown
3:15 (Breathe),3:15 (Breathe),Russ,"1,406",39.5,72865.0,7583638.0,72.0,Unknown
Love Me Again,Layover,V,"1,402",39.5,13455.0,18636467.0,82.0,Unknown
Down Under (feat. Colin Hay),Down Under,Luude,"1,403",39.5,125064.0,22299331.0,60.0,Unknown
Like That (feat. Gucci Mane),Hot Pink,Doja Cat,"1,405",39.5,74416.0,19414789.0,66.0,Unknown
Control,Control,Zoe Wees,"1,407",39.5,81641.0,24075887.0,66.0,Unknown
Push Up - Original Mix,Push Up - Single,Creeds,"1,409",39.4,78156.0,5245976.0,58.0,Unknown
Novo Balanï¿½,Dos Prï¿½ï¿½dios De,Veigh,"1,408",39.4,33493.0,8747668.0,69.0,Unknown
Dancin (feat. Luvli) - Krono Remix,Dancin (Krono Remix),Aaron Smith,"1,411",39.4,163911.0,32032973.0,71.0,Unknown
Goosebumps - Remix,Goosebumps (Remix),Travis Scott,"1,410",39.4,142094.0,65054729.0,70.0,Unknown
Die For You,SMITHEREENS,Joji,"1,412",39.4,74276.0,30821017.0,71.0,Unknown
SC-9,SC-9,Yahir Saldivar,"1,415",39.3,2994.0,12621491.0,64.0,Unknown
We Are Young (feat. Janelle Monï¿½ï¿½e) - feat. Janelle M,We Are Young (feat. Janelle Monï¿½ï,fun.,"1,414",39.3,216588.0,73069486.0,72.0,Unknown
My Head & My Heart,Heaven & Hell,Ava Max,"1,413",39.3,72376.0,41025788.0,69.0,Unknown
Accendio,IVE SWITCH,IVE,"1,418",39.2,1027.0,749609.0,72.0,Unknown
Deep End,Deep End,Fousheï¿,"1,417",39.2,76388.0,9447547.0,56.0,Unknown
Loosing interest,Missing,Kurochuu,"1,419",39.2,2.0,2190.0,4.0,Unknown
Turbo S,PISTOLER POESI OCH SEX,Yasin,"1,416",39.2,1764.0,32374.0,33.0,Unknown
30 GRADOS RKT,30 GRADOS RKT,RUNE,"1,422",39.1,2.0,1670163.0,,Unknown
Mi Bello Angel,Nata Montana,Natanael Cano,"1,421",39.1,23359.0,14819855.0,76.0,Unknown
Turks & Caicos (feat. 21 Savage),Nostalgia,Rod Wave,"1,420",39.1,18919.0,14210017.0,,Unknown
Si Veo a Tu Mamï¿,YHLQMDLG,Bad Bunny,"1,423",39.1,92013.0,18868123.0,70.0,Unknown
1-800-273-8255,1-800-273-8255,Logic,"1,427",39.0,155866.0,27988875.0,67.0,Unknown
After Hours,After Hours,The Weeknd,"1,424",39.0,146801.0,30163694.0,75.0,Unknown
Alibi (feat. Rudimental),Alibi (feat. Rudimental) - Single,Ella Henderson,"1,426",39.0,7999.0,76558923.0,,Unknown
Everybody (feat. Lil Uzi Vert),Pink Friday 2,Nicki Minaj,"1,425",39.0,20245.0,36960349.0,,Unknown
I LUV IT (feat. Playboi Carti),I LUV IT (feat. Playboi Carti),Camila Cabello,"1,428",38.9,7391.0,23509446.0,,Unknown
The Middle,The Middle,Zedd,"1,432",38.9,135666.0,65498300.0,72.0,Unknown
Doctor (Work It Out) [feat. Miley Cyrus],Doctor (Work It Out) - Single,Pharrell Williams,"1,435",38.9,4358.0,14370644.0,,Unknown
Pompeii,Bad Blood (The Extended Cut),Bastille,"1,434",38.9,259895.0,65869505.0,71.0,Unknown
Hymn For The Weekend - Seeb Remix,A Head Full Of Dreams,Coldplay,"1,429",38.9,66904.0,13714193.0,62.0,Unknown
Lonely (with benny blanco),Lonely (with benny blanco),Justin Bieber,"1,431",38.9,119464.0,35423440.0,66.0,Unknown
Hold On,Hold On,Justin Bieber,"1,433",38.9,98447.0,21788917.0,65.0,Unknown
Can't Hold Us - feat. Ray Dalton,The Heist,Macklemore & Ryan Lewis,"1,430",38.9,287524.0,83050639.0,74.0,Unknown
I Like It,Invasion of Privacy,Cardi B,"1,439",38.8,175421.0,77421150.0,72.0,Unknown
8 Parche,8 Parche,Baani Sandhu,"1,436",38.8,9383.0,1730849.0,58.0,Unknown
Modo DND,Modo DND,Xavi,"1,437",38.8,11318.0,9655843.0,,Unknown
THANK GOD,UTOPIA,Travis Scott,"1,440",38.8,53828.0,5159560.0,68.0,Unknown
Home,Home,Edith Whiskers,"1,441",38.8,98433.0,18158287.0,65.0,Unknown
The London (feat. J. Cole & Travis Scott),The London (feat. J. Cole & Travis Scott),Young Thug,"1,438",38.8,155380.0,26351002.0,62.0,Unknown
Si Te Pudiera Mentir,Simplemente Gracias,Calibre 50,"1,444",38.7,39746.0,21866121.0,69.0,Unknown
One Of Your Girls,Something To Give Each Other,Troye Sivan,"1,443",38.7,24491.0,38080713.0,,Unknown
Tell Em,Tell Em,Cochise,"1,442",38.7,156928.0,20525072.0,70.0,Unknown
Close Eyes,Close Eyes,DVRST,"1,448",38.6,118862.0,32562324.0,70.0,Unknown
Mr Pot Scraper,Mr Pot Scraper - Single,Bossman Dlow,"1,446",38.6,3586.0,6501678.0,,Unknown
LA DURANGO,LA DURANGO,Peso Pluma,"1,447",38.6,2684.0,48467220.0,79.0,Unknown
Please Me,Please Me,Cardi B,"1,449",38.6,58065.0,19199798.0,70.0,Unknown
El Hijo Mayor,El Hijo Mayor - Single,Junior H,"1,450",38.6,30881.0,19190261.0,71.0,Unknown
"Ruqya, Pt. 3",Ruqya (Quran - Coran - Islam),Hani Rifai,"1,445",38.6,,,,Unknown
LA FAMA,LA FAMA (feat. The Weeknd) - Single,ROSALï¿½,"1,453",38.5,79169.0,20678333.0,69.0,Unknown
TIL FURTHER NOTICE,UTOPIA,Travis Scott,"1,451",38.5,55843.0,7668430.0,71.0,Unknown
"Poblado (feat. Crissin, Totoy El Frio & Natan & Shander) [Remix]",Poblado (Remix),J Balvin,"1,454",38.5,60696.0,17980948.0,61.0,Unknown
LOKERA,LOKERA,Rauw Alejandro,"1,452",38.5,74344.0,55382119.0,75.0,Unknown
cardigan,folklore,Taylor Swift,"1,458",38.4,94169.0,67796903.0,80.0,Unknown
See You Again (feat. Kali Uchis),Flower Boy,"Tyler, The Creator","1,456",38.4,283537.0,75314202.0,84.0,Unknown
Namas Today - Original Version,Mountains of Gods,CA3RD,"1,460",38.4,,,,Unknown
Amanece,Amanece,Anuel AA,"1,457",38.4,80071.0,22684253.0,77.0,Unknown
Popular,Popular,The Weeknd,"1,459",38.4,1.0,65.0,,Unknown
King Shit,Leo,Shubh,"1,455",38.4,4988.0,9741006.0,71.0,Unknown
LA INOCENTE,Microdosis,Mora,"1,461",38.4,92256.0,38659924.0,76.0,Unknown
Chicago Freestyle (feat. Giveon),Dark Lane Demo Tapes,Drake,"1,462",38.3,200270.0,32837352.0,72.0,Unknown
Johnny Dang (with Paul Wall & DRODi),Johnny Dang (with Paul Wall & DRODi),That Mexican OT,"1,466",38.3,42334.0,16862073.0,68.0,Unknown
S-Class,5-STAR,Stray Kids,"1,465",38.3,14268.0,6924859.0,70.0,Unknown
GASLIGHT,GASLIGHT,INJI,"1,463",38.3,8421.0,1500039.0,48.0,Unknown
Die Young (feat. 347aidan),Die Young (feat. 347aidan),Sleepy Hallow,"1,464",38.3,75951.0,9524862.0,60.0,Unknown
Vente Pa' Ca,Vente Pa' Ca,Ricky Martin,"1,467",38.2,57564.0,22110798.0,66.0,Unknown
Can't Tame Her,Can't Tame Her,Zara Larsson,"1,473",38.2,31456.0,22058380.0,62.0,Unknown
VIBEZ,KIRK,DaBaby,"1,470",38.2,95756.0,16692750.0,59.0,Unknown
I Don't Fuck With You,I Don't Fuck With You,Big Sean,"1,475",38.2,135134.0,33420257.0,67.0,Unknown
Se Grita,Reinsertado,Morad,"1,474",38.2,47009.0,7163568.0,69.0,Unknown
HYAENA,UTOPIA,Travis Scott,"1,468",38.2,47247.0,5437356.0,68.0,Unknown
KICK BACK,KICK BACK,Kenshi Yonezu,"1,469",38.2,61627.0,7633366.0,70.0,Unknown
M.A.I,111,Milo j,"1,471",38.2,12417.0,15958224.0,76.0,Unknown
Tu hai kahan,Tu hai kahan,AUR,"1,472",38.2,16445.0,7312501.0,72.0,Unknown
Danza Kuduro - Cover,WORK OUT MUSIC MIX,WORK OUT GYM - DJ MIX,"1,478",38.1,9.0,49.0,,Unknown
Truth or Dare,TYLA,Tyla,"1,480",38.1,13407.0,30382319.0,77.0,Unknown
Just the Way You Are,Just The Way You Are,Bruno Mars,"1,477",38.1,233719.0,148404419.0,79.0,Unknown
Rasputin,Rasputin,Majestic,"1,481",38.1,152363.0,73448130.0,73.0,Unknown
Say It Right (Dance),"This Is MELON, Vol. 1 (Dance)",MELON,"1,479",38.1,560.0,10301672.0,30.0,Unknown
If the World Was Ending - feat. Julia Michaels,If the World Was Ending (feat. Julia Michaels),JP Saxe,"1,483",38.1,134427.0,81562006.0,69.0,Unknown
"How Far I'll Go - From ""Moana""","How Far I'll Go (From ""Moana"")",Alessia Cara,"1,476",38.1,49852.0,13088456.0,58.0,Unknown
ýýýýýýýýýýýý,Bibbidiba - Single,Hoshimachi Suisei,"1,482",38.1,1754.0,3985309.0,70.0,Unknown
Heartless,Heartless,The Weeknd,"1,486",38.0,137196.0,28066964.0,73.0,Unknown
Upa Cavalinho,"Galinha Pintadinha, Vol. 4",Galinha Pintadinha,"1,485",38.0,1140.0,407642.0,49.0,Unknown
Show Time,Show Time,SUPER JUNIOR,"1,491",38.0,31.0,2988530.0,39.0,Unknown
Mirrors,Songs For The Philippines,Justin Timberlake,"1,487",38.0,168622.0,53352470.0,74.0,Unknown
we fell in love in october,we fell in love in october / October Passed Me By,girl in red,"1,490",38.0,201381.0,54919566.0,77.0,Unknown
Sorry Not Sorry,Sorry Not Sorry,Demi Lovato,"1,489",38.0,78398.0,28404966.0,67.0,Unknown
X ESO BB,X ESO BB,Jere Klein,"1,484",38.0,18514.0,4998854.0,66.0,Unknown
Where Did You Go? (feat. MNEK),Where Did You Go?,Jax Jones,"1,488",38.0,65208.0,36265310.0,70.0,Unknown
The Lazy Song,Doo-Wops & Hooligans,Bruno Mars,"1,496",37.9,151801.0,51937840.0,72.0,Unknown
Sex Sounds,True 2 Myself,Lil Tjay,"1,495",37.9,110016.0,7011141.0,69.0,Unknown
Despuï¿½ï¿½s de la P,Un Verano Sin Ti,Bad Bunny,"1,493",37.9,67763.0,20306682.0,71.0,Unknown
Asiwaju,Asiwaju,Ruger,"1,498",37.9,34390.0,4480387.0,18.0,Unknown
Sticky,"Honestly, Nevermind",Drake,"1,492",37.9,83779.0,16621189.0,66.0,Unknown
Mahiye Jinna Sohna Slowed + Reverb,Mahiye Jinna Sohna Lofi Remix,Darshan Raval,"1,502",37.9,311.0,174474.0,35.0,Unknown
hey! hey!,hey! hey! - Single,TWS,"1,499",37.9,109.0,3531295.0,,Unknown
Centuries,Centuries,Fall Out Boy,"1,501",37.9,180715.0,48698123.0,75.0,Unknown
What Makes You Beautiful,Up All Night,One Direction,"1,494",37.9,175809.0,81950675.0,80.0,Unknown
Sweetest Pie,Sweetest Pie - Single,Megan Thee Stallion,"1,500",37.9,50913.0,44666984.0,64.0,Unknown
Reggaetï¿½ï¿½n Lento (Baile,Primera Cita,CNCO,"1,497",37.9,65613.0,22623077.0,67.0,Unknown
GMFU (w/ 6arelyhuman),GMFU (w/ 6arelyhuman),Odetari,"1,503",37.8,31285.0,5660364.0,72.0,Unknown
SKITZO,UTOPIA,Travis Scott,"1,513",37.8,49313.0,5181004.0,66.0,Unknown
Friendly Fire,Friendly Fire,Linkin Park,"1,505",37.8,4232.0,10396816.0,8.0,Unknown
Niï¿½ï¿½a Bo,Niï¿½ï¿½a Bo,Feid,"1,508",37.8,39503.0,20043997.0,61.0,Unknown
SkeeYee,Hood Hottest Princess,Sexyy Red,"1,510",37.8,24566.0,8733511.0,67.0,Unknown
The Git Up,The Git Up,Blanco Brown,"1,506",37.8,70080.0,10444758.0,61.0,Unknown
Beautiful Crazy,Beautiful Crazy,Luke Combs,"1,511",37.8,83834.0,17064586.0,77.0,Unknown
"Annihilate (Spider-Man: Across the Spider-Verse) (Metro Boomin & Swae Lee, Lil Wayne, Offset)",METRO BOOMIN PRESENTS SPIDER-MAN: ACROSS THE SPIDER-VERSE (SOUNDTRACK FROM AND INSPIRED BY THE MOTION PICTURE),Metro Boomin,"1,504",37.8,53777.0,10893828.0,69.0,Unknown
Lover,Lover,Taylor Swift,"1,507",37.8,104435.0,94697921.0,81.0,Unknown
Midas Touch,Midas Touch,KISS OF LIFE,"1,512",37.8,2846.0,15707891.0,75.0,Unknown
Follow You,Follow You / Cutthroat,Imagine Dragons,"1,514",37.8,69959.0,8523570.0,65.0,Unknown
ýýýýýýýýýýýýýýýýýýýýýýýý,ýýýýýýýýýýýýýýýýýýýýýýýý - Single,Ptrp Studio,"1,515",37.8,3136.0,395560.0,45.0,Unknown
Por las Noches,Por las Noches,Peso Pluma,"1,509",37.8,34793.0,10847105.0,43.0,Unknown
Body Like A Back Road,Body Like A Back Road,Sam Hunt,"1,520",37.7,78015.0,21590960.0,66.0,Unknown
Best Part (feat. H.E.R.),Freudian,Daniel Caesar,"1,516",37.7,183645.0,51977530.0,79.0,Unknown
Melhor Vibe,Melhor Vibe,MC Ryan SP,"1,519",37.7,2886.0,19563551.0,73.0,Unknown
ýýýýýýýýýýýýýýýýýýýýýýýýýýýýýý,ýýýýýýýýýýýýýýýýýýýýý ýýýýýýýýýýýýýýýýýýýýý ýýýýýýýýýýýýýýýýýýýýý,ýýýýýýýýýýýýýýýýýýýýý ýýýýýýýýýýýýýýýýýýýýý,"1,522",37.7,14.0,138.0,,Unknown
Cake By The Ocean - Cover,Western music that excites driving,LOVE BGM JPN,"1,521",37.7,,,,Unknown
Set Fire to the Rain,More Music 2011,Adele,"1,518",37.7,186319.0,52679491.0,77.0,Unknown
Worth It,Reflection (Japan Deluxe Edition),Fifth Harmony,"1,517",37.7,94852.0,36133465.0,67.0,Unknown
Malvadï¿½ï¿,Malvadï¿½ï¿,Xamï¿,"1,527",37.6,37002.0,6997751.0,56.0,Unknown
2 Be Loved (Am I Ready),Special,Lizzo,"1,525",37.6,36991.0,30514705.0,62.0,Unknown
Shut Up and Dance,Full Circle: The Live Anthology,WALK THE MOON,"1,530",37.6,225204.0,121786733.0,81.0,Unknown
SugarCrash!,SugarCrash!,ElyOtto,"1,529",37.6,81556.0,11888277.0,63.0,Unknown
Sail,Back From Earth,AWOLNATION,"1,523",37.6,145349.0,25209426.0,68.0,Unknown
Solo Conmigo,"Fï¿½ï¿½rmula, Vo",Romeo Santos,"1,526",37.6,9262.0,7078618.0,65.0,Unknown
See You Again (feat. Charlie Puth),Furious 7: Original Motion Picture Soundtrack,Wiz Khalifa,"1,528",37.6,75665.0,19726243.0,55.0,"soft pop, rap, pop"
Paint The Town Red,NOW That's What I Call Music! 116,Doja Cat,"1,524",37.6,4.0,225.0,,"trap, hip hop, pop"
Dial Drunk (with Post Malone),Dial Drunk (with Post Malone),Noah Kahan,"1,533",37.5,37445.0,15016410.0,79.0,Unknown
Danza Kuduro - Cover,ýýýýýý ýýýýýýýýýýýý ýýýýýýýýýýýýýýýýýý - ýýýýýý&ýýýýýý POPS ýýýýýýýýýýýýýýýýýýýýý ýýýýýýýýýýýýýýý -,MUSIC LAB JPN,"1,724",37.5,1.0,3.0,,"latin, reggaeton, pop, dance"
Danza Kuduro - Cover,ýýýýýý ýýýýýýýýýýýý ýýýýýýýýýýýýýýýýýý - ýýýýýý&ýýýýýý POPS ýýýýýýýýýýýýýýýýýýýýý ýýýýýýýýýýýýýýý -,MUSIC LAB JPN,"1,724",37.5,1.0,3.0,,"latin, reggaeton, pop"
Danza Kuduro - Cover,ýýýýýý ýýýýýýýýýýýý ýýýýýýýýýýýýýýýýýý - ýýýýýý&ýýýýýý POPS ýýýýýýýýýýýýýýýýýýýýý ýýýýýýýýýýýýýýý -,MUSIC LAB JPN,"1,724",37.5,1.0,3.0,,"pop, latin, reggaeton, dance"
Danza Kuduro - Cover,ýýýýýý ýýýýýýýýýýýý ýýýýýýýýýýýýýýýýýý - ýýýýýý&ýýýýýý POPS ýýýýýýýýýýýýýýýýýýýýý ýýýýýýýýýýýýýýý -,MUSIC LAB JPN,"1,724",37.5,1.0,3.0,,"latin, reggaeton, dancehall"
Danza Kuduro - Cover,ýýýýýý ýýýýýýýýýýýý ýýýýýýýýýýýýýýýýýý - ýýýýýý&ýýýýýý POPS ýýýýýýýýýýýýýýýýýýýýý ýýýýýýýýýýýýýýý -,MUSIC LAB JPN,"1,724",37.5,1.0,3.0,,"pop, latin, reggaeton, dance"
Piscina,Piscina,Maria Becerra,"1,532",37.5,7972.0,12644546.0,6.0,Unknown
Bandit (with YoungBoy Never Broke Again),Death Race For Love (Bonus Track Version),Juice WRLD,"1,538",37.5,178435.0,28731824.0,67.0,Unknown
this is what falling in love feels like,this is what falling in love feels like (Ramengvrl Remix),JVKE,"1,531",37.5,108333.0,12027452.0,72.0,Unknown
Galway Girl,ýý (Deluxe),Ed Sheeran,"1,535",37.5,121737.0,38983968.0,72.0,Unknown
Firework,Teenage Dream,Katy Perry,"1,534",37.5,164650.0,60511467.0,67.0,Unknown
Danza Kuduro - Cover,Let's Workout - Best Pop Hits -,WORK OUT GYM - DJ MIX,"1,536",37.5,5.0,36.0,,Unknown
wait in the truck (feat. Lainey Wilson),wait in the truck - Single,HARDY,"1,537",37.5,24922.0,3869411.0,63.0,Unknown
No Es por Acï¿,No Es por Acï¿½ï¿½ - Si,Carin Leon,"1,543",37.4,17727.0,7678049.0,51.0,Unknown
Funny Song,"Vintage Oddities, Vol. 4",Cavendish Music,"1,539",37.4,3514.0,462009.0,39.0,Unknown
Adventure Of A Lifetime,Adventure Of A Lifetime,Coldplay,"1,546",37.4,148456.0,30840228.0,76.0,Unknown
Nice For What,Nice For What,Drake,"1,544",37.4,192868.0,46195383.0,72.0,Unknown
Us Vs Them,Us Vs. Them,$uicideboy$,"1,545",37.4,7604.0,6627187.0,,Unknown
Vaaste,Vaaste,Dhvani Bhanushali,"1,540",37.4,13291.0,2873906.0,60.0,Unknown
FALTA DE QUï¿½,FALTA DE QUï¿½,Luan Pereira,"1,541",37.4,1557.0,41022920.0,77.0,Unknown
Left and Right (Feat. Jung Kook of BTS),Left and Right (Feat. Jung Kook of BTS),Charlie Puth,"1,542",37.4,59942.0,47877896.0,72.0,Unknown
Obsessed With You,Obsessed With You,Central Cee,"1,549",37.3,130841.0,9639874.0,64.0,Unknown
Bang!,Bang!,AJR,"1,550",37.3,79159.0,7658013.0,56.0,Unknown
Style (Taylor's Version),1989 (Taylor's Version),Taylor Swift,"1,551",37.3,15136.0,20309268.0,,Unknown
The Door,I've Tried Everything But Therapy (Part 1),Teddy Swims,"1,548",37.3,8444.0,40989352.0,80.0,"pop, r&b, soul"
Gato de Noche,Gato de Noche,ýýengo Flow,"1,547",37.3,59365.0,26456238.0,66.0,Unknown
Despeinada,Despeinada,Ozuna,"1,555",37.2,51117.0,16617076.0,63.0,Unknown
Runnin,SAVAGE MODE II,21 Savage,"1,556",37.2,181583.0,32640138.0,77.0,Unknown
Melting,Melting - Single,,"1,553",37.2,,,,Unknown
Hey Driver (feat. The War and Treaty),Hey Driver (feat. The War and Treaty),Zach Bryan,"1,552",37.2,30798.0,7204607.0,78.0,Unknown
REAL GANGSTA LOVE,EL ï¿½ï¿½LTIMO B,Trueno,"1,554",37.2,1732.0,118815213.0,78.0,Unknown
OKI DOKI,MAï¿½ï¿½ANA SERï¿½ï¿½ BONITO (BICHOTA,KAROL G,"1,557",37.2,13588.0,28740850.0,72.0,Unknown
Free Mind,For Broken Ears,Tems,"1,559",37.1,49453.0,8122764.0,67.0,Unknown
New Rules,Dua Lipa (Complete Edition),Dua Lipa,"1,561",37.1,158842.0,106310954.0,75.0,Unknown
favorite crime,SOUR,Olivia Rodrigo,"1,564",37.1,110900.0,40458627.0,79.0,Unknown
La Forma en Que Me Miras,La Forma en Que Me Miras,Super Yei,"1,560",37.1,85006.0,18024271.0,67.0,Unknown
When You're Gone,When You're Gone,Shawn Mendes,"1,562",37.1,40626.0,21320097.0,71.0,Unknown
High Road (feat. Jessie Murph),High Road (feat. Jessie Murph),Koe Wetzel,"1,558",37.1,855.0,19941200.0,67.0,Unknown
Savage,Suga,Megan Thee Stallion,"1,563",37.1,63715.0,20704851.0,61.0,Unknown
Put It On Da Floor Again (feat. Cardi B),Put It On Da Floor Again (feat. Cardi B) - Single,Latto,"1,572",37.0,11423.0,20395049.0,60.0,Unknown
You Should Probably Leave,Starting Over,Chris Stapleton,"1,566",37.0,56215.0,12087656.0,77.0,Unknown
Runaway,Runaway,AURORA,"1,567",37.0,204318.0,32928246.0,70.0,Unknown
Spicy,MY WORLD - The 3rd Mini Album,aespa,"1,570",37.0,12910.0,7751540.0,63.0,Unknown
Ya Leil W Yal Ein,Ya Leil W Yal Ein,AL SHAMI,"1,574",37.0,2164.0,911622.0,,Unknown
Die For You,Starboy,The Weeknd,"1,565",37.0,185803.0,50288436.0,74.0,Unknown
Need It (feat. YoungBoy Never Broke Again),Need It,Migos,"1,569",37.0,115095.0,17047436.0,67.0,Unknown
Into You,Dangerous Woman,Ariana Grande,"1,571",37.0,112014.0,38138998.0,72.0,Unknown
Invincible,Meet The Woo 2,Pop Smoke,"1,573",37.0,173912.0,17443810.0,70.0,Unknown
Le Monde,Talk to Me (Original Soundtrack),Richard Carter,"1,568",37.0,23465.0,5042229.0,62.0,Unknown
Un Besito Mï¿½,Un Besito Mï¿½,Salastkbron,"1,581",36.9,4463.0,10235789.0,72.0,Unknown
Ya No Somos Ni Seremos,Ya No Somos Ni Seremos,Christian Nodal,"1,580",36.9,30545.0,19963782.0,76.0,Unknown
Macetando,Macetando,Ivete Sangalo,"1,575",36.9,4356.0,8794359.0,,Unknown
Stand by Me,Don't Play That Song,Ben King,"1,577",36.9,1.0,3.0,,Unknown
Goa Beach,Goa Beach,Tony Kakkar,"1,576",36.9,3507.0,1365917.0,48.0,Unknown
Sharks,Sharks,Imagine Dragons,"1,579",36.9,48772.0,11144471.0,65.0,Unknown
Teenage Dream,Teenage Dream,Stephen Dawes,"1,578",36.9,31472.0,6431843.0,64.0,Unknown
Igualito a Mi Apï¿,Pa Que Hablen,Fuerza Regida,"1,585",36.8,27766.0,12168890.0,72.0,Unknown
Thunder,Thunder,Gabry Ponte,"1,582",36.8,146088.0,68848253.0,75.0,Unknown
Thousand Miles,Thousand Miles,The Kid LAROI,"1,583",36.8,65016.0,30594262.0,65.0,Unknown
STAYING ALIVE (feat. Drake & Lil Baby),STAYING ALIVE (feat. Drake & Lil Baby) - Single,DJ Khaled,"1,586",36.8,72788.0,16063916.0,55.0,Unknown
Walk Em Down (feat. Roddy Ricch),Walk Em Down (feat. Roddy Ricch),NLE Choppa,"1,584",36.8,139124.0,21558993.0,68.0,Unknown
Khairiyat,Chhichhore,Arijit Singh,"1,587",36.8,23561.0,8550167.0,65.0,Unknown
Moves Like Jagger - Studio Recording From The Voice Performance,Hands All Over (Revised Asia Standard Version),Maroon 5,"1,598",36.7,216137.0,99533361.0,76.0,Unknown
Private Landing (feat. Justin Bieber & Future),Private Landing (feat. Justin Bieber & Future),Don Toliver,"1,599",36.7,57228.0,39892662.0,72.0,Unknown
Turn Yo Clic Up (feat. Future),Turn Yo Clic Up (feat. Future),Quavo,"1,593",36.7,32989.0,17684550.0,57.0,Unknown
Hotline Bling,Hotline Bling,Drake,"1,588",36.7,205003.0,49738762.0,72.0,Unknown
Down Below,Feed Tha Streets II,Roddy Ricch,"1,591",36.7,120605.0,10013237.0,66.0,Unknown
Chupï¿½,Chupï¿½,El Gudi,"1,597",36.7,8260.0,5602330.0,61.0,Unknown
Emiliana,Emiliana,CKay,"1,595",36.7,85051.0,6093468.0,62.0,Unknown
Sonrï¿½ï¿½ele a la ,Sonrï¿½ï¿½ele a la ,DnK,"1,590",36.7,31.0,1828.0,10.0,Unknown
Life Goes On,BE,BTS,"1,594",36.7,43805.0,25129169.0,70.0,Unknown
World Hold On - FISHER Rework,World Hold On (feat. Steve Edwards) [FISHER Rework] - Single,Bob Sinclar,"1,592",36.7,97818.0,33219102.0,62.0,Unknown
Cry,Fireworks & Rollerblades,Benson Boone,"1,589",36.7,5724.0,21375874.0,18.0,Unknown
11:00 PM,11:11,Maluma,"1,596",36.7,64741.0,26033088.0,67.0,Unknown
One Call Away,One Call Away,Charlie Puth,"1,604",36.6,74711.0,20494033.0,69.0,Unknown
Bitch Let's Do It,Richest Opp,YoungBoy Never Broke Again,"1,600",36.6,20691.0,2569902.0,60.0,Unknown
I Am Not Okay,I Am Not Okay,Jelly Roll,"1,603",36.6,63.0,11074150.0,,Unknown
Move Your Body,Move Your Body - Single,ýýwnboss,"1,606",36.6,116490.0,66103377.0,71.0,Unknown
Stay,Unapologetic (Edited Version),Rihanna,"1,607",36.6,140970.0,62521370.0,69.0,Unknown
Faucet Failure,STOKELEY,Ski Mask The Slump God,"1,601",36.6,121284.0,14959393.0,66.0,Unknown
Danza Kuduro,Vem Dancar Kuduro,Don Omar,"1,605",36.6,266408.0,90687992.0,76.0,Unknown
Suavemente,Suavemente,Soolking,"1,608",36.6,53444.0,4694099.0,59.0,Unknown
Locked Out Of Heaven,NRJ 200% Hits 2013,Bruno Mars,"1,602",36.6,277766.0,134689771.0,83.0,Unknown
Party Rock Anthem,Sorry For Party Rocking (Japan Version),LMFAO,"1,609",36.6,190770.0,55770260.0,68.0,Unknown
Jealous,Jealous,Eyedress,"1,615",36.5,170553.0,31361482.0,78.0,Unknown
"Love Me Like You Do - From ""Fifty Shades Of Grey""",Now That's What I Call Music! 91,Ellie Goulding,"1,617",36.5,238.0,104606.0,6.0,Unknown
Love Nwantiti - Remix,Love Nwantiti (Remix),Dj Yo!,"1,613",36.5,132469.0,16068014.0,66.0,Unknown
Param Param,""" PARAM PARAM """,NAMES 51,"1,618",36.5,1.0,2.0,,Unknown
Victoriaï¿½ï¿½ï¿½s ,Victoriaï¿½ï¿½ï¿½s ,Jax,"1,616",36.5,28607.0,7345512.0,62.0,Unknown
THE SCOTTS,THE SCOTTS,THE SCOTTS,"1,614",36.5,176635.0,30767602.0,68.0,Unknown
Still With You,Still With You,Jung Kook,"1,610",36.5,18003.0,4851271.0,72.0,Unknown
Daytona,Partyson,Cris Mj,"1,611",36.5,11011.0,21825739.0,77.0,Unknown
Not Afraid,Not Afraid,Eminem,"1,612",36.5,168108.0,37935827.0,74.0,Unknown
GODS,GODS,League of Legends,"1,621",36.4,22912.0,7213431.0,,Unknown
Fotos Y Recuerdos (Remasterizado 2024/30th Anniversary),Amor Prohibido (Remasterizado 2024/30th Anniversary),Selena,"1,622",36.4,13.0,74994.0,,Unknown
Bad Romance,The Fame Monster (France FNAC Version),Lady Gaga,"1,624",36.4,166904.0,87537106.0,77.0,Unknown
The Feeling,The Feeling - Single,Lost Frequencies,"1,623",36.4,22830.0,27375823.0,66.0,Unknown
Flowers,NOW That's What I Call Music! 115,Miley Cyrus,"1,625",36.4,7.0,185.0,,"soft rock, pop"
LUNA,LUNA,Peso Pluma,"1,620",36.4,21962.0,6881691.0,73.0,Unknown
i need you it's so dark,The Love Letters You Never Read,Garfy,"1,619",36.4,,,,Unknown
Just Give Me a Reason,The Truth About Love,P!nk,"1,627",36.3,145608.0,86545078.0,78.0,Unknown
UN DIA (ONE DAY) (Feat. Tainy),UN DIA (ONE DAY) (Feat. Tainy),J Balvin,"1,629",36.3,93376.0,34702149.0,64.0,Unknown
Fancy,The New Classic,Iggy Azalea,"1,630",36.3,89470.0,32447335.0,61.0,Unknown
Apocalypse,Apocalypse,Cigarettes After Sex,"1,628",36.3,259761.0,79958707.0,82.0,Unknown
Shape of You,Shape of You,xSyborg,"1,807",36.3,,,,Unknown
Murder On My Mind,Murder On My Mind,YNW Melly,"1,626",36.3,2893.0,246773.0,,Unknown
Pacas De Billetes,Pacas De Billetes,Natanael Cano,"1,634",36.2,20550.0,7148639.0,66.0,Unknown
"Villano Antillano: Bzrp Music Sessions, Vol. 51","Villano Antillano: Bzrp Music Sessions, Vol. 51 - Single",Bizarrap,"1,633",36.2,54393.0,11174340.0,65.0,Unknown
A La Antigï¿½ï¿,Vamos Bien,Calibre 50,"1,636",36.2,40685.0,20251614.0,67.0,Unknown
Castle on the Hill,Castle on the Hill,Ed Sheeran,"1,635",36.2,128114.0,42923398.0,73.0,Unknown
GENTO,Gento,SB19,"1,631",36.2,4379.0,1586804.0,58.0,Unknown
Bebe (feat. Anuel AA),Bebe (feat. Anuel AA),Ozuna,"1,632",36.2,12341.0,3017206.0,,Unknown
ýýýýýý,ýýýýýý,YOASOBI,"1,643",36.1,10799.0,2566936.0,71.0,Unknown
ýýndigo,ýýndigo - Single,Camilo,"1,637",36.1,31024.0,10428322.0,60.0,Unknown
BABY OTAKU,BABY OTAKU,Pablito Pesadilla,"1,640",36.1,31155.0,5507531.0,58.0,Unknown
Sarï¿½ï¿½ Perchï¿½ï¿,Viva Italia,Esteriore Brothers,"1,638",36.1,,,,Unknown
The Less I Know The Better,Currents,Tame Impala,"1,644",36.1,368350.0,80916788.0,79.0,Unknown
ULTRA SOLO REMIX,ULTRA SOLO Remix,Polimï¿½ï¿½ Westc,"1,641",36.1,50714.0,21161966.0,67.0,Unknown
Next Thing You Know,Next Thing You Know,Jordan Davis,"1,642",36.1,26694.0,14934201.0,71.0,Unknown
Faster n Harder,Faster n Harder,6arelyhuman,"1,639",36.1,6008.0,7286918.0,68.0,Unknown
Bongos (feat. Megan Thee Stallion),Bongos: The Pack,Cardi B,"1,647",36.0,14129.0,13224135.0,1.0,Unknown
Better Days (NEIKED x Mae Muller x Polo G),Better Days (NEIKED x Mae Muller x Polo G),NEIKED,"1,650",36.0,92690.0,46125153.0,67.0,Unknown
Cabaï¿½,Cabaï¿½,El Jordan 23,"1,646",36.0,24120.0,19728658.0,72.0,Unknown
Golden,Fine Line,Harry Styles,"1,645",36.0,117541.0,36158508.0,70.0,Unknown
Music For a Sushi Restaurant,Harry's House,Harry Styles,"1,649",36.0,54371.0,24669724.0,67.0,Unknown
HYPNOTIC DATA,XIII SORROWS,Odetari,"1,651",36.0,18238.0,3715051.0,,Unknown
Bad Feeling (Oompa Loompa),Bad Feeling (Oompa Loompa),Jagwar Twin,"1,653",36.0,10126.0,4470536.0,,Unknown
Dance The Night,Barbie The Album,Dua Lipa,"1,652",36.0,19743.0,10536844.0,67.0,Unknown
RAM TCHUM,RAM TCHUM,DENNIS,"1,648",36.0,3309.0,21702281.0,74.0,Unknown
Coal,Coal,Dylan Gossett,"1,661",35.9,40016.0,15156630.0,2.0,Unknown
RUNAWAY,RUNAWAY,KAYDEN,"1,656",35.9,1705.0,104043.0,32.0,Unknown
Habits (Stay High),Habits,Tove Lo,"1,658",35.9,144657.0,32634535.0,69.0,Unknown
Kilerito,Kilerito - Single,Brytiago,"1,654",35.9,3237.0,31871109.0,,Unknown
Houdini,Houdini - Single,Eminem,"1,655",35.9,193.0,237042.0,,"hip hop, rap"
Moonwalking in Calabasas (feat. Blueface) - Remix,Moonwalking in Calabasas Remix,DDG,"1,657",35.9,124013.0,14195159.0,61.0,Unknown
Deli,Like..? Deluxe (Apple Music Edition),Ice Spice,"1,659",35.9,30799.0,19538464.0,70.0,Unknown
Too Little Light,Some of Your Pain,koko die,"1,660",35.9,6.0,594.0,1.0,Unknown
God's Country,God's Country,Blake Shelton,"1,665",35.8,62389.0,11424665.0,62.0,Unknown
Desejo Imortal (It Must Have Been Love),Desejo Imortal (It Must Have Been Love),Gusttavo Lima,"1,666",35.8,7107.0,12749577.0,63.0,Unknown
BOA,BOA,Megan Thee Stallion,"1,663",35.8,1925.0,30906340.0,79.0,Unknown
I Don't Even Want To Know,I Don't Even Want To Know,Delifinger,"1,664",35.8,1.0,3.0,,Unknown
30 GRADOS,30 Grados,El Turko,"1,662",35.8,5098.0,8000291.0,72.0,Unknown
Relax My Eyes,Relax My Eyes,ANOTR,"1,671",35.7,85011.0,24383123.0,73.0,Unknown
Alone,Alone,Alan Walker,"1,667",35.7,98916.0,19195265.0,70.0,Unknown
Starlight,Starlight,Dave,"1,668",35.7,114589.0,7654318.0,67.0,Unknown
IDOL,Love Yourself ï¿½ï¿½ï¿½ 'A,BTS,"1,670",35.7,26775.0,16830592.0,65.0,Unknown
Soy Peor,Soy Peor,Bad Bunny,"1,672",35.7,55811.0,18606189.0,67.0,Unknown
Never Stop,Valedictorian,ian,"1,674",35.7,2138.0,9237218.0,68.0,Unknown
ýýýýýýýýýýýýýýý,ýýýýýýýýýýýýýýý,Tatsuya Kitani,"1,669",35.7,22899.0,7048784.0,69.0,Unknown
Earth Song,Earth Song - Single,Wizard Chan,"1,675",35.7,2127.0,61056.0,39.0,Unknown
GREECE (feat. Drake),GREECE (feat. Drake),DJ Khaled,"1,676",35.7,155782.0,23951058.0,63.0,Unknown
Jericho,Jericho - Single,Iniko,"1,673",35.7,46111.0,11577648.0,65.0,Unknown
someday i'll get it,someday i'll get it,Alek Olsen,"1,688",35.6,13834.0,23174342.0,,Unknown
I Fall Apart,Stoney (Deluxe),Post Malone,"1,683",35.6,181604.0,50160716.0,72.0,Unknown
Popular,Popular [From The Idol Vol. 1 (Music from the HBO Original Series)],The Weeknd,"1,682",35.6,8642.0,1440402.0,54.0,Unknown
Iced Coffee,Iced Coffee,Arthur Hill,"1,678",35.6,824.0,277122.0,40.0,Unknown
Anyone,Anyone,Justin Bieber,"1,687",35.6,86677.0,29278931.0,63.0,Unknown
Betty (Get Money),Betty (Get Money),Yung Gravy,"1,685",35.6,61547.0,12763919.0,59.0,Unknown
Paradise (feat. Dermot Kennedy),Paradise,MEDUZA,"1,679",35.6,118990.0,41567899.0,64.0,Unknown
Bel Mercy,Bel Mercy,Jengi,"1,681",35.6,70768.0,38059683.0,64.0,Unknown
The Nights,Full Circle: The Live Anthology,Avicii,"1,680",35.6,306987.0,80839124.0,79.0,Unknown
Run,Run,OneRepublic,"1,684",35.6,80089.0,40942274.0,70.0,Unknown
Bad Habit,Gemini Rights,Steve Lacy,"1,686",35.6,2735.0,1047977.0,45.0,"r&b, funk, indie r&b, soul"
Hate Me (with Juice WRLD),Hate Me (with Juice WRLD),Ellie Goulding,"1,677",35.6,127019.0,21769100.0,66.0,Unknown
Wellerman - Sea Shanty / 220 KID x Billen Ted Remix,Wellerman (220 KID x Billen Ted Remix),Nathan Evans,"1,691",35.5,114482.0,30042982.0,63.0,Unknown
Mi Cuarto,DI LETRA,Jerry Di,"1,694",35.5,56978.0,13109496.0,63.0,Unknown
Commas,Commas,Ayra Starr,"1,689",35.5,6447.0,15113118.0,76.0,Unknown
Dial Drunk,Stick Season (We'll All Be Here Forever),Noah Kahan,"1,690",35.5,23162.0,10693382.0,67.0,Unknown
Angels Like You,Plastic Hearts,Miley Cyrus,"1,697",35.5,89447.0,36703975.0,77.0,Unknown
Dime Cï¿½ï¿½mo Qui,Dime Cï¿½ï¿½mo Qui,Christian Nodal,"1,692",35.5,25570.0,7968718.0,65.0,Unknown
Without Me,Suicide Squad: The Album (Collector's Edition),Eminem,"1,696",35.5,7361.0,1065772.0,,Unknown
Call It Love,Call It Love,Felix Jaehn,"1,693",35.5,49454.0,65339595.0,73.0,Unknown
Rodeo (Remix),Rodeo (Remix) - Single,Lah Pat,"1,695",35.5,26131.0,10508416.0,72.0,Unknown
Head Down,All Stand Together,Lost Frequencies,"1,698",35.5,8222.0,25527895.0,,Unknown
Vete,Vete,Bad Bunny,"1,702",35.4,101177.0,25041872.0,64.0,Unknown
What If,What If,Johnny Orlando,"1,707",35.4,33551.0,4047671.0,57.0,Unknown
TRUCK BED,TRUCK BED,HARDY,"1,699",35.4,25411.0,8624258.0,73.0,Unknown
Chosen (feat. Ty Dolla $ign),No Love Lost (Deluxe),Blxst,"1,705",35.4,124791.0,11642222.0,64.0,Unknown
Que Tire Pa Lante,Que Tire Pa Lante,Daddy Yankee,"1,700",35.4,43389.0,18068383.0,59.0,Unknown
Where the Wild Things Are,Gettin' Old,Luke Combs,"1,701",35.4,23954.0,22829582.0,80.0,Unknown
Jaldi Chhoda Ghare Bullet Se,Jaldi Chhoda Ghare Bullet Se,Vinay Pandey Sanu,"1,703",35.4,3.0,10.0,6.0,Unknown
REINA,ESTRELLA,Mora,"1,706",35.4,34204.0,17653536.0,,Unknown
ANTIFRAGILE,ANTIFRAGILE,LE SSERAFIM,"1,704",35.4,29686.0,8500191.0,70.0,Unknown
This Girl (Kungs Vs. Cookin' On 3 Burners),This Girl (Kungs Vs. Cookin' On 3 Burners),Kungs,"1,719",35.3,193004.0,76999574.0,75.0,Unknown
Dreaming,Dreaming,Marshmello,"1,716",35.3,8420.0,9908087.0,,Unknown
Own Brand Freestyle,Own Brand Freestyle,FelixThe1st,"1,718",35.3,39905.0,6175231.0,52.0,Unknown
Pussy & Millions (feat. Travis Scott),Her Loss,Drake,"1,712",35.3,90842.0,21454523.0,67.0,Unknown
Sent Gamkauwa,Sent Gamkauwa,Shivani Singh,"1,717",35.3,487.0,282647.0,62.0,Unknown
Bulletproof,Bulletproof,Nate Smith,"1,710",35.3,3617.0,14360509.0,,Unknown
I Hope,I Hope,Gabby Barrett,"1,714",35.3,50441.0,13504790.0,66.0,Unknown
"...And to Those I Love, Thanks for Sticking Around",STOP STARING AT THE SHADOWS,$uicideboy$,"1,709",35.3,167727.0,15198984.0,73.0,Unknown
Bite Me,DARK BLOOD,ENHYPEN,"1,713",35.3,17657.0,7369849.0,73.0,Unknown
Promises (with Sam Smith),Promises (with Sam Smith),Calvin Harris,"1,711",35.3,125480.0,39427143.0,69.0,Unknown
Cover Me In Sunshine,Cover Me In Sunshine,P!nk,"1,715",35.3,90145.0,20519485.0,64.0,Unknown
Outside (feat. Ellie Goulding),Full Circle: The Live Anthology,Calvin Harris,"1,708",35.3,167396.0,68560436.0,79.0,Unknown
Bamba (feat. Aitch & BIA),Bamba (feat. Aitch & BIA),Luciano,"1,723",35.2,82200.0,8134899.0,62.0,Unknown
Sin Querer,Sin Querer - Single,Fer Vazquez,"1,720",35.2,4000.0,10260168.0,67.0,Unknown
Filhall 2,Filhall 2,B Praak,"1,721",35.2,2.0,18.0,,Unknown
TOMBOY,I NEVER DIE,(G)I-DLE,"1,724",35.2,26565.0,10803270.0,67.0,Unknown
Everything I Love,3 Songs At A Time Sampler,Morgan Wallen,"1,722",35.2,32550.0,3744217.0,68.0,Unknown
ýýýýýýýýýýýýýýýýýý ýýýýýý ýýýýýý ýýýýýýýýýýýýýýýýýý,ýýýýýýýýýýýýýýýýýý ýýýýýý ýýýýýý ýýýýýýýýýýýýýýýýýý,Md Faisal Ahmed,"1,731",35.1,,,,Unknown
Butta My Bread,Butta My Bread - Single (feat. Lasmid) - Single,JZyNo,"1,729",35.1,23723.0,2774325.0,60.0,Unknown
Barking,Barking,Ramz,"1,726",35.1,137084.0,10305963.0,62.0,Unknown
One Of Them Girls,One Of Them Girls,Lee Brice,"1,728",35.1,51259.0,13516221.0,67.0,Unknown
INFERNO,INFERNO,Sub Urban,"1,730",35.1,44552.0,8372930.0,60.0,Unknown
Hold On,Hold On,Chord Overstreet,"1,725",35.1,122390.0,28205829.0,73.0,Unknown
Bipolar,Bipolar,Mc Davi,"1,727",35.1,32650.0,7030076.0,52.0,Unknown
bury a friend,bury a friend,Billie Eilish,"1,739",35.0,114243.0,30570088.0,68.0,Unknown
Time Slowly Slippin',Reflections,LAZA,"1,736",35.0,5.0,367.0,,Unknown
"Alone, Pt. II","Alone, Pt. II",Alan Walker,"1,740",35.0,81259.0,19361013.0,69.0,Unknown
El Tsurito,El Tsurito,Junior H,"1,741",35.0,24070.0,9835143.0,69.0,Unknown
GOOD LOYAL THOTS,GOOD LOYAL THOTS,Odetari,"1,734",35.0,36832.0,6604256.0,71.0,Unknown
No Me Acuerdo,No Me Acuerdo,Thalia,"1,733",35.0,32622.0,11307517.0,60.0,Unknown
Abcdario,Abcdario,Eden Muï¿½ï,"1,738",35.0,19709.0,8079760.0,72.0,Unknown
Freestyle,Too Hard,Lil Baby,"1,735",35.0,169855.0,37807345.0,75.0,Unknown
Una Locura,ENOC,Ozuna,"1,732",35.0,77768.0,24701564.0,66.0,Unknown
double take,double take,Dhruv,"1,737",35.0,106975.0,21112809.0,76.0,Unknown
Trip,Trip,Ella Mai,"1,747",34.9,69350.0,20445990.0,66.0,Unknown
Ni Una Ni Dos,Ni Una Ni Dos,BM,"1,743",34.9,17771.0,7444560.0,65.0,Unknown
Un Desperdicio,Un Desperdicio,Rels B,"1,750",34.9,3045.0,44211129.0,78.0,Unknown
El Boss,El Boss,Gabito Ballesteros,"1,746",34.9,3580.0,30332860.0,84.0,Unknown
La Corriente,Un Verano Sin Ti,Bad Bunny,"1,745",34.9,65115.0,16254572.0,71.0,Unknown
POLARIS - Remix,POLARIS (Remix),SAIKO,"1,749",34.9,44094.0,17083557.0,69.0,Unknown
Love Tonight - David Guetta Remix Edit,Love Tonight (David Guetta Remix),Shouse,"1,748",34.9,160789.0,40271009.0,72.0,Unknown
5 Foot 9,5 Foot 9,Tyler Hubbard,"1,742",34.9,27754.0,13141220.0,65.0,Unknown
Mejor Que Ayer,Mejor Que Ayer - Single,Diego Torres,"1,744",34.9,5046.0,2986473.0,,Unknown
Lalala,Lalala - Single,ati2x06,"1,751",34.8,1.0,124.0,,Unknown
Broadway Girls (feat. Morgan Wallen),Broadway Girls (feat. Morgan Wallen),Lil Durk,"1,758",34.8,66276.0,8339705.0,72.0,Unknown
Se Te Nota (with Guaynaa),Se Te Nota (with Guaynaa),Lele Pons,"1,756",34.8,52166.0,18095179.0,62.0,Unknown
Ameno Amapiano Remix (You Wanna Bamba),Ameno Amapiano Remix - Single,Goya Menor,"1,759",34.8,26772.0,2001961.0,51.0,Unknown
Canon and Gigue for Three Violins and Continuo in D Major: Canon,"The Academy in Concert. Albinoni: Adagio - Pachelbel: Canon - Bach: Air & Music By Beethoven, Handel, Mendelssohn, Mozart",Sir Neville Marriner,"1,752",34.8,4.0,188.0,,Unknown
See You Dance (Extended Mix),See You Dance (Extended Mix) - Single,DJ Meetch,"1,760",34.8,1.0,137.0,4.0,Unknown
Cake By The Ocean - Cover,Tik Toker Party Hits,MUSIC LAB JPN,"1,753",34.8,,,,Unknown
MAMACITA,Mamacita,Black Eyed Peas,"1,755",34.8,84301.0,21657743.0,58.0,Unknown
I Took A Pill In Ibiza - Seeb Remix,I Took A Pill In Ibiza (Seeb Remix),Mike Posner,"1,757",34.8,230708.0,75554079.0,76.0,Unknown
No Fuss,Take Me Alive,Zeme Libre,"1,754",34.8,5.0,1470.0,,Unknown
El Efecto,El Efecto,Rauw Alejandro,"1,766",34.7,72991.0,32213511.0,72.0,Unknown
What Lovers Do (feat. SZA),What Lovers Do (feat. SZA),Maroon 5,"1,763",34.7,92624.0,27086243.0,68.0,Unknown
Dream Girl,Dream Girl,Izellah,"1,762",34.7,48.0,19503.0,30.0,Unknown
Zona De Perigo,Zona De Perigo,Leo Santana,"1,764",34.7,18476.0,8152728.0,61.0,Unknown
Crazy Form,THE WORLD EP.FIN : WILL,ATEEZ,"1,765",34.7,5454.0,5075458.0,,Unknown
Kehribar,Kehribar - Single,Burak Bulut,"1,761",34.7,7062.0,5463250.0,67.0,Unknown
SAY MY GRACE (feat. Travis Scott),SET IT OFF,Offset,"1,770",34.6,37413.0,40394035.0,,Unknown
Drugs From Amsterdam,Drugs From Amsterdam,Mau P,"1,776",34.6,97012.0,41938004.0,68.0,Unknown
M.A - Remix,M.A (Remix),BM,"1,768",34.6,23659.0,5505641.0,61.0,Unknown
BBY BOO (REMIX),BBY BOO (REMIX),iZaak,"1,771",34.6,9510.0,54471531.0,80.0,Unknown
What My World Spins Around,What My World Spins Around,Jordan Davis,"1,769",34.6,23133.0,12193936.0,71.0,Unknown
HOLIDAY,HOLIDAY,Lil Nas X,"1,774",34.6,101852.0,11132603.0,61.0,Unknown
Beautiful People (feat. Khalid),Beautiful People (feat. Khalid),Ed Sheeran,"1,775",34.6,119546.0,43578048.0,66.0,Unknown
Son Of A Sinner,Ballads Of The Broken,Jelly Roll,"1,773",34.6,32091.0,3315491.0,70.0,Unknown
On My Grind,Block Music,OG Eat,"1,767",34.6,,,,Unknown
Animals,Full Circle: The Live Anthology,Maroon 5,"1,772",34.6,183681.0,46890920.0,74.0,Unknown
Kurchi Madathapetti,"Kurchi Madathapetti (From ""Guntur Kaaram"") - Single",Thaman S,"1,777",34.6,1397.0,2069274.0,,Unknown
DNA,Love Yourself ï¿½ï¿½ï¿½,BTS,"1,778",34.5,26053.0,8457280.0,63.0,Unknown
EXCESOS,Pa las Baby's Y Belikeada,Fuerza Regida,"1,785",34.5,11244.0,6732068.0,,Unknown
VVV,VVV,mikeeysmind,"1,782",34.5,18865.0,2295894.0,,Unknown
EL BARCO,EL BARCO,KAROL G,"1,780",34.5,21517.0,8048081.0,72.0,Unknown
Ahora Dice,Ahora Dice,Chris Jedi,"1,779",34.5,61561.0,20760337.0,68.0,Unknown
Breakfast Challenge Song (Slowly),Breakfast Challenge Song (Slowly),SPENCE,"1,781",34.5,374.0,206771.0,14.0,Unknown
Heaven,Heaven,Niall Horan,"1,784",34.5,29447.0,13951617.0,68.0,Unknown
Fingers Crossed,Fingers Crossed,Lauren Spencer Smith,"1,783",34.5,71202.0,18194896.0,67.0,Unknown
This Side of Paradise,Color,Coyote Theory,"1,789",34.4,121767.0,25106201.0,72.0,Unknown
Pipoco,Pipoco,Ana Castela,"1,794",34.4,27066.0,8621319.0,60.0,Unknown
Don't Go Yet,Don't Go Yet,Camila Cabello,"1,791",34.4,64967.0,25228814.0,62.0,Unknown
My Baby,My Baby,Diamond Platnumz,"1,787",34.4,757.0,61488.0,30.0,Unknown
DNA (Loving You) [feat. Hannah Boleyn],DNA (Loving You) [feat. Hannah Boleyn] - Single,Billy Gillies,"1,792",34.4,15522.0,22597896.0,68.0,Unknown
The Magic Bomb,The Magic Bomb,Hoï¿½ï¿½ng ,"1,788",34.4,2333.0,240248.0,31.0,Unknown
How Far I'll Go,Moana (Original Motion Picture Soundtrack/Deluxe Edition),Auli'i Cravalho,"1,793",34.4,48476.0,19235449.0,67.0,Unknown
Paani Paani,Paani Paani,Badshah,"1,790",34.4,9126.0,3802888.0,54.0,Unknown
Static,Gemini Rights,Steve Lacy,"1,786",34.4,69159.0,17570340.0,72.0,Unknown
Through Da Storm,Die A Legend,Polo G,"1,800",34.3,105025.0,7074555.0,64.0,Unknown
Sabran,Sabran,AL SHAMI,"1,801",34.3,613.0,980583.0,,Unknown
Komet,Komet,Udo Lindenberg,"1,796",34.3,47584.0,5249832.0,68.0,Unknown
In the End,Hybrid Theory (Bonus Track Version),Linkin Park,"1,803",34.3,324745.0,99290558.0,82.0,"nu metal, rap metal, rock, alternative metal"
La Bicicleta,La Bicicleta,Carlos Vives,"1,802",34.3,60309.0,20351309.0,69.0,Unknown
Hecha Pa' Mi,Mas Negro Que Rojo,Boza,"1,797",34.3,87091.0,25572110.0,67.0,Unknown
SPIT IN MY FACE!,Spit in My Face! - Single,ThxSoMch,"1,798",34.3,50163.0,5857724.0,,Unknown
Caramelo,Caramelo,Ozuna,"1,795",34.3,68478.0,20213678.0,56.0,Unknown
Calling My Spirit,Calling My Spirit,Kodak Black,"1,799",34.3,69136.0,7558306.0,59.0,Unknown
Virtual Angel,<Dall>,ARTMS,"1,810",34.2,241.0,4606660.0,,Unknown
Everybody Dies In Their Nightmares,17,XXXTENTACION,"1,812",34.2,203764.0,34418293.0,77.0,Unknown
Maria Mariah,Maria Mariah,JC NO BEAT,"1,811",34.2,12453.0,3161785.0,32.0,Unknown
"Shaitan Ka Saala (From ""Housefull 4"")","Shaitan Ka Saala (From ""Housefull 4"")",Sohail Sen,"1,805",34.2,3782.0,1470547.0,44.0,Unknown
Fï¿½ï¿½S,Fï¿½ï¿½S,Britney Manson,"1,808",34.2,20909.0,5720836.0,36.0,Unknown
Danza Kuduro (feat. Lucenzo),100% tubes de l'ï¿½ï¿½tï¿½ï¿½ 2018 : La bande son 100,Don Omar,"1,809",34.2,1108.0,64350.0,40.0,Unknown
Spokojnie,Ninja,HOT DONUTS,"1,807",34.2,1.0,17.0,,Unknown
Me Niego (feat. Ozuna & Wisin),Me Niego,Reik,"1,814",34.2,58098.0,19508090.0,66.0,Unknown
"Sheï¿½ï¿½ï¿½s Gone, Da","Sheï¿½ï¿½ï¿½s Gone, Da",Disclosure,"1,813",34.2,2000.0,61759962.0,,Unknown
ýýýýýýýýýýýýýýýýýýýýýýýýýýýýýý,ýýýýýýýýýýýýýýýýýýýýýýýýýýýýýý,Parkmalody,"1,804",34.2,1737.0,402173.0,,Unknown
Ma Fi Leil,Ma Fi Leil,Nassif Zeytoun,"1,806",34.2,195.0,741333.0,,Unknown
NEON BLADE,NEON BLADE,MoonDeity,"1,821",34.1,60620.0,23882871.0,68.0,Unknown
Ho Hey,The Lumineers,The Lumineers,"1,818",34.1,214511.0,64606098.0,76.0,Unknown
Corrido de Juan Armenta,Los Temas de Mis Pelï¿½ï¿½c,Vicente Fernï¿½ï¿½,"1,816",34.1,3.0,138.0,,Unknown
Frozen,Frozen,Madonna,"1,817",34.1,62420.0,13385720.0,62.0,Unknown
Mahiye Jinna Sohna,Mahiye Jinna Sohna,Darshan Raval,"1,823",34.1,14238.0,8924766.0,66.0,Unknown
Pain,Pain,PinkPantheress,"1,819",34.1,124555.0,17910647.0,77.0,Unknown
T.B.H,1st Mini Album 'MANITO',QWER,"1,822",34.1,569.0,2440321.0,59.0,Unknown
Arms Around You (feat. Maluma & Swae Lee),Arms Around You (feat. Maluma & Swae Lee),XXXTENTACION,"1,815",34.1,88533.0,17023029.0,65.0,Unknown
Titliaan,Titliaan,Afsana Khan,"1,820",34.1,7617.0,1238881.0,54.0,Unknown
Save Your Tears,After Hours (Deluxe),The Weeknd,"1,827",34.0,8264.0,1155540.0,49.0,"r&b, synth-pop, pop"
Padam Padam,Padam Padam,Kylie Minogue,"1,826",34.0,27586.0,18160338.0,43.0,Unknown
Pacto (feat. Bryant Myers & Dei V) - Remix,Pacto (Remix) [feat. Bryant Myers & Dei V],Jay Wheeler,"1,829",34.0,23871.0,11484313.0,64.0,Unknown
Finesse,Finesse,Pheelz,"1,830",34.0,67124.0,8539093.0,62.0,Unknown
Bad Blood,1989 (Deluxe),Taylor Swift,"1,834",34.0,64462.0,20443761.0,67.0,Unknown
SNAP,SNAP - Single,Rosa Linn,"1,828",34.0,53249.0,27556242.0,1.0,Unknown
La Intenciï¿½,La Intenciï¿½,Christian Nodal,"1,831",34.0,5866.0,19272195.0,,Unknown
Crazy What Love Can Do,Only Honest On The Weekend (Deluxe),David Guetta,"1,825",34.0,69527.0,53951706.0,69.0,Unknown
Man Made A Bar (feat. Eric Church),One Thing At A Time,Morgan Wallen,"1,824",34.0,21001.0,6637673.0,75.0,Unknown
Volvï¿,Volvï¿½ï¿½ - Si,Aventura,"1,833",34.0,107320.0,35444438.0,72.0,Unknown
Bijlee Bijlee,Bijlee Bijlee - Single,Harrdy Sandhu,"1,832",34.0,20169.0,4249749.0,62.0,Unknown
Super,ýýýýýýýýý ýýýýýý10ýýý 'FML' - EP,SEVENTEEN,"1,839",33.9,14690.0,8191208.0,67.0,Unknown
Diamonds,Diamonds,Sam Smith,"1,835",33.9,53928.0,10287976.0,58.0,Unknown
Do I Wanna Know?,AM,Arctic Monkeys,"1,837",33.9,361827.0,91030520.0,81.0,Unknown
Self Love (Spider-Man: Across the Spider-Verse),METRO BOOMIN PRESENTS SPIDER-MAN: ACROSS THE SPIDER-VERSE (SOUNDTRACK FROM AND INSPIRED BY THE MOTION PICTURE),Metro Boomin,"1,838",33.9,40836.0,5604951.0,68.0,Unknown
It's Not Right But It's Okay,It's Not Right (But It's Ok),Mr. Belt & Wezol,"1,841",33.9,9047.0,82301244.0,78.0,Unknown
Sweet Dreams,Sweet Dreams,Koe Wetzel,"1,836",33.9,2016.0,9370898.0,75.0,Unknown
Mittelmeer,Mittelmeer,Pashanim,"1,840",33.9,3159.0,12002200.0,76.0,Unknown
Another Love,Songs from Another Love,Tom Odell,"1,842",33.9,380675.0,168483196.0,83.0,Unknown
Djadja,Djadja,Aya Nakamura,"1,849",33.8,100823.0,11604346.0,65.0,Unknown
LOOK DONï¿½ï¿½ï¿½T TOUCH (feat. cade ,LOOK DONï¿½ï¿½ï¿½T TOUCH (feat. cade ,Odetari,"1,848",33.8,29450.0,3853996.0,69.0,Unknown
We Are The People - southstar Remix,We Are The People (Southstar Remix),Empire Of The Sun,"1,847",33.8,46791.0,23537698.0,66.0,Unknown
"Body (Remix) [feat. ArrDee, E1 (3x3), ZT (3x3), Bugzy Malone, Buni, Fivio Foreign & Darkoo]","Body (Remix) [feat. ArrDee, E1 (3x3), ZT (3x3), Bugzy Malone, Buni, Fivio Foreign & Darkoo]",Tion Wayne,"1,845",33.8,127068.0,10900641.0,59.0,Unknown
Piyar Farak Wali,Piyar Farak Wali,Pawan Singh,"1,846",33.8,681.0,196547.0,60.0,Unknown
Timber (feat. Ke$ha),Greatest Hits,Pitbull,"1,850",33.8,241550.0,126126362.0,79.0,Unknown
Little Life,Little Life,Cordelia,"1,844",33.8,5294.0,5121873.0,,Unknown
LOVE YOU BETTER,I NEVER LIKED YOU,Future,"1,843",33.8,37150.0,4216777.0,63.0,Unknown
Woah,Woah,Lil Baby,"1,851",33.8,104460.0,14977024.0,60.0,Unknown
As If It's Your Last,As If It's Your Last,BLACKPINK,"1,858",33.7,39525.0,11903640.0,70.0,Unknown
679 (feat. Remy Boyz),679 (feat. Remy Boyz),Fetty Wap,"1,863",33.7,130977.0,25603956.0,71.0,Unknown
DE LUNES A LUNES,DE LUNES A LUNES - Single,Manuel Turizo,"1,856",33.7,12797.0,13650757.0,73.0,Unknown
Whistle,Whistle (feat. Calum Scott),Jax Jones,"1,859",33.7,24147.0,33879427.0,68.0,Unknown
Look At Me!,Look At Me!,XXXTENTACION,"1,864",33.7,178342.0,32522476.0,75.0,Unknown
Thang For You (feat. No Cap),Thang For You (feat. No Cap),Rylo Rodriguez,"1,860",33.7,14562.0,6350457.0,54.0,Unknown
Before You Leave Me,Before You Leave Me,Alex Warren,"1,854",33.7,9128.0,36536793.0,78.0,Unknown
2Humpy is Back,2Humpy is Back,2Rare,"1,861",33.7,71.0,576253.0,,Unknown
XO Tour Llif3,Luv Is Rage 2,Lil Uzi Vert,"1,855",33.7,250221.0,69341164.0,77.0,melodic rap
"break up with your girlfriend, i'm bored","thank u, next",Ariana Grande,"1,857",33.7,82431.0,31929703.0,69.0,Unknown
la noia,La noia,Angelina Mango,"1,853",33.7,4777.0,7822812.0,80.0,Unknown
Nothing Breaks Like a Heart (feat. Miley Cyrus),Nothing Breaks Like a Heart (feat. Miley Cyrus),Mark Ronson,"1,852",33.7,129847.0,59476416.0,68.0,Unknown
TUS Lï¿½ï¿½GR,Microdosis,Mora,"1,862",33.7,42133.0,12601998.0,64.0,Unknown
The EPA Song,Make It Myself,Ants on a Log,"1,876",33.6,3.0,56.0,,Unknown
La solution,Voodoo belge,Marka,"1,871",33.6,3.0,226.0,,Unknown
Pump,Pump,Valentino Khan,"1,873",33.6,26030.0,3848842.0,42.0,Unknown
Higher Love,Higher Love,Kygo,"1,875",33.6,117582.0,79382957.0,67.0,Unknown
WORTH NOTHING (feat. Oliver Tree) - Fast & Furious: Drift Tape/Phonk Vol 1,WORTH NOTHING (feat. Oliver Tree) [Fast & Furious: Drift Tape/Phonk Vol 1],TWISTED,"1,868",33.6,67616.0,26749482.0,67.0,Unknown
Friends,FRIENDS,Marshmello,"1,869",33.6,1231.0,419951.0,31.0,Unknown
Entre Nosotros (Remix) [con Nicki Nicole],Entre Nosotros (Remix) [con Nicki Nicole],Tiago PZK,"1,866",33.6,36673.0,9448129.0,65.0,Unknown
Love Lies (with Normani),Love Lies,Khalid,"1,865",33.6,96612.0,21547967.0,67.0,Unknown
Tal Para Cual,Tal Para Cual,Salastkbron,"1,867",33.6,5115.0,10033097.0,70.0,Unknown
El Tï¿½ï¿½,El Tï¿½ï¿½,Grupo Firme,"1,877",33.6,31429.0,17749866.0,59.0,Unknown
Sorriso no Rosto,Sorriso no Rosto,Mc IG,"1,874",33.6,935.0,26514018.0,71.0,Unknown
"jealousy, jealousy",SOUR,Olivia Rodrigo,"1,878",33.6,101479.0,24049783.0,77.0,Unknown
Shaky Shaky,Shaky Shaky,Daddy Yankee,"1,872",33.6,32831.0,9930933.0,57.0,Unknown
El Amante,El Amante,Nicky Jam,"1,870",33.6,52696.0,14027229.0,64.0,Unknown
ICU,ICU,Coco Jones,"1,881",33.5,13612.0,2835147.0,61.0,Unknown
Way down We Go,Way Down We Go,KALEO,"1,879",33.5,228925.0,44949918.0,79.0,Unknown
24K Magic,"NOW That's What I Call Music, Vol. 61",Bruno Mars,"1,882",33.5,995.0,505357.0,32.0,Unknown
Joy (In My Own Time) - Tribe Song,Joy (In My Own Time) [Tribe Song],DAMIEN,"1,880",33.5,10.0,398.0,3.0,Unknown
PILLOWTALK,Mind Of Mine (Deluxe Edition),ZAYN,"1,883",33.5,124827.0,38410821.0,71.0,Unknown
Enemy - Radio Edit,"NOW That's What I Call Music!, Vol. 82",Imagine Dragons,"1,886",33.4,204.0,16612.0,22.0,Unknown
When It Comes To You,When It Comes To You,Fridayy,"1,884",33.4,7606.0,12388422.0,62.0,Unknown
Semangat Kerjanya Kawan,Semangat Kerjanya Kawan,Aldo Zee,"1,891",33.4,7.0,2063.0,1.0,Unknown
Libaas,Libaas,Kaka,"1,889",33.4,8933.0,1073356.0,51.0,Unknown
OOOUUU,OOOUUU,Young M.A,"1,888",33.4,68407.0,10932431.0,60.0,Unknown
Flooded The Face,Pink Tape,Lil Uzi Vert,"1,885",33.4,54044.0,18974212.0,66.0,Unknown
"90-90 Nabbe Nabbe (From ""Jatt Nuu Chudail Takri"")","90-90 Nabbe Nabbe (From ""Jatt Nuu Chudail Takri"")",Gippy Grewal,"1,892",33.4,307.0,62869.0,,Unknown
"Ranjithame (From ""Varisu"")","Ranjithame (From ""Varisu"")",Thalapathy Vijay,"1,890",33.4,6218.0,4505067.0,62.0,Unknown
X SI VOLVEMOS,X SI VOLVEMOS,KAROL G,"1,887",33.4,37814.0,18470152.0,75.0,Unknown
IT GIRL,IT GIRL,Aliyah's Interlude,"1,894",33.3,26395.0,13098603.0,,Unknown
It's A Wrap - Sped Up,It's A Wrap,Mariah Carey,"1,900",33.3,6013.0,1732149.0,51.0,Unknown
Never Be Lonely,Never Be Lonely,Jax Jones,"1,896",33.3,2834.0,16731190.0,,Unknown
"Give Me Everything (feat. Ne-Yo, Afrojack & Nayer)",Greatest Hits,Pitbull,"1,898",33.3,262779.0,103712117.0,81.0,Unknown
SPIT IN MY FACE!,SPIT IN MY FACE! - Single,ThxSoMch,"1,895",33.3,67639.0,18087902.0,74.0,Unknown
Iko Iko (My Bestie),Iko Iko (feat. Small Jam),Justin Wellington,"1,901",33.3,85038.0,16060938.0,64.0,Unknown
Beat Of Your Heart,Beat Of Your Heart - Single,Purple Disco Machine,"1,902",33.3,3144.0,19059841.0,,Unknown
Low Life,EVOL,Future,"1,897",33.3,165579.0,32192169.0,72.0,Unknown
Oi Erro - Ao Vivo,Oi Erro (Ao Vivo),Simone Mendes,"1,899",33.3,1390.0,2563092.0,51.0,Unknown
"These Days (feat. Jess Glynne, Macklemore & Dan Caplen)","These Days (feat. Jess Glynne, Macklemore & Dan Caplen)",Rudimental,"1,893",33.3,131363.0,33090658.0,65.0,Unknown
Been Like This,Been Like This,Meghan Trainor,"1,903",33.2,3110.0,21182930.0,24.0,Unknown
Rich Baby Daddy (feat. Sexyy Red & SZA),For All The Dogs,Drake,"1,910",33.2,6868.0,1527625.0,,"r&b, hip hop, rap"
Light It Up (feat. Nyla & Fuse ODG) [Remix],Peace Is The Mission,Major Lazer,"1,907",33.2,147868.0,30229579.0,72.0,Unknown
The Weekend - Funk Wav Remix,The Weekend (Funk Wav Remix),SZA,"1,909",33.2,63764.0,17642317.0,66.0,Unknown
Un Coco,Un Verano Sin Ti,Bad Bunny,"1,904",33.2,54870.0,16605882.0,73.0,Unknown
Tutu,Tutu,Camilo,"1,908",33.2,50354.0,18628100.0,61.0,Unknown
Tadow,Tadow,Masego,"1,911",33.2,169485.0,31599668.0,72.0,Unknown
Heart Like A Truck,Heart Like A Truck,Lainey Wilson,"1,906",33.2,21559.0,5658951.0,68.0,Unknown
Honey Boy (feat. Nile Rodgers & Shenseea),Honey Boy (feat. Nile Rodgers & Shenseea) - Single,Purple Disco Machine,"1,905",33.2,2924.0,43639283.0,73.0,Unknown
Creeper Star,Creeper Star,Leo Walrus,"1,915",33.1,28.0,283.0,2.0,Unknown
Ya Acabo,"DEV, Vol. 2",Marca MP,"1,916",33.1,34114.0,13462017.0,65.0,Unknown
Love You So,The King Khan & BBQ Show,The King Khan & BBQ Show,"1,918",33.1,12434.0,3542140.0,44.0,Unknown
DOGTOOTH,DOGTOOTH,"Tyler, The Creator","1,914",33.1,54114.0,7207419.0,66.0,Unknown
All Too Well (10 Minute Version) (Taylor's Version) (From The Vault),Red (Taylor's Version),Taylor Swift,"1,912",33.1,55074.0,40675939.0,74.0,Unknown
"Srivalli (From ""Pushpa The Rise Part - 01"")","Srivalli (From ""Pushpa The Rise Part - 01"")",Javed Ali,"1,917",33.1,6443.0,2952745.0,55.0,Unknown
Go Back (feat. Julia Church),Go Back (feat. Julia Church),John Summit,"1,913",33.1,3327.0,49830444.0,72.0,Unknown
Did It Again,Did It Again,Lil Tecca,"1,923",33.0,87099.0,9847312.0,69.0,Unknown
"QUï¿½ï¿½TENME EL TELï¿½ï¿½FONO (feat. Yandel, Jay ",The Academy: Segunda Misiï¿½,The Academy: Segunda Misiï¿½,"1,919",33.0,5502.0,29909107.0,70.0,Unknown
"Kalaastar (From ""Honey 3.0"")","Kalaastar (From ""Honey 3.0"") - Single",Yo Yo Honey Singh,"1,920",33.0,2610.0,1441921.0,,Unknown
"Tshwala Bam (feat. S.N.E, EeQue)","Tshwala Bam (feat. S.N.E, EeQue)",TitoM,"1,927",33.0,5326.0,8199508.0,68.0,Unknown
Firestone,Running Hits - 2015.02,Kygo,"1,928",33.0,144992.0,42832108.0,71.0,Unknown
Cheap Thrills,This Is Acting,Sia,"1,924",33.0,88850.0,23034012.0,72.0,dancehall
GOSSIP (feat. Tom Morello),GOSSIP (feat. Tom Morello),Mï¿½ï¿½ne,"1,925",33.0,42084.0,9541843.0,71.0,Unknown
Meridian,Meridian,Dave,"1,921",33.0,28740.0,4403115.0,3.0,Unknown
Ten by Ten,Lazy Mechanics,Carrier,"1,929",33.0,37.0,2401.0,1.0,Unknown
ýýýýýýýýýýýý,ýýýýýýýýýýýý,ANNA ASTI,"1,922",33.0,5909.0,554886.0,53.0,Unknown
LOU LOU,LOU LOU - Single,Gabito Ballesteros,"1,926",33.0,18760.0,16688762.0,,Unknown
Dangerous Woman,Dangerous Woman,Ariana Grande,"1,934",32.9,104167.0,39070160.0,74.0,Unknown
ON,MAP OF THE SOUL : 7,BTS,"1,939",32.9,26714.0,19212443.0,64.0,Unknown
Problem,The Edge (Mixed By G-Wizard & DJ Nino Brown),Ariana Grande,"1,930",32.9,84796.0,36693869.0,70.0,Unknown
SUPERMODEL,SUPERMODEL,Mï¿½ï¿½ne,"1,936",32.9,57988.0,30736731.0,64.0,Unknown
Don't Call Me Up,Ivy To Roses (Mixtape),Mabel,"1,935",32.9,103794.0,41086368.0,68.0,Unknown
Bodak Yellow,Bodak Yellow,Cardi B,"1,932",32.9,99270.0,29301256.0,66.0,Unknown
Latch,Settle,Disclosure,"1,933",32.9,174201.0,45341736.0,71.0,Unknown
Mourning,Mourning,Post Malone,"1,938",32.9,35523.0,3552008.0,62.0,Unknown
300 Noches,300 Noches,Belinda,"1,937",32.9,2090.0,37145336.0,78.0,Unknown
How Do You Sleep?,How Do You Sleep?,Sam Smith,"1,931",32.9,84347.0,25942681.0,62.0,Unknown
BAIXO,BAIXO,xxanteria,"1,942",32.8,14123.0,13264777.0,,Unknown
Asylum,Avana (Deluxe),Olivetheboy,"1,940",32.8,518.0,3436044.0,64.0,Unknown
American Boy (No Rap Version),American Boy (Remixes 2024) - Single,Estelle,"1,941",32.8,2.0,9001.0,,Unknown
ceilings,five seconds flat,Lizzy McAlpine,"1,944",32.8,67808.0,85710040.0,76.0,Unknown
Love On The Brain,ANTI (Deluxe),Rihanna,"1,943",32.8,162952.0,72991098.0,78.0,Unknown
HIBIKI,nadie sabe lo que va a pasar maï¿½ï¿,Bad Bunny,"1,948",32.7,28905.0,14456501.0,,Unknown
GATITAS SANDUNGUERAS VOL.1,GATITAS SANDUNGUERAS VOL.1,Alvaro Diaz,"1,946",32.7,2895.0,85480305.0,79.0,Unknown
Gangsta's Paradise,Gangsta's Paradise (25th Anniversary - Remastered),Coolio,"1,945",32.7,506.0,66189.0,25.0,Unknown
Broccoli (feat. Lil Yachty),Broccoli (feat. Lil Yachty) - Single,DRAM,"1,947",32.7,131131.0,22922803.0,58.0,Unknown
LOST!,"Right Place, Wrong Person",RM,"1,958",32.6,763.0,32866636.0,80.0,Unknown
Stay (with Alessia Cara),Stay,Zedd,"1,949",32.6,115858.0,34379868.0,70.0,Unknown
YuNg BrAtZ,Revenge,XXXTENTACION,"1,950",32.6,85567.0,16713395.0,68.0,Unknown
"Saami Saami (From ""Pushpa The Rise Part - 01"")","Saami Saami (From ""Pushpa The Rise Part - 01"")",Sunidhi Chauhan,"1,957",32.6,3101.0,1472504.0,49.0,Unknown
Facas - Ao Vivo,Diego & Victor Hugo Ao Vivo Em Sï¿½ï¿½o Paulo Vo,Diego & Victor Hugo,"1,954",32.6,114.0,34185.0,17.0,Unknown
Thoda Thoda Pyaar,Thoda Thoda Pyaar,Stebin Ben,"1,959",32.6,12736.0,2733790.0,,Unknown
Black And Yellow,Black And Yellow,Wiz Khalifa,"1,960",32.6,141343.0,32621464.0,69.0,Unknown
SKEU SKEU (SPEED UP),SKEU SKEU (SPEED UP) (feat. Wilsko & 7ia) - Single,Jogga,"1,956",32.6,5074.0,442006.0,,Unknown
Sahara,Sahara,Hensonn,"1,953",32.6,80300.0,27332775.0,67.0,Unknown
"Leke Prabhu Ka Naam (From ""Tiger 3"")","Leke Prabhu Ka Naam (From ""Tiger 3"")",Pritam,"1,952",32.6,1189.0,1483697.0,,Unknown
Yeah Glo!,Yeah Glo! (Alternate Versions),GloRilla,"1,955",32.6,132.0,63750.0,,Unknown
The Search,The Search,NF,"1,951",32.6,115214.0,15719606.0,69.0,Unknown
Save Me (with Lainey Wilson),Whitsitt Chapel,Jelly Roll,"1,972",32.5,,,,Unknown
Tacos Gucci,Tacos Gucci - Single,Anuel AA,"1,970",32.5,4008.0,6510589.0,,Unknown
wiggy,wiggy,Young Miko,"1,962",32.5,22636.0,7652807.0,61.0,Unknown
Nxde,I love,(G)I-DLE,"1,969",32.5,24028.0,7729486.0,66.0,Unknown
Vaina Loca,Vaina Loca,Ozuna,"1,963",32.5,68379.0,22527293.0,68.0,Unknown
Street Runner,Street Runner,Rod Wave,"1,961",32.5,36519.0,4018180.0,64.0,Unknown
Pure Water (with Migos),Pure Water (with Migos),Mustard,"1,971",32.5,145514.0,22684851.0,66.0,Unknown
Ay Vamos,Superventas 2015,J Balvin,"1,966",32.5,51062.0,16368668.0,68.0,Unknown
Samba de Malandro,Samba de Malandro,MC Paulin da Capital,"1,967",32.5,3206.0,27886603.0,75.0,Unknown
Entre las de 20,Entre las de 20,Bizarrap,"1,968",32.5,4826.0,49679476.0,78.0,Unknown
We Found Love,Talk That Talk (Explicit),Rihanna,"1,965",32.5,219739.0,111528796.0,79.0,Unknown
Barbie World (with Aqua) [From Barbie The Album],Barbie World (with Aqua) [From Barbie The Album],Nicki Minaj,"1,964",32.5,7198.0,2204206.0,51.0,Unknown
Shut up My Moms Calling,Shut up My Moms Calling - Single,Hotel Ugly,"1,983",32.4,155446.0,25122611.0,82.0,Unknown
Hell N Back,Hell N Back (Sped Up),Bakar,"1,975",32.4,180810.0,58052469.0,71.0,Unknown
Stand By Me (feat. Morgan Wallen),Almost Healed,Lil Durk,"1,978",32.4,27561.0,8424250.0,69.0,Unknown
Wake Me Up (Remix),Dance Essentials 2,Nick White,"2,192",32.4,,,,Unknown
Yaad Piya Ki Aane Lagi,Yaad Piya Ki Aane Lagi,Neha Kakkar,"1,976",32.4,8749.0,2989865.0,56.0,Unknown
A-O-K,A-O-K,Tai Verdes,"1,982",32.4,101681.0,12962599.0,66.0,Unknown
Shotgun,Staying at Tamara's,George Ezra,"1,980",32.4,130768.0,32965801.0,71.0,Unknown
Kiss Me,Songs of Sonder,Dermot Kennedy,"1,973",32.4,22036.0,6228907.0,65.0,Unknown
COCO LOCO,COCO LOCO - Single,Maluma,"1,977",32.4,23712.0,20427970.0,63.0,Unknown
Sunny Day,Sunny Day,Matteo Rossanese,"1,974",32.4,57.0,785.0,,Unknown
"High Rated Gabru (From ""High Rated Gabru"")",High Rated Gabru,Guru Randhawa,"1,981",32.4,8023.0,1580067.0,50.0,Unknown
"I spoke to the devil in miami, he said everything would be fine",LOOK AT ME: THE ALBUM,XXXTENTACION,"1,979",32.4,14476.0,4616378.0,58.0,Unknown
Goosebumps,Goosebumps,HVME,"1,999",32.3,128838.0,28968321.0,63.0,Unknown
Tï¿½ï¿½ï¿½t Bï¿½ï¿½n,Tï¿½ï¿½ï¿½t Bï¿½ï¿½n,Hana Cï¿½ï¿½ï¿½m,"1,994",32.3,63.0,2483.0,30.0,Unknown
Aigiri Nandini,Numinosum,Nagavalli,"1,998",32.3,5.0,4173.0,,Unknown
Rolex,Rolex,Ayo & Teo,"1,996",32.3,75806.0,13437276.0,62.0,Unknown
on one tonight,One of Wun,Gunna,"1,986",32.3,4184.0,26150391.0,77.0,Unknown
You & Me - Rivo Remix,You & Me (Rivo Remix),Disclosure,"1,995",32.3,18706.0,48962409.0,76.0,Unknown
Whiskey On You,Whiskey On You - Single,Nate Smith,"1,985",32.3,33972.0,7580172.0,68.0,Unknown
Nostï¿½ï¿½l,Nostï¿½ï¿½lgico - Si,Rvssian,"1,992",32.3,90920.0,21683459.0,68.0,Unknown
NO,NO,Meghan Trainor,"1,988",32.3,70723.0,23190101.0,69.0,Unknown
HP,HP,Maluma,"1,997",32.3,55782.0,18750996.0,64.0,Unknown
I Smoked Away My Brain (I'm God x Demons Mashup) (feat. Imogen Heap & Clams Casino),I Smoked Away My Brain (I'm God x Demons Mashup) (feat. Imogen Heap & Clams Casino),A$AP Rocky,"2,000",32.3,37824.0,13018777.0,79.0,Unknown
I'm a Mess,I'm a Mess,Bebe Rexha,"1,987",32.3,64411.0,10816170.0,65.0,Unknown
Un Ratito,Un Verano Sin Ti,Bad Bunny,"1,990",32.3,57541.0,10245525.0,70.0,Unknown
Mamaw's House,Mamaw's House,Thomas Rhett,"1,991",32.3,10382.0,8944865.0,,Unknown
Sezen Aksu,#1 - EP,Lvbel C5,"1,993",32.3,2613.0,5693826.0,75.0,Unknown
hotline (edit),hotline (edit),Billie Eilish,"1,984",32.3,36901.0,11637721.0,78.0,Unknown
One More Night,Overexposed Track By Track,Maroon 5,"1,989",32.3,129982.0,34799834.0,73.0,Unknown
Can We Kiss Forever?,Can We Kiss Forever?,Kina,"2,001",32.2,20562.0,4363375.0,,Unknown
Sigue,Capï¿½ï¿½tu,Beny Jr,"2,008",32.2,77523.0,7260157.0,74.0,Unknown
Desconocidos,Desconocidos,Mau y Ricky,"2,006",32.2,53221.0,16642929.0,65.0,Unknown
After Party,Heaven Or Hell,Don Toliver,"2,005",32.2,170468.0,34103511.0,69.0,Unknown
Fluxxwave,Fluxxwave,Clovis Reyes,"2,002",32.2,17012.0,6135810.0,69.0,Unknown
We Can't Stop,NOW: The Hits Of Summer 2014,Miley Cyrus,"2,003",32.2,117008.0,50397971.0,71.0,Unknown
Buy Dirt,Buy Dirt,Jordan Davis,"2,007",32.2,51641.0,18836339.0,77.0,Unknown
Las Morras,Las Morras,Peso Pluma,"2,004",32.2,26015.0,6838351.0,66.0,Unknown
Mamichula - con Nicki Nicole,Atrevido,Trueno,"2,013",32.1,65906.0,17187107.0,76.0,Unknown
Fighting My Demons,A Great Chaos,Ken Carson,"2,015",32.1,35187.0,5011301.0,,Unknown
FAKE LOVE,Love Yourself ï¿½ï¿½ï¿½ 'A,BTS,"2,010",32.1,9924.0,2885625.0,57.0,Unknown
The Sound Of Silence,The Sound of Silence (CYRIL Remix),Disturbed,"2,022",32.1,135133.0,20085121.0,70.0,Unknown
Higher Power,Higher Power,Coldplay,"2,016",32.1,52095.0,26147738.0,63.0,Unknown
The Perfect Girl,The Perfect Girl,Mareux,"2,018",32.1,119524.0,26655185.0,72.0,Unknown
Yeah! (feat. Lil Jon & Ludacris),Kings Of Crunk (Special Edition),USHER,"2,020",32.1,255327.0,107143110.0,80.0,Unknown
Swear to God (feat. Future),Swear to God (feat. Future),Tee Grizzley,"2,011",32.1,1971.0,22252657.0,1.0,Unknown
Prohibidox,FELIZ CUMPLEAï¿½ï¿½OS FERXXO TE PIRATEAMOS EL ï¿,Feid,"2,012",32.1,36819.0,10542649.0,70.0,Unknown
LOVE. FEAT. ZACARI.,DAMN.,Kendrick Lamar,"2,014",32.1,207632.0,54635449.0,79.0,Unknown
Joga o Bum Bum Tam Tam,Bum Bum Tam Tam,MC Fioti,"2,019",32.1,1656.0,120121.0,34.0,Unknown
Montagem Mysterious Game,Montagem Mysterious Game,LXNGVX,"2,021",32.1,13863.0,30279318.0,77.0,Unknown
soso,Boy Alone,Omah Lay,"2,017",32.1,54358.0,6297689.0,71.0,Unknown
SEDA,nadie sabe lo que va a pasar maï¿½ï¿,Bad Bunny,"2,009",32.1,27705.0,8044125.0,,Unknown
Lace It,Lace It (with Eminem & benny blanco),Juice WRLD,"2,023",32.1,15523.0,14326985.0,,Unknown
You Say,You Say,Lauren Daigle,"2,033",32.0,81834.0,23568889.0,68.0,Unknown
Watch The World Burn,Watch The World Burn,Falling In Reverse,"2,029",32.0,42638.0,4064739.0,69.0,Unknown
"Hukum - Thalaivar Alappara (From ""Jailer"")","Hukum - Thalaivar Alappara (From ""Jailer"")",Anirudh Ravichander,"2,030",32.0,6149.0,3893159.0,61.0,Unknown
With You,With You,AP Dhillon,"2,025",32.0,17289.0,9007969.0,68.0,Unknown
HUMO,HUMO - Single,Chencho Corleone,"2,026",32.0,2761.0,31791992.0,,Unknown
I Love It (& Lil Pump),I Love It - Single,Kanye West,"2,035",32.0,126449.0,21054860.0,65.0,Unknown
Love Songs - Bonus,Love Songs,Kaash Paige,"2,031",32.0,80058.0,16908119.0,73.0,Unknown
Me Atraiu - Ao Vivo,Me Atraiu (Ao Vivo),Gabriela Rocha,"2,027",32.0,16094.0,9626456.0,63.0,Unknown
LET'S GET FKD UP,LET'S GET FKD UP (feat. Tribbs),Alok,"2,034",32.0,28349.0,90192884.0,77.0,Unknown
I LOVE YOU HOE (w/ 9lives),3x3,Odetari,"2,028",32.0,29292.0,5268261.0,64.0,Unknown
HAPPY,HOPE,NF,"2,032",32.0,29689.0,7546223.0,68.0,Unknown
BOOMBAYAH,SQUARE ONE,BLACKPINK,"2,024",32.0,43033.0,11871864.0,68.0,Unknown
Min Awel Dekika,Min Awel Dekika,Elissa,"2,040",31.9,7751.0,520105.0,52.0,Unknown
cï¿½ï¿½mo dormi,cï¿½ï¿½mo dormi,Rels B,"2,038",31.9,60949.0,15706900.0,74.0,Unknown
my ex's best friend (with blackbear),my ex's best friend (with blackbear),mgk,"2,042",31.9,115706.0,17572847.0,68.0,Unknown
Parce (feat. Justin Quiles),Parce (feat. Justin Quiles),Maluma,"2,046",31.9,58315.0,14632113.0,61.0,Unknown
ýýCuýýl Es Su Nombre?,El De La Nueva Baby,Lucky Brown,"2,041",31.9,10789.0,6141307.0,66.0,Unknown
Borro Cassette,Borro Cassette,Maluma,"2,045",31.9,58967.0,27208424.0,76.0,Unknown
Wild Thoughts,Wild Thoughts,DJ Khaled,"2,043",31.9,145513.0,45841172.0,74.0,Unknown
L'ULTIMA POESIA,L'ULTIMA POESIA - Single,Geolier,"2,044",31.9,2056.0,4977329.0,72.0,Unknown
Where Are ï¿½ï¿½ Now (with Justin Bie,Skrillex and Diplo present Jack ï¿,Jack ï¿,"2,036",31.9,117948.0,37006559.0,69.0,Unknown
TKN (feat. Travis Scott),TKN (feat. Travis Scott),ROSALï¿½,"2,047",31.9,93245.0,19111650.0,61.0,Unknown
loml,THE TORTURED POETS DEPARTMENT,Taylor Swift,"2,039",31.9,3133.0,26378677.0,,Unknown
Estï¿½ï¿½ Daï,Alma Vacï¿½,Ivan Cornejo,"2,037",31.9,37945.0,5228085.0,67.0,Unknown
In Your Eyes,After Hours,The Weeknd,"2,054",31.8,130934.0,30398290.0,70.0,Unknown
Take Her Home,Take Her Home - Single,Kenny Chesney,"2,048",31.8,1666.0,3832651.0,9.0,Unknown
Don't Wanna Know (feat. Kendrick Lamar),Don't Wanna Know,Maroon 5,"2,055",31.8,87426.0,23437480.0,64.0,Unknown
Entra Na Defender,Entra Na Defender,Luan Pereira,"2,064",31.8,2469.0,32369315.0,77.0,Unknown
Falling,Fine Line,Harry Styles,"2,050",31.8,135760.0,95644468.0,75.0,Unknown
Maps,Todo Exitos 2014 (Los Nï¿½ï¿½mero 1 Del A,Maroon 5,"2,052",31.8,191597.0,65483960.0,79.0,Unknown
We're Good,Future Nostalgia (The Moonlight Edition),Dua Lipa,"2,049",31.8,56753.0,16981156.0,62.0,Unknown
Sip (Alcohol),Alcohol - Single,Joeboy,"2,063",31.8,51136.0,5269627.0,58.0,Unknown
Get You (feat. Kali Uchis),Get You - Single,Daniel Caesar,"2,056",31.8,168424.0,41883756.0,76.0,Unknown
Body,Body,Loud Luxury,"2,059",31.8,148513.0,50006803.0,74.0,Unknown
One Thing At A Time,One Thing At A Time (Sampler),Morgan Wallen,"2,057",31.8,31843.0,5546389.0,70.0,Unknown
Mentiras | CROSSOVER #3,Mentiras | CROSSOVER #3,Big One,"2,051",31.8,12217.0,5490186.0,64.0,Unknown
911,911,Sech,"2,058",31.8,68202.0,13733700.0,55.0,Unknown
Boyz Don't Cry,Boyz Don't Cry,Rod Wave,"2,061",31.8,11259.0,2115211.0,,Unknown
"Loser, Baby",Hazbin Hotel Original Soundtrack (Part 1),Andrew Underberg,"2,060",31.8,8656.0,2053660.0,,Unknown
A Thousand Years,A Thousand Years,Aldy Santos,"2,062",31.8,5.0,478.0,,Unknown
You Make It Easy,You Make It Easy,Jason Aldean,"2,066",31.8,39872.0,6195765.0,5.0,Unknown
Hoy,Hoy,Valentino Merlo,"2,065",31.8,396.0,5178216.0,62.0,Unknown
Suge,Baby On Baby,DaBaby,"2,053",31.8,112493.0,19804967.0,62.0,Unknown
ball w/o you,i am > i was,21 Savage,"2,068",31.7,167409.0,20422800.0,77.0,Unknown
Money,Money,Cardi B,"2,070",31.7,62829.0,21001481.0,65.0,Unknown
Queen of Kings,Queen of Kings,Alessandra,"2,069",31.7,44113.0,11475897.0,66.0,Unknown
Hasta Que Dios Diga,Emmanuel,Anuel AA,"2,071",31.7,87832.0,40590466.0,71.0,Unknown
H.Y.B. (feat. Bas & Central Cee),Might Delete Later,J. Cole,"2,074",31.7,6647.0,36021058.0,,Unknown
Hackearam-me,"Decretos Reais, Vol. 3",Marï¿½ï¿½lia Mendo,"2,073",31.7,1924.0,4623719.0,44.0,Unknown
No Type,No Type,Rae Sremmurd,"2,072",31.7,124262.0,20748688.0,64.0,Unknown
MONTERO (Call Me By Your Name),MONTERO (Call Me By Your Name),Lil Nas X,"2,067",31.7,7736.0,1546777.0,44.0,"trap, country-trap, pop"
ýýýýýýýýýýýýýýý,ýýýýýýýýýýýýýýý,YOASOBI,"2,085",31.6,82659.0,7746455.0,67.0,Unknown
Sand In My Boots,Dangerous: The Double Album,Morgan Wallen,"2,078",31.6,52985.0,7003255.0,72.0,Unknown
Fouji Fojan Lofi 2 (feat. Aamin Barodi & Sapna Choudhary),Fouji Fojan 2 Lofi (feat. Aamin Barodi & Sapna Choudhary),Raj Mawer,"2,088",31.6,2.0,31.0,,Unknown
A Cara do Crime (Nï¿½ï¿½s Incom,A Cara do Crime (Nï¿½ï¿½s Incom,Mc Poze do Rodo,"2,076",31.6,35425.0,5269761.0,59.0,Unknown
Overseas,Overseas,D-Block Europe,"2,086",31.6,90545.0,5425432.0,64.0,Unknown
"I Pï¿½ï¿½ï¿½ ME, TU P","I Pï¿½ï¿½ï¿½ ME, TU P",Geolier,"2,079",31.6,4033.0,5992539.0,71.0,Unknown
Monster (Shawn Mendes &amp; Justin Bieber),Monster,Shawn Mendes,"2,075",31.6,77941.0,24028281.0,61.0,Unknown
Last Friday Night (T.G.I.F.),Teenage Dream,Katy Perry,"2,084",31.6,170779.0,83827327.0,71.0,Unknown
Circo Loco,Her Loss,Drake,"2,077",31.6,74719.0,15970383.0,65.0,Unknown
Kiss Me More (feat. SZA),Kiss Me More (feat. SZA),Doja Cat,"2,083",31.6,8460.0,1666482.0,46.0,r&b
Canï¿½ï¿½n Saï¿½ï,Canï¿½ï¿½n Saï¿½ï,Semicenk,"2,082",31.6,15291.0,5154828.0,69.0,Unknown
Limbo,Freddie's Inferno,Freddie Dredd,"2,080",31.6,78735.0,11859340.0,68.0,Unknown
Laad Piya Ke,Laad Piya Ke,Raju Punjabi,"2,087",31.6,894.0,101013.0,55.0,Unknown
Coco Cola,Coco Cola,Ruchika Jangid,"2,081",31.6,1547.0,487542.0,53.0,Unknown
DUELE EL CORAZON,The RCA-List (Vol. 2),Enrique Iglesias,"2,100",31.5,69811.0,19744540.0,63.0,Unknown
The Code,The Code,Nemo,"2,091",31.5,4755.0,12993786.0,79.0,Unknown
Jï¿½ï¿½lale,Jï¿½ï¿½lale,Bb trickz,"2,102",31.5,1089.0,13373487.0,73.0,Unknown
A Puro Dolor,A Puro Dolor - Single,Gabito Ballesteros,"2,098",31.5,8065.0,19954898.0,80.0,Unknown
Baddie,I'VE MINE,IVE,"2,094",31.5,9673.0,7806354.0,,Unknown
Prisoner (feat. Dua Lipa),Prisoner (feat. Dua Lipa),Miley Cyrus,"2,101",31.5,89489.0,26707311.0,67.0,Unknown
Why Not,Why Not,Ghostface Playa,"2,099",31.5,56849.0,20452829.0,64.0,Unknown
Got It On Me,Shoot For The Stars Aim For The Moon,Pop Smoke,"2,096",31.5,167938.0,19174702.0,67.0,Unknown
intro (end of the world),eternal sunshine,Ariana Grande,"2,090",31.5,6696.0,14339377.0,82.0,Unknown
All I Want for Christmas Is You,Merry Christmas,Mariah Carey,"2,097",31.5,109411.0,45003974.0,60.0,Unknown
La Rompe Corazones,La Rompe Corazones,Daddy Yankee,"2,093",31.5,48041.0,19056854.0,66.0,Unknown
QUE ME FALTE TODO,QUE ME FALTE TODO,Luck Ra,"2,089",31.5,7535.0,12487998.0,66.0,Unknown
How To Fly (Abbey Road Remaster 2024),Caress Your Soul (Abbey Road Remaster 2024),Sticky Fingers,"2,092",31.5,60.0,16287.0,,Unknown
Dj Dayak Full Beat Lagu Malihi Janji,Dj Dayak Full Beat Lagu Malihi Janji,Jeremya Ginting,"2,095",31.5,678.0,245209.0,,Unknown
Si Estuviï¿½ï¿½semos Ju,X 100PRE,Bad Bunny,"2,106",31.4,86788.0,30501893.0,75.0,Unknown
360,360,Charli xcx,"2,104",31.4,3363.0,94336088.0,76.0,Unknown
GATA ONLY (Con Cris MJ),GATA ONLY (Con Cris MJ),FloyyMenor,"2,105",31.4,3.0,346.0,,Unknown
El Perdï¿½,Full Circle: The Live Anthology,Nicky Jam,"2,108",31.4,91687.0,30002977.0,69.0,Unknown
Love Scars,A Love Letter To You,Trippie Redd,"2,103",31.4,78206.0,11962192.0,5.0,Unknown
Die Hard,Mr. Morale & The Big Steppers,Kendrick Lamar,"2,107",31.4,83638.0,10749840.0,71.0,Unknown
Akher Yawm,Akher Yawm - Single,Ghaliaa,"2,109",31.4,133.0,28248.0,29.0,Unknown
Ascend,Ascend - Single,Dezko,"2,114",31.3,31142.0,26310863.0,66.0,Unknown
SI SABE FERXXO,SI SABE FERXXO,Blessd,"2,117",31.3,8723.0,37831803.0,74.0,Unknown
Wind Up Missin' You,Wind Up Missin' You - Single,Tucker Wetmore,"2,116",31.3,5573.0,30858408.0,74.0,Unknown
No Limit,No Limit,G-Eazy,"2,118",31.3,90212.0,20770256.0,62.0,Unknown
ten,ten,Fred again..,"2,110",31.3,29807.0,14707999.0,,Unknown
"Dance For Me (1, 2, 3) - Stutter Techno","Dance For Me (1, 2, 3) [Stutter Techno]",Sonny Wern,"2,115",31.3,31519.0,22810387.0,,Unknown
Paro,Paro,Nej,"2,112",31.3,36872.0,4548963.0,56.0,Unknown
HOPE,HOPE,NF,"2,111",31.3,40366.0,16074335.0,64.0,Unknown
On My Way,On My Way,Alan Walker,"2,119",31.3,75834.0,16363220.0,67.0,Unknown
You Need To Calm Down,You Need To Calm Down,Taylor Swift,"2,113",31.3,63937.0,44356528.0,75.0,Unknown
Dancinï¿½ï¿½ï¿½ In The C,Dancin' In The Country,Tyler Hubbard,"2,129",31.2,17721.0,11539344.0,67.0,Unknown
Starting Over,Starting Over,Chris Stapleton,"2,134",31.2,52739.0,9354750.0,71.0,Unknown
295,Moosetape,Sidhu Moose Wala,"2,130",31.2,21677.0,5861599.0,68.0,Unknown
Gangsta's Paradise (feat. L.V.),...And You Don't Stop - A Celebration of 50 Years of Hip Hop,Coolio,"2,128",31.2,7.0,2021.0,13.0,Unknown
Gulabi Sharara,Gulabi Sharara,Inder Arya,"2,122",31.2,1613.0,158758.0,53.0,Unknown
Otro Atardecer,Un Verano Sin Ti,Bad Bunny,"2,126",31.2,58352.0,12590067.0,71.0,Unknown
ýýlle de Sen,ýýlle de Sen - Single,Muti,"2,132",31.2,7644.0,1077118.0,,Unknown
Soweto,Outlaw,Victony,"2,123",31.2,40696.0,2870988.0,69.0,Unknown
Enjoy,Enjoy,Jux,"2,127",31.2,2938.0,535879.0,19.0,Unknown
Poland,Poland - Single,Lil Yachty,"2,131",31.2,52177.0,9387393.0,58.0,Unknown
BBY BOO,BBY BOO,iZaak,"2,125",31.2,1159.0,1788765.0,,Unknown
Brillarosa,Dolido Pero No Arrepentido - EP,Fuerza Regida,"2,120",31.2,3512.0,8863236.0,,Unknown
Bertaraf,Sir,Canbay & Wolker,"2,124",31.2,7887.0,3440542.0,70.0,Unknown
U My Everything (feat. Drake),In Sexyy We Trust,Sexyy Red,"2,133",31.2,1332.0,35500278.0,71.0,Unknown
Devil Eyes,Providence,Hippie Sabotage,"2,121",31.2,195653.0,20289921.0,71.0,Unknown
m y . l i f e (with 21 Savage & Morray),The Off-Season,J. Cole,"2,135",31.1,124236.0,21455262.0,68.0,Unknown
I'm Yours,DDB Hitzone Best Of 2008,Jason Mraz,"2,136",31.1,241725.0,103480270.0,72.0,Unknown
"Going, Going, Gone",Growin' Up,Luke Combs,"2,139",31.1,25097.0,5307004.0,72.0,Unknown
HISS,HISS,Megan Thee Stallion,"2,141",31.1,6104.0,23088210.0,,Unknown
Baarish Ki Jaaye,Baarish Ki Jaaye,B Praak,"2,142",31.1,6163.0,1029980.0,53.0,Unknown
Company,Company,Emiway Bantai,"2,144",31.1,2423.0,691567.0,49.0,Unknown
get him back!,GUTS,Olivia Rodrigo,"2,140",31.1,1732.0,465956.0,,Unknown
LA PEOPLE,LA PEOPLE,Peso Pluma,"2,143",31.1,21917.0,17543809.0,75.0,Unknown
BRAZILIAN DANï¿½ï¿½A P,BRAZILIAN DANï¿½ï¿½A P,6YNTHMANE,"2,137",31.1,28387.0,19122650.0,72.0,Unknown
REACT,REACT,Switch Disco,"2,138",31.1,26625.0,54204917.0,69.0,Unknown
Ocean,OCEAN,KAROL G,"2,149",31.0,30520.0,12759646.0,66.0,Unknown
Wrecked,Wrecked,Imagine Dragons,"2,153",31.0,57487.0,5571645.0,64.0,Unknown
Think U The Shit (Fart),Think U The Shit (Fart),Ice Spice,"2,155",31.0,8321.0,17390936.0,,Unknown
Brown Munde,Brown Munde,AP Dhillon,"2,148",31.0,37741.0,5454166.0,64.0,Unknown
"Kallo(Feat.Ajay Hooda,Pooja Hooda)","Kallo(Feat.Ajay Hooda,Pooja Hooda)",Komal Choudhary,"2,146",31.0,978.0,136801.0,,Unknown
pov,Positions,Ariana Grande,"2,147",31.0,62958.0,23901981.0,66.0,Unknown
Dancing On My Own,Dancing On My Own,Calum Scott,"2,154",31.0,134807.0,70718949.0,74.0,Unknown
Stay With Me,Full Circle: The Live Anthology,Sam Smith,"2,152",31.0,167759.0,96423336.0,77.0,Unknown
Back Then Right Now,Back Then Right Now,Tyler Hubbard,"2,150",31.0,3411.0,8706253.0,,Unknown
Boucan (feat. Franglish),Boucan (feat. Franglish),KeBlack,"2,145",31.0,1989.0,6717297.0,73.0,Unknown
Fulanito,Fulanito,Becky G,"2,151",31.0,38980.0,11054219.0,58.0,Unknown
Only Love Can Hurt Like This (feat. Teddy Swims) - Remix,Only Love Can Hurt Like This (feat. Teddy Swims) - Single,Paloma Faith,"2,156",31.0,1307.0,1725637.0,58.0,Unknown
Business (feat. Naza),Business (feat. Naza),DYSTINCT,"2,160",30.9,34206.0,3353721.0,60.0,Unknown
MANIAC,ODDINARY,Stray Kids,"2,163",30.9,27089.0,8506820.0,68.0,Unknown
A Real Playa,A Real Playa - Single,Parsa Nani,"2,158",30.9,17.0,64478.0,,Unknown
Mona Lisa - Spider-Man: Across the Spider-Verse (Deluxe Edition),Mona Lisa - Spider-Man: Across the Spider-Verse (Deluxe Edition) - Single,Dominic Fike,"2,159",30.9,37054.0,15004163.0,63.0,Unknown
ADIï¿½,LA NENA DE ARGENTINA,Maria Becerra,"2,157",30.9,15951.0,6701830.0,66.0,Unknown
Something About You,Something About You,Eyedress,"2,162",30.9,96233.0,22697396.0,77.0,Unknown
Patadas de Ahogado,Patadas de Ahogado,LATIN MAFIA,"2,161",30.9,18981.0,16280436.0,,Unknown
After LIKE,After LIKE - Single,IVE,"2,169",30.8,28691.0,12128682.0,69.0,Unknown
So Far,So Far,florias,"2,164",30.8,18.0,541.0,10.0,Unknown
idontwannabeyouanymore,dont smile at me,Billie Eilish,"2,166",30.8,114997.0,28172038.0,72.0,Unknown
Debo Entender,Debo Entender,Santa Fe Klan,"2,168",30.8,27383.0,5458230.0,66.0,Unknown
Vem Desestressar,Vem Desestressar,MC PH,"2,177",30.8,3432.0,20567305.0,69.0,Unknown
Darkside,Darkside,Alan Walker,"2,173",30.8,81058.0,16282307.0,67.0,Unknown
Call Me Every Day (feat. WizKid),Call Me Every Day (feat. WizKid),Chris Brown,"2,174",30.8,43939.0,9282167.0,61.0,Unknown
World's Smallest Violin,OK ORCHESTRA,AJR,"2,165",30.8,71196.0,5509068.0,63.0,Unknown
Thot Shit,Thot Shit,Megan Thee Stallion,"2,176",30.8,63421.0,26904800.0,60.0,Unknown
Money Trees,"good kid, m.A.A.d city (Deluxe)",Kendrick Lamar,"2,167",30.8,352198.0,59811242.0,75.0,Unknown
Si La Calle Llama - Remix,3MEN2 KBRN,Eladio Carrion,"2,175",30.8,39949.0,11667012.0,65.0,Unknown
Kusu Kusu (feat. Pamela Jain),Top Hits - Single,Dev Negi,"2,171",30.8,,,,Unknown
Waffle House,Waffle House,Jonas Brothers,"2,170",30.8,16162.0,24753071.0,63.0,Unknown
Tacata,Tacata,Tiagz,"2,172",30.8,13502.0,1974605.0,60.0,Unknown
Got Me Started,Got Me Started,Troye Sivan,"2,180",30.7,19673.0,11567850.0,5.0,Unknown
Low,SOS,SZA,"2,178",30.7,59064.0,17662712.0,73.0,Unknown
Night Changes,FOUR (Deluxe),One Direction,"2,179",30.7,154325.0,92409509.0,83.0,Unknown
De Los Besos Que Te Di,De Los Besos Que Te Di,Christian Nodal,"2,182",30.7,40921.0,13324377.0,71.0,Unknown
BRODYAGA FUNK,BRODYAGA FUNK - EP,Eternxlkz,"2,183",30.7,6863.0,23952817.0,75.0,Unknown
Private Jet,Mafia Musik,D. Savage,"2,181",30.7,3268.0,109837.0,40.0,Unknown
DNA.,DAMN.,Kendrick Lamar,"2,184",30.7,185660.0,44429618.0,75.0,Unknown
"Or Nah (feat. The Weeknd, Wiz Khalifa and DJ Mustard) - Remix","Or Nah (feat. The Weeknd, Wiz Khalifa and DJ Mustard) [Remix Version]",Ty Dolla $ign,"2,197",30.6,152498.0,28278237.0,74.0,Unknown
Baklava,Baklava - Single,Gya,"2,189",30.6,418.0,286571.0,61.0,Unknown
bye,eternal sunshine,Ariana Grande,"2,194",30.6,6270.0,16012094.0,,Unknown
BIZCOCHITO,Find Your Line: Official Music from GRAN TURISMO 7,ROSALï¿½,"2,192",30.6,42182.0,10406462.0,61.0,Unknown
Veggie Dance,Veggie Dance,Gracie's Corner,"2,187",30.6,222.0,58855.0,55.0,Unknown
"Love Me Like You Do - From ""Fifty Shades Of Grey""","Love Me Like You Do (From ""Fifty Shades Of Grey"")",Ellie Goulding,"2,193",30.6,116546.0,49188494.0,70.0,Unknown
Still Don't Know My Name,Euphoria (Original Score from the HBO Series),Labrinth,"2,185",30.6,127503.0,40134293.0,71.0,Unknown
Sittin' On Top Of The World,Sittin' On Top Of The World - Single,Burna Boy,"2,196",30.6,23415.0,3622192.0,55.0,Unknown
Si Fuera Fï¿½ï¿,Si Fuera Fï¿½ï¿½cil - Si,Grupo Marca Registrada,"2,195",30.6,28319.0,13770276.0,65.0,Unknown
Broke In A Minute,Broke In A Minute,Tory Lanez,"2,186",30.6,116527.0,22947586.0,70.0,Unknown
Mahiya Ve Gal Sun Mahiya Vey,Mahiya Ve Gal Sun Mahiya Vey - Single,Nimra Mehra,"2,190",30.6,70.0,513.0,,Unknown
Engana Dizendo Que Ama,Dos Prï¿½ï¿½dios De,Veigh,"2,188",30.6,25470.0,5055407.0,67.0,Unknown
In Case You Didn't Know,Brett Young EP,Brett Young,"2,198",30.6,62305.0,14198815.0,68.0,Unknown
"Arcï¿½ï¿½ngel: Bzrp Music Sessions, Vol","Arcï¿½ï¿½ngel: Bzrp Music Sessions, Vol. 54 - Si",Bizarrap,"2,191",30.6,28883.0,9546255.0,62.0,Unknown
Tu No Vive Asi (feat. Mambo Kingz & DJ Luian),Tu No Vive Asi (feat. Mambo Kingz & DJ Luian),Arcï¿½ï¿½,"2,199",30.5,54302.0,17847539.0,71.0,Unknown
HVN ON EARTH (with Kodak Black),HVN ON EARTH,Lil Tecca,"2,201",30.5,39763.0,21760033.0,60.0,Unknown
Gently (feat. Bad Bunny),For All The Dogs,Drake,"2,204",30.5,25645.0,5218214.0,,Unknown
It Ain't Me (with Selena Gomez),It Ain't Me (with Selena Gomez),Kygo,"2,205",30.5,150179.0,55438878.0,71.0,Unknown
Baarish Ban Jaana,Baarish Ban Jaana,Payal Dev,"2,202",30.5,4554.0,1202197.0,57.0,Unknown
I CAN'T STOP ME,Eyes Wide Open,TWICE,"2,200",30.5,32051.0,9361355.0,65.0,Unknown
Take What You Want (feat. Ozzy Osbourne & Travis Scott),Hollywood's Bleeding,Post Malone,"2,203",30.5,108263.0,18637177.0,69.0,Unknown
Filhaal2 Mohabbat,Filhaal2 Mohabbat,B Praak,"2,206",30.5,6300.0,1979759.0,57.0,Unknown
8am in Charlotte,For All The Dogs,Drake,"2,207",30.5,34004.0,4164888.0,,Unknown
Vivir Mi Vida,3,Marc Anthony,"2,210",30.4,78822.0,28465181.0,71.0,Unknown
Lullaby - BadWolf Remix,Lullaby (BadWolf Remix),TR-MEET,"2,213",30.4,113.0,5777.0,10.0,Unknown
Love Not War (The Tampa Beat),Love Not War (The Tampa Beat) [Remixes] (feat. Jason Derulo),Jason Derulo,"2,212",30.4,51888.0,9569404.0,59.0,Unknown
WHERE SHE GOES,nadie sabe lo que va a pasar maï¿½ï¿,Bad Bunny,"2,208",30.4,11199.0,4402776.0,,"trap latino, urbano latino, latin, reggaeton"
"Lose Yourself - From ""8 Mile"" Soundtrack",8 Mile,Eminem,"2,222",30.4,345119.0,97808878.0,75.0,Unknown
My Oh My,My Oh My,Ava Max,"2,216",30.4,2365.0,37158651.0,1.0,Unknown
Not My Fault (with Megan Thee Stallion),Not My Fault (with Megan Thee Stallion),Reneï¿½ï¿½ ,"2,221",30.4,8973.0,20213928.0,,Unknown
willow,evermore,Taylor Swift,"2,217",30.4,67136.0,50350718.0,72.0,Unknown
100 MESSAGGI,100 MESSAGGI,Lazza,"2,219",30.4,5282.0,6183983.0,73.0,Unknown
OUT OUT (feat. Charli XCX & Saweetie),OUT OUT (feat. Charli XCX & Saweetie),Joel Corry,"2,218",30.4,105947.0,68408965.0,68.0,Unknown
Cï¿½ï¿½,VICE VERSA,Rauw Alejandro,"2,215",30.4,83179.0,20128974.0,76.0,Unknown
Whatï¿½ï¿½ï¿½,Scary Hours 2,Drake,"2,220",30.4,94964.0,21697781.0,62.0,Unknown
Turn On The Lights again.. (feat. Future),USB,Fred again..,"2,214",30.4,102679.0,49713000.0,61.0,Unknown
Despï¿½ï¿½dase ,"Boca Chueca, Vol. 1",Carin Leon,"2,211",30.4,393.0,42329224.0,72.0,Unknown
"Mommy, Mommy Give Me Yummy","Mommy, Mommy Give Me Yummy",D Billions,"2,209",30.4,49.0,4311.0,21.0,Unknown
Illegal Weapon,Illegal Weapon,Garry Sandhu,"2,224",30.3,12496.0,2290221.0,57.0,Unknown
Starships,Crave Volume 7,Nicki Minaj,"2,225",30.3,189848.0,71457898.0,73.0,Unknown
Calidad,Calidad,Grupo Firme,"2,238",30.3,18763.0,9876263.0,54.0,Unknown
Watch Me,This Is A Challenge,Silento,"2,223",30.3,20.0,1347.0,,Unknown
Send My Love (To Your New Lover),25,Adele,"2,234",30.3,89443.0,24441546.0,66.0,Unknown
Chakalitos,Chakalitos,Angi Fire,"2,229",30.3,1570.0,171193.0,10.0,Unknown
No Hay Nadie Mï¿½,No Hay Nadie Mï¿½,Sebastian Yatra,"2,239",30.3,43372.0,12705005.0,69.0,Unknown
Rather Be (feat. Jess Glynne),I Cry When I Laugh,Clean Bandit,"2,236",30.3,188363.0,58299660.0,70.0,Unknown
Into Your Arms (feat. Ava Max),Into Your Arms (feat. Ava Max),Witt Lowry,"2,232",30.3,68181.0,10506568.0,67.0,Unknown
Ramenez la coupe ï¿½ï¿½ la ma,Ramenez la coupe ï¿½ï¿½ la ma,Vegedream,"2,233",30.3,154354.0,9307449.0,62.0,Unknown
1000 Blunts,"Sing Me a Lullaby, My Sweet Temptation",$uicideboy$,"2,237",30.3,43837.0,2663499.0,72.0,Unknown
#BrooklynBloodPop!,#BrooklynBloodPop!,SyKo,"2,230",30.3,76485.0,8876090.0,62.0,Unknown
Baby Songs,Baby Lullaby - Relaxing Piano Baby Lullabies Baby Songs and Nursery Rhymes for Baby Sleep and Newborn Natural Sleep Aid,Baby Lullaby,"2,227",30.3,36.0,9217.0,27.0,Unknown
Mï¿½ï¿½dchen auf dem P,Mï¿½ï¿½dchen auf dem P,Luca-Dante Spadafora,"2,226",30.3,46323.0,14389973.0,67.0,Unknown
Cuando Te Besï¿,Cuando Te Besï¿,Becky G,"2,240",30.3,51865.0,15227639.0,63.0,Unknown
"Lutt Putt Gaya (From ""Dunki"")","Lutt Putt Gaya (From ""Dunki"")",Pritam,"2,228",30.3,3298.0,5676613.0,,Unknown
girl$,girl$,Dom Dolla,"2,235",30.3,945.0,44490548.0,,Unknown
Clout (feat. Cardi B),FATHER OF 4,Offset,"2,231",30.3,61432.0,15468892.0,58.0,Unknown
I love you,I love you,Dadju,"2,247",30.2,10432.0,9086026.0,63.0,Unknown
Loucura,Amor e ï¿½ï¿,Borges,"2,248",30.2,10849.0,8194521.0,,Unknown
Forget About Us,Forget About Us,Perrie,"2,245",30.2,1439.0,18871474.0,,Unknown
One Last Time,My Everything,Ariana Grande,"2,243",30.2,110953.0,65876311.0,77.0,Unknown
Malas Decisiones,K23,Kenia OS,"2,246",30.2,15573.0,11736236.0,68.0,Unknown
Dos Mil 16,Un Verano Sin Ti,Bad Bunny,"2,249",30.2,50219.0,17690466.0,71.0,Unknown
La Vaca Lola,Las 20 Mejores Canciones Infantiles,Toy Cantando,"2,250",30.2,3255.0,310554.0,55.0,Unknown
Termina Comigo Antes,Termina Comigo Antes,Gusttavo Lima,"2,241",30.2,12885.0,13054030.0,63.0,Unknown
Baarish,Baarish,Payal Dev,"2,244",30.2,1424.0,362321.0,41.0,Unknown
ZITTI E BUONI,ZITTI E BUONI,Mï¿½ï¿½ne,"2,242",30.2,94637.0,9975524.0,69.0,Unknown
Dijeron Que No La Iba Lograr,Dijeron Que No La Iba a Lograr,Chino Pacas,"2,254",30.1,23146.0,7025185.0,43.0,Unknown
Is It Love,Is It Love,Loreen,"2,252",30.1,7360.0,8210301.0,,Unknown
Feel It Still,Feel It Still,Portugal. The Man,"2,263",30.1,204110.0,65716191.0,74.0,Unknown
Portobello Beach,Passport,Quiet as a Mouse,"2,255",30.1,,,,Unknown
MotorSport,MotorSport,Migos,"2,262",30.1,89159.0,24300466.0,62.0,Unknown
Bad At Love,hopeless fountain kingdom (Deluxe),Halsey,"2,265",30.1,56371.0,12074505.0,59.0,Unknown
Nevada,Nevada,YoungBoy Never Broke Again,"2,251",30.1,60031.0,4503801.0,64.0,Unknown
The Adults Are Talking,The New Abnormal,The Strokes,"2,264",30.1,152115.0,30405327.0,76.0,Unknown
Melhor Eu Ir / Ligando os Fatos / Sonho de Amor / Deixa Eu Te Querer (Ao Vivo),Churrasquinho do Menos ï¿½ï¿½ Mais (Ao V,Grupo Menos ï¿½ï¿½ ,"2,260",30.1,6608.0,2522207.0,,Unknown
Hips Don't Lie (feat. Wyclef Jean),Oral Fixation Vol. 2,Shakira,"2,257",30.1,261693.0,142426948.0,80.0,Unknown
Overdose,Overdose - Single,natori,"2,259",30.1,26630.0,3407532.0,62.0,Unknown
Techno Cumbia (Remasterizado 2024/30th Anniversary),Amor Prohibido (Remasterizado 2024/30th Anniversary),Selena,"2,256",30.1,12.0,74974.0,,Unknown
Tak Segampang Itu,Tak Segampang Itu,Anggi Marito,"2,253",30.1,14918.0,7489575.0,74.0,Unknown
Emotionally Scarred,My Turn,Lil Baby,"2,261",30.1,93481.0,10151445.0,63.0,Unknown
When It Rains It Pours,This One's for You,Luke Combs,"2,258",30.1,93613.0,23160480.0,78.0,Unknown
If I Didn't Love You,If I Didn't Love You,Jason Aldean,"2,268",30.0,22233.0,3205615.0,60.0,Unknown
NO ME QUIERO CASAR,nadie sabe lo que va a pasar maï¿½ï¿,Bad Bunny,"2,269",30.0,20979.0,16117371.0,73.0,Unknown
UNHEALTHY (feat. Shania Twain),UNHEALTHY (feat. Shania Twain),Anne-Marie,"2,274",30.0,18457.0,6727123.0,60.0,Unknown
ATORRANTE - con Los Palmeras,ATORRANTE - con Los Palmeras,Emanero,"2,280",30.0,7487.0,3295468.0,61.0,Unknown
"Praise (feat. Brandon Lake, Chris Brown & Chandler Moore)",CAN YOU IMAGINE?,Elevation Worship,"2,284",30.0,31102.0,3889566.0,70.0,Unknown
greedy,greedy - Single,Tate McRae,"2,281",30.0,3984.0,2453761.0,,"alternative pop, pop"
El Mejor,El Mejor,Chayï¿½ï¿½n R,"2,282",30.0,1181.0,235460.0,,Unknown
Take Me to Church,Take Me to Church EP,Hozier,"2,276",30.0,113315.0,30950638.0,74.0,Unknown
Roses,Roses,The Chainsmokers,"2,270",30.0,137023.0,33124854.0,68.0,Unknown
Close Friends (Lil Baby & Gunna),Drip Harder,Lil Baby,"2,267",30.0,99524.0,11666867.0,65.0,Unknown
"0 Sentimientos (Remix) [feat. Baby Rasta, Noriel, Darkiel, Messiah & Lyan]",Chosen Few: New Generation,Boy Wonder CF,"2,272",30.0,871.0,379289.0,,Unknown
BEBï¿,BEBï¿,Camilo,"2,277",30.0,42742.0,14190262.0,66.0,Unknown
Propuesta Indecente,Caliente! Latino Hitmix 2013,Romeo Santos,"2,266",30.0,76654.0,28891369.0,74.0,Unknown
Palhaï¿½ï¿½a (Ao V,Palhaï¿½ï¿½a (Ao Vivo) - Si,Naiara Azevedo,"2,271",30.0,10235.0,8902883.0,58.0,Unknown
Atmosphere,Atmosphere,FISHER,"2,278",30.0,40300.0,55773870.0,70.0,Unknown
Eid,Eid,Mehmood J,"2,273",30.0,5.0,29.0,4.0,Unknown
Money In The Grave (Drake ft. Rick Ross),The Best In The World Pack,Drake,"2,275",30.0,180650.0,36876067.0,70.0,Unknown
BABY NUEVA,nadie sabe lo que va a pasar maï¿½ï¿,Bad Bunny,"2,283",30.0,23373.0,9125370.0,,Unknown
ýýýýýýýýýý ýýýý ýýýýýý ýýýýýýýý,ýýýýýýýýýý ýýýý ýýýýýý ýýýýýýýý - Single,ýýýýýýýýýý ýýýýýýýý,"2,279",30.0,114.0,21665.0,24.0,Unknown
Escapate Conmigo,Nacimiento,Wisin,"2,298",29.9,,,,Unknown
Lighter,Lighter (Extended Mix),Galantis,"2,295",29.9,4573.0,31483398.0,5.0,Unknown
"Halli Naatu (From ""Rrr"")","Halli Naatu (From ""Rrr"") - Single",Rahul Sipligunj,"2,293",29.9,169.0,170665.0,,Unknown
Happier,ýý (Deluxe),Ed Sheeran,"2,287",29.9,109373.0,54954226.0,70.0,Unknown
Kill Em With Kindness,Revival (Deluxe),Selena Gomez,"2,290",29.9,48598.0,14497820.0,56.0,Unknown
Good Love,Good Love,Hannah Laing,"2,296",29.9,26116.0,36440018.0,70.0,Unknown
Little Girl Gone,Little Girl Gone,CHINCHILLA,"2,297",29.9,21963.0,13959755.0,68.0,Unknown
Ella Quiere Beber - Remix,Ella Quiere Beber (Remix),Anuel AA,"2,299",29.9,66150.0,25410849.0,70.0,Unknown
Blicky,Blicky,Fresh X Reckless,"2,292",29.9,6378.0,749928.0,40.0,Unknown
Baby (Lil Baby feat. DaBaby),Baby,Quality Control,"2,294",29.9,111477.0,16214693.0,68.0,Unknown
Hotel,Hotel,Montell Fish,"2,291",29.9,56660.0,27811906.0,74.0,Unknown
Mas Altas Que Bajadas,Nata Montana,Natanael Cano,"2,288",29.9,15069.0,7363178.0,71.0,Unknown
Somewhere Only We Know,Somewhere Only We Know,Gustixa,"2,286",29.9,9646.0,1321681.0,43.0,Unknown
X1,Little Hair,MC Cabelinho,"2,285",29.9,30221.0,5514940.0,62.0,Unknown
Baby Shark,Pinkfong Bebefinn (Pt. 1),Bebefinn,"2,289",29.9,162.0,21068.0,31.0,Unknown
DISPARA ***,DISPARA ***,Nicki Nicole,"2,301",29.8,23852.0,8214976.0,66.0,Unknown
Burn,Halcyon,Ellie Goulding,"2,306",29.8,104998.0,30818474.0,68.0,Unknown
By Your Side,By Your Side,Rod Wave,"2,303",29.8,40909.0,4353138.0,60.0,Unknown
Very Sad,Very Sad,Enchan,"2,309",29.8,284.0,21377.0,,Unknown
No Te Contaron Mal,No Te Contaron Mal,Christian Nodal,"2,312",29.8,37141.0,12874966.0,68.0,Unknown
When We Were Young,25,Adele,"2,305",29.8,117365.0,41710598.0,71.0,Unknown
Miracle (Extended),Miracle (with Ellie Goulding) [Remixes],Calvin Harris,"2,314",29.8,92.0,28566.0,14.0,Unknown
Zapateado Encabronado #3,Nuestra Historia de Voces Ediciï¿½ï¿½n de Oro 25 a,Alacranes Musical,"2,300",29.8,5.0,17.0,,Unknown
Ainï¿½ï¿½ï¿½t Tha,One Thing At A Time,Morgan Wallen,"2,302",29.8,30503.0,5318773.0,74.0,Unknown
I Am Your Gummy Bear (The Gummy Bear Song),Gummybear Song,Gummibï¿½,"2,307",29.8,11904.0,1660833.0,57.0,Unknown
Do It Again (feat. 2Rare),Do It Again (feat. 2Rare),NLE Choppa,"2,313",29.8,65297.0,6721980.0,60.0,Unknown
Te Felicito,"Unas Mï¿½ï¿½as y Otras Prestadas, Vo",Gerardo Coronel,"2,308",29.8,2515.0,1614193.0,57.0,Unknown
Funny Song,Funny Song,Bruno Portinho Trilhas para filmes,"2,310",29.8,3.0,10.0,2.0,Unknown
The Smallest Man Who Ever Lived,THE TORTURED POETS DEPARTMENT,Taylor Swift,"2,304",29.8,2923.0,11950658.0,,Unknown
Loading,Loading,Central Cee,"2,311",29.8,137745.0,8267546.0,65.0,Unknown
Tek Tek (feat. MHD),Tek Tek (feat. MHD),DYSTINCT,"2,326",29.7,30635.0,5622603.0,59.0,Unknown
Everyday Hustle,WE DON'T TRUST YOU,Future,"2,319",29.7,9191.0,3072155.0,,Unknown
Dos Besitos,Dos Besitos,La Joaqui,"2,320",29.7,18928.0,3742291.0,56.0,Unknown
Deep Down (feat. Never Dull),Deep Down (feat. Never Dull),Alok,"2,318",29.7,61133.0,99451251.0,76.0,Unknown
No Me Conoce - Remix,No Me Conoce (Remix),Jhay Cortez,"2,322",29.7,135811.0,46929639.0,75.0,Unknown
ýýCýýmo Pasýý?,ýýCýýmo Pasýý?,Ela Taubert,"2,324",29.7,3662.0,17901827.0,,Unknown
Freaky Friday (feat. Chris Brown),Freaky Friday (feat. Chris Brown),Lil Dicky,"2,321",29.7,82446.0,12953022.0,65.0,Unknown
Still Rollin,Still Rollin,Shubh,"2,325",29.7,18344.0,7425022.0,69.0,Unknown
Safe And Sound,Capital Cities EP,Capital Cities,"2,317",29.7,256512.0,74267670.0,78.0,Unknown
Mal Hombre,Mal Hombre,Kim Loaiza,"2,323",29.7,1104.0,1717958.0,,Unknown
Teeth,Teeth,5 Seconds of Summer,"2,315",29.7,103554.0,18582680.0,71.0,Unknown
I Took A Pill In Ibiza,The Truth,Mike Posner,"2,316",29.7,17799.0,3474319.0,49.0,Unknown
Run Free,Run Free,Deep Chills,"2,334",29.6,17950.0,3630498.0,55.0,Unknown
In The Dark,In the Dark,Purple Disco Machine,"2,330",29.6,34102.0,6137203.0,59.0,Unknown
Felina,Felina,WIU,"2,331",29.6,35385.0,8942936.0,63.0,Unknown
Meet you at the Graveyard,"Clean Sheets, dirty walls",Cleffy,"2,327",29.6,21000.0,7441709.0,14.0,Unknown
Sexy to Someone,Sexy to Someone,Clairo,"2,329",29.6,2626.0,37148745.0,74.0,Unknown
Se Le Ve,"Se Le Ve (feat. Justin Quiles, Arcangel, De La Ghetto, Lenny Tavï¿½ï¿½rez & Dï¿½ï¿½melo Flow) ",Dï¿½ï¿½melo ,"2,332",29.6,43572.0,11285970.0,56.0,Unknown
Coraï¿½ï¿½ï¿½ï¿½o,Manual de Como Amar Errado,WIU,"2,333",29.6,30426.0,7338920.0,63.0,Unknown
FEARLESS,FEARLESS,LE SSERAFIM,"2,328",29.6,20231.0,4756698.0,62.0,Unknown
Let It Go,Let It Go,James Bay,"2,338",29.5,128593.0,56315096.0,65.0,Unknown
Where It Ends,Where It Ends,Bailey Zimmerman,"2,343",29.5,28857.0,7439902.0,75.0,Unknown
drivers license,drivers license,Olivia Rodrigo,"2,341",29.5,9903.0,2638527.0,57.0,"soft rock, alternative pop, pop"
Desenrola Bate Joga de Ladin (feat. DJ Biel do Furduncinho),Pros Menorzin (feat. DJ Biel do Furduncinho),L7NNON,"2,340",29.5,17907.0,7303868.0,53.0,Unknown
Carry You Home,Carry You Home,Alex Warren,"2,339",29.5,1095.0,21925889.0,71.0,Unknown
City Boys,Workout Rap 2024,Burna Boy,"2,342",29.5,58113.0,19505579.0,69.0,Unknown
Wellerman - Sea Shanty,Wellerman (Sea Shanty),Nathan Evans,"2,336",29.5,103694.0,5805294.0,66.0,Unknown
Every Summertime,Every Summertime,NIKI,"2,346",29.5,60923.0,13164145.0,70.0,Unknown
MANDA BALA,MANDA BALA,Ariis,"2,344",29.5,8387.0,6543410.0,,Unknown
Walk It Talk It,Culture II,Migos,"2,337",29.5,150813.0,29317904.0,67.0,Unknown
TQMQA,TQMQA - Single,Eladio Carrion,"2,335",29.5,9916.0,8275134.0,,Unknown
Face Off,Face Off,Tech N9ne,"2,347",29.5,58039.0,6855506.0,59.0,Unknown
Otra vez (feat. J Balvin),Motivan2,Zion & Lennox,"2,345",29.5,48788.0,18231793.0,67.0,Unknown
BOOKER T,EL ï¿½ï¿½LTIMO TOUR DEL M,Bad Bunny,"2,351",29.4,62435.0,9324189.0,66.0,Unknown
Girls Never Die,<ASSEMBLE24>,tripleS,"2,352",29.4,769.0,17349465.0,67.0,Unknown
"24/7, 365","24/7, 365",elijah woods,"2,359",29.4,12758.0,7968409.0,71.0,Unknown
POCPOC,POCPOC,PEDRO SAMPAIO,"2,360",29.4,9079.0,26226576.0,72.0,Unknown
Je M'appelle,Je M'appelle,Benzz,"2,358",29.4,83611.0,6994071.0,65.0,Unknown
Soap,Soap,Melanie Martinez,"2,349",29.4,48604.0,10908000.0,67.0,Unknown
Bam Yang Gang,Bam Yang Gang,BIBI,"2,357",29.4,3403.0,11994440.0,,Unknown
Never Forget You,Never Forget You,Zara Larsson,"2,348",29.4,98962.0,23627265.0,66.0,Unknown
Tyler Herro,Tyler Herro,Jack Harlow,"2,355",29.4,127984.0,22280549.0,66.0,Unknown
"i hate u, i love u (feat. olivia o'brien)","i hate u, i love u (feat. olivia o'brien)",gnash,"2,354",29.4,122979.0,53743248.0,70.0,Unknown
Ophelia,Ophelia,The Lumineers,"2,350",29.4,213943.0,47156566.0,70.0,Unknown
Manos Rotas,Manos Rotas,DELLAFUENTE,"2,356",29.4,18359.0,8998620.0,71.0,Unknown
Ella No Es Tuya - Remix,Ella No Es Tuya (Remix),Rochy RD,"2,353",29.4,76669.0,15412661.0,62.0,Unknown
Satellite,Harry's House,Harry Styles,"2,373",29.3,51605.0,21294785.0,70.0,Unknown
La Santa,YHLQMDLG,Bad Bunny,"2,361",29.3,96498.0,35375775.0,75.0,Unknown
Tera Ban Jaunga,Kabir Singh,Akhil Sachdeva,"2,372",29.3,15632.0,8831229.0,63.0,Unknown
Monï¿½ï¿½y so,Up 2 Mï¿,Yeat,"2,368",29.3,110916.0,13349294.0,71.0,Unknown
Ranjha Maahi,Ranjha Maahi - Single,Siddhant,"2,375",29.3,75.0,45363.0,7.0,Unknown
Hotline Bling,Trevor Nelson Club Classics,Drake,"2,367",29.3,35.0,3015.0,6.0,Unknown
Sure Thing,All I Want Is You,Miguel,"2,362",29.3,190857.0,100835580.0,81.0,Unknown
Talibans,No Love,Byron Messia,"2,371",29.3,28810.0,5603761.0,61.0,Unknown
Love Story (Taylorï¿½ï¿½ï¿½s Ve,Love Story (Taylorï¿½ï¿½ï¿½s Ve,Taylor Swift,"2,363",29.3,71179.0,60479422.0,74.0,Unknown
Skin de Bandida,Skin de Bandida - Single,Oscar Maydon,"2,364",29.3,14482.0,10063839.0,,Unknown
Escapism. - Sped Up,Escapism. (Sped Up),RAYE,"2,376",29.3,47167.0,13191481.0,66.0,Unknown
Lisa,Lisa,Young Miko,"2,365",29.3,30013.0,8335647.0,67.0,Unknown
I Can Feel It,I Can Feel It - Single,Kane Brown,"2,369",29.3,4589.0,5737335.0,,Unknown
ýýýý ýýýý ýýýýýýýý,ýýýý ýýýý ýýýýýýýý - Single,ýýýýýýýý ýýýýýýýýýýýý,"2,374",29.3,,,,Unknown
you should see me in a crown,you should see me in a crown,Billie Eilish,"2,370",29.3,103375.0,35817894.0,71.0,Unknown
Te Robarï¿,Te Robarï¿,Nicky Jam,"2,366",29.3,59096.0,18863568.0,61.0,Unknown
Rewrite The Stars (with James Arthur & Anne-Marie),Rewrite The Stars (with James Arthur & Anne-Marie),James Arthur,"2,377",29.2,46385.0,17500223.0,73.0,Unknown
FBI,FBI,Picus,"2,386",29.2,295.0,852893.0,,Unknown
Come and Say - Original Mix,Relyt Conections 3,"""XY""","2,379",29.2,1.0,9.0,,Unknown
Somebody (2024),Somebody (2024),Gotye,"2,378",29.2,14144.0,76264974.0,74.0,Unknown
Dandelions,Dandelions,Ruth B.,"2,383",29.2,183674.0,67708124.0,82.0,Unknown
Malvada,Malvada,Zï¿½ï¿½ Fe,"2,382",29.2,17110.0,7754576.0,53.0,Unknown
I Love You So,I Love You So,The Walters,"2,394",29.2,218492.0,59487193.0,83.0,Unknown
i love you,"WHEN WE ALL FALL ASLEEP, WHERE DO WE GO?",Billie Eilish,"2,390",29.2,116055.0,42732119.0,75.0,Unknown
Not Fair,Not Fair,Niklas Dee,"2,392",29.2,46918.0,61515543.0,69.0,Unknown
Benjamins Deli,Benjamins Deli - Single,JRitt,"2,389",29.2,446.0,255703.0,,Unknown
Him & I (with Halsey),Him & I,G-Eazy,"2,384",29.2,141296.0,23238086.0,72.0,Unknown
STAY (with Justin Bieber),Stay,The Kid LAROI,"2,385",29.2,11726.0,2225897.0,53.0,"r&b, hip hop, pop"
TIKTOK,TIKTOK,Ian Lucas,"2,381",29.2,113.0,1773907.0,59.0,Unknown
Call Your Friends,Call Your Friends - Single,Rod Wave,"2,395",29.2,10429.0,2724041.0,46.0,Unknown
Rosa Pastel,Rosa Pastel,Peso Pluma,"2,391",29.2,22780.0,5337724.0,65.0,Unknown
Dirt Cheap,Leather,Cody Johnson,"2,387",29.2,8961.0,11610924.0,11.0,Unknown
Borderline,The Slow Rush,Tame Impala,"2,380",29.2,156377.0,27309112.0,76.0,Unknown
Tï¿,Encerrados Pero Enfiestados (Live Vol. 1),Carin Leon,"2,393",29.2,31216.0,7536781.0,68.0,Unknown
No Time To Die,No Time To Die,Billie Eilish,"2,388",29.2,91391.0,29634724.0,70.0,Unknown
All Eyes on Me,All Eyes on Me - Single,Dj Belite,"2,401",29.1,512.0,52259.0,,Unknown
En El Radio Un Cochinero,En El Radio Un Cochinero,Victor Cibrian,"2,399",29.1,26581.0,6387381.0,61.0,Unknown
Safari,Energï¿½,J Balvin,"2,402",29.1,61743.0,16037041.0,65.0,Unknown
comethru,comethru,Jeremy Zucker,"2,405",29.1,90889.0,19172749.0,69.0,Unknown
ýýýýýýýýýýýýýýýýýýýýýýýýýýýýýýýýýýýýýýýýýý,ýýýýýýýýýýýýýýýýýýýýýýýýýýýýýýýýýýýýýýýýýý - Single,ýýýýýýýýýýýýýýý ýýýýýýýýýýýýýýý,"2,403",29.1,128.0,136647.0,52.0,Unknown
ROCKSTAR,$AD BOYZ 4 LIFE II,Junior H,"2,404",29.1,13021.0,14018925.0,79.0,Unknown
Boy's a liar,Boy's a liar,PinkPantheress,"2,400",29.1,39800.0,6108454.0,62.0,Unknown
O Patinho Colorido,"Bento e Totï¿½ï¿½, Vo",Bento e Totï¿,"2,396",29.1,2068.0,188999.0,52.0,Unknown
La Mejor Version de Mi,La Mejor Versiï¿½ï¿½n d,NATTI NATASHA,"2,398",29.1,33020.0,14584019.0,66.0,Unknown
B.O.T.A. (Baddest Of Them All),B.O.T.A. (Baddest Of Them All) / Move To The,Eliza Rose,"2,397",29.1,34495.0,3089794.0,52.0,Unknown
Love Terremoto - Ao Vivo,"Resenha Preferida, Vol. 2 (Ao Vivo)",Os Barï¿½ï¿½es Da Pisad,"2,413",29.0,1868.0,3645660.0,40.0,Unknown
Lucky Girl Syndrome,SUPER REAL ME,ILLIT,"2,408",29.0,1933.0,2045965.0,72.0,Unknown
...Baby One More Time (from Kung Fu Panda 4),Kung Fu Panda 4 (Original Motion Picture Soundtrack),Tenacious D,"2,406",29.0,5020.0,3964955.0,,Unknown
Little Dark Age,Little Dark Age,MGMT,"2,415",29.0,197169.0,31052903.0,72.0,Unknown
Una Lady Como Tï¿,Una Lady Como Tï¿,Manuel Turizo,"2,409",29.0,41.0,3790.0,,Unknown
Whatever She Wants,Whatever She Wants,Bryson Tiller,"2,418",29.0,529.0,187667.0,,r&b
Hypnotized,Hypnotized,Purple Disco Machine,"2,419",29.0,77323.0,15730444.0,58.0,Unknown
Diable,Bocaterrosa,Ven'nus,"2,423",29.0,117.0,4155.0,10.0,Unknown
Laung Laachi Title Track,"Laung Laachi Title Track (From ""Laung Laachi"")",Mannat Noor,"2,422",29.0,6294.0,1007695.0,45.0,Unknown
Chunni Me Perfume Lagawe,Chunni Me Perfume Lagawe - Single,Gajendra Gurjar,"2,412",29.0,,,,Unknown
Koka,Koka,Mankirt Aulakh,"2,417",29.0,1287.0,3341218.0,,Unknown
ELEVEN,ELEVEN,IVE,"2,407",29.0,23542.0,9642342.0,66.0,Unknown
Hasta el Amanecer,Hasta el Amanecer,Nicky Jam,"2,411",29.0,935.0,382240.0,,Unknown
Space Cadet (feat. Gunna),NOT ALL HEROES WEAR CAPES,Metro Boomin,"2,416",29.0,204396.0,35887216.0,75.0,Unknown
Poker Face ( Remix ),Poker Face ( Remix ),Bora Media,"2,410",29.0,1.0,5.0,,Unknown
November Rain (2022 Version),November Rain / Double Talkin' Jive / You Could Be Mine,Guns N' Roses,"2,420",29.0,2572.0,13575009.0,53.0,Unknown
ýýýýýýýýýýýý ýýýýýýýýýýýý,The End,Lusia Chebotina,"2,421",29.0,13584.0,1196310.0,51.0,Unknown
We Ride,We Ride - Single,Bryan Martin,"2,414",29.0,30976.0,8143503.0,76.0,Unknown
Rich Spirit,Mr. Morale & The Big Steppers,Kendrick Lamar,"2,437",28.9,68188.0,10639841.0,71.0,Unknown
Cochinae,Querian Perreo?,Julianno Sosa,"2,438",28.9,35527.0,6146030.0,58.0,Unknown
Juju On That Beat (TZ Anthem),Juju On That Beat (TZ Anthem),Zay Hilfigerrr,"2,427",28.9,30216.0,6007155.0,52.0,Unknown
I'm Not The Only One,In The Lonely Hour (Deluxe),Sam Smith,"2,428",28.9,164059.0,76679523.0,77.0,Unknown
Murder,Murder,Bgnzinho,"2,431",28.9,1475.0,166424.0,37.0,Unknown
Major Distribution,Her Loss,Drake,"2,430",28.9,70800.0,15434966.0,62.0,Unknown
Psikopat,Psikopat,Butrint Imeri,"2,426",28.9,387.0,318456.0,,Unknown
Piï¿½ï¿½man Deï¿,Piï¿½ï¿½man Deï¿½ï¿½ilim ,Semicenk,"2,434",28.9,16247.0,2133867.0,65.0,Unknown
Dynamite,Rokstarr (Special Edition),Taio Cruz,"2,439",28.9,204514.0,89320567.0,69.0,Unknown
Chlorine,Trench,Twenty One Pilots,"2,425",28.9,91490.0,9737600.0,68.0,Unknown
GIVENCHY,Temporada de Reggaetï¿½ï¿,Duki,"2,436",28.9,48629.0,9332907.0,62.0,Unknown
Here,Here,Alessia Cara,"2,441",28.9,76646.0,16115782.0,65.0,Unknown
COME UN TUONO (feat. Guï¿½,RADIO SAKURA,Rose Villain,"2,433",28.9,2987.0,6810196.0,75.0,Unknown
Favorito,Favorito,Camilo,"2,435",28.9,42311.0,12661251.0,58.0,Unknown
Royalty,Royalty,Egzod,"2,432",28.9,52261.0,12634570.0,74.0,Unknown
Am I Wrong,More Music 2013,Nico & Vinz,"2,440",28.9,160031.0,38549276.0,71.0,Unknown
Tennessee Orange,Tennessee Orange,Megan Moroney,"2,424",28.9,28139.0,12480714.0,73.0,Unknown
Tennessee Orange,Tennessee Orange,Megan Moroney,"2,424",28.9,28139.0,12480714.0,73.0,Unknown
Still Trappin' (with King Von),The Voice,Lil Durk,"2,448",28.8,76081.0,7784086.0,61.0,Unknown
De Fresa y Coco,De Fresa y Coco,Luis R Conriquez,"2,445",28.8,7818.0,5727811.0,,Unknown
He Dead (Oil Thief Remix),REMXNG 2.1,clipping.,"2,456",28.8,31.0,543.0,,Unknown
YUM YUM (Slowed),YUM YUM,LXNGVX,"2,450",28.8,10792.0,6471028.0,64.0,Unknown
Issues,Issues,Julia Michaels,"2,446",28.8,86990.0,25275888.0,69.0,Unknown
Element,Meet The Woo 2,Pop Smoke,"2,457",28.8,164690.0,25242475.0,68.0,Unknown
n.h.i.e.,n.h.i.e.,21 Savage,"2,459",28.8,16786.0,13717188.0,,Unknown
GOD'S COUNTRY,UTOPIA,Travis Scott,"2,455",28.8,34681.0,3243869.0,64.0,Unknown
Parado no Bailï¿½,Parado no Bailï¿½,MC L da Vinte,"2,442",28.8,87059.0,13523070.0,68.0,Unknown
El Paso del Gigante,Los Reyes de los Sonidos,Grupo Soï¿½ï¿½,"2,444",28.8,1.0,1.0,,Unknown
F Boy,F Boy,Ander Huang,"2,451",28.8,973.0,166740.0,19.0,Unknown
"Yo x Ti, Tu x Mi","Yo x Ti, Tu x Mi",ROSALï¿½,"2,452",28.8,76099.0,26265380.0,65.0,Unknown
Say It,Say It,Tory Lanez,"2,447",28.8,83010.0,18881944.0,70.0,Unknown
Ain't Shit,Planet Her,Doja Cat,"2,454",28.8,90475.0,27073255.0,70.0,Unknown
Dancing With Your Ghost,Dancing With Your Ghost,Sasha Alex Sloan,"2,458",28.8,104197.0,40491454.0,71.0,Unknown
SIRENS,UTOPIA,Travis Scott,"2,449",28.8,39218.0,4027424.0,65.0,Unknown
Conexï¿½ï¿½es de Mï¿½ï¿½fia (feat. Rich ,Conexï¿½ï¿½es de Mï¿½ï¿½fia (feat. Rich The Kid) ,Matuï¿,"2,453",28.8,29495.0,10067664.0,67.0,Unknown
2 Hielos,2 Hielos,King Savagge,"2,443",28.8,16848.0,2644680.0,,Unknown
BAD BOY,BAD BOY,Chris Jedi,"2,474",28.7,7316.0,25238956.0,,Unknown
I Love Mama Mantu,I Love Mama Mantu,Bulan Sutena,"2,468",28.7,1905.0,405342.0,37.0,Unknown
Hall of Fame (feat. will.i.am),NRJ Hits 17,The Script,"2,465",28.7,180669.0,67730386.0,78.0,Unknown
Original som fan,HIPHOPP Vol. 1,OP,"2,466",28.7,93.0,4955.0,3.0,Unknown
SLAY!,SLAY!,Eternxlkz,"2,471",28.7,5560.0,36721527.0,80.0,Unknown
Zaroori Tha,Sahir Ali Bagga Special,Rahat Fateh Ali Khan,"2,463",28.7,1.0,11.0,,Unknown
Deixa,Deixa,Maria Marï¿½ï,"2,467",28.7,4611.0,7326714.0,67.0,Unknown
We Didnï¿½ï¿½ï¿½t Start Th,We Didnï¿½ï¿½ï¿½t Start Th,Fall Out Boy,"2,464",28.7,18224.0,4939707.0,59.0,Unknown
ýýýýýýýýýýýýýýýýýýýýýýýýýýýýýýýýý- Sayonara,ýýýýýýýýýýýýýýýýýýýýýýýýýýýýýý!- Sayonara - Single,Kenshi Yonezu,"2,473",28.7,1119.0,5275757.0,71.0,Unknown
Proud Mary - 2023 Remaster,What's Love Got to Do with It (30th Anniversary Deluxe Edition),Tina Turner,"2,460",28.7,3.0,165.0,,Unknown
Runaway (U & I),Runaway (U & I),Galantis,"2,469",28.7,155100.0,42988196.0,72.0,Unknown
Ley Seca,Ley Seca,Jhay Cortez,"2,462",28.7,80841.0,20936024.0,66.0,Unknown
Dawns (feat. Maggie Rogers),Dawns (feat. Maggie Rogers) - Single,Zach Bryan,"2,461",28.7,44088.0,11298879.0,75.0,Unknown
Mesafe,Mesafe,Semicenk,"2,470",28.7,9504.0,1321095.0,,Unknown
Numb,Meteora,Linkin Park,"2,472",28.7,270810.0,75602131.0,80.0,Unknown
So High School,THE TORTURED POETS DEPARTMENT: THE ANTHOLOGY,Taylor Swift,"2,478",28.6,3397.0,13075013.0,87.0,Unknown
Hola,Climaxxx,Dalex,"2,483",28.6,6572.0,781594.0,42.0,Unknown
Dark Red,Dark Red,Steve Lacy,"2,475",28.6,261850.0,48425069.0,80.0,Unknown
Diosa,Easy Money Baby,Myke Towers,"2,484",28.6,70596.0,17915387.0,66.0,Unknown
Sand Monkey,Sand Monkey,Kid Pharaoh,"2,479",28.6,14.0,690.0,,Unknown
Wagon Wheel,True Believers,Darius Rucker,"2,477",28.6,107826.0,25463894.0,73.0,Unknown
Dil Galti Kar Baitha Hai,Dil Galti Kar Baitha Hai,Jubin Nautiyal,"2,482",28.6,5573.0,1466888.0,53.0,Unknown
Is There Someone Else?,The Highlights (Deluxe),The Weeknd,"2,485",28.6,87216.0,26997782.0,76.0,Unknown
Dream Girl,Deeper 2.0,Ir Sais,"2,481",28.6,41010.0,3635651.0,54.0,Unknown
Wild Side (feat. Cardi B),Wild Side (feat. Cardi B) - Single,Normani,"2,476",28.6,36504.0,12624326.0,60.0,Unknown
Bi' Tek Ben Anlarï¿½,Bi' Tek Ben Anlarï¿½,Kï¿½ï,"2,480",28.6,27588.0,8269792.0,58.0,Unknown
Location (feat. Burna Boy),PSYCHODRAMA,Dave,"2,490",28.5,169023.0,15332361.0,70.0,Unknown
Mon Amour,Mon Amour,Annalisa,"2,488",28.5,9584.0,2241484.0,56.0,Unknown
"Ve Kamleya (From ""Rocky Aur Rani Kii Prem Kahaani"")","Ve Kamleya (From ""Rocky Aur Rani Kii Prem Kahaani"")",Pritam,"2,495",28.5,6294.0,9201752.0,68.0,Unknown
Cake By The Ocean - Cover,SEXY BEACH SONGS,MUSIC LAB JPN,"2,540",28.5,,,,Unknown
Pray For Me,Pray For Me (with Kendrick Lamar),The Weeknd,"2,491",28.5,139420.0,28588643.0,71.0,Unknown
p r i d e . i s . t h e . d e v i l (with Lil Baby),The Off-Season,J. Cole,"2,487",28.5,125205.0,14849325.0,65.0,Unknown
Position,Prime,Franglish,"2,492",28.5,3922.0,6621845.0,73.0,Unknown
Motley Crew,Motley Crew,Post Malone,"2,486",28.5,98593.0,24244488.0,66.0,Unknown
Poppin,2 Alivï¿,Yeat,"2,493",28.5,61870.0,4946068.0,63.0,Unknown
Memories,Memories,Conan Gray,"2,494",28.5,68570.0,23007042.0,72.0,Unknown
Casi Completa,PRESENTE,Juliï¿½ï¿½n ï¿½ï¿½lvarez y su Norteï,"2,489",28.5,2743.0,8231330.0,,Unknown
JOLENE,COWBOY CARTER,Beyoncï¿,"2,500",28.4,3903.0,8284613.0,,Unknown
Roï¿½ï¿½a Em,Roï¿½ï¿½a Em,Zï¿½ï¿½ Fe,"2,502",28.4,15067.0,10379433.0,63.0,Unknown
"Sugarcane (Remix) [feat. King Promise, Mayorkun & Darkoo]","Sugarcane (Remix) [feat. King Promise, Mayorkun & Darkoo]",Camidoh,"2,498",28.4,24196.0,1963638.0,57.0,Unknown
Kya Hua,Blackout (Original Motion Picture Soundtrack),Vishal Mishra,"2,497",28.4,20.0,1453389.0,,Unknown
TOES (feat. Lil Baby & Moneybagg Yo),KIRK,DaBaby,"2,499",28.4,77636.0,12565087.0,60.0,Unknown
Ch-Ch-Ch Chick (feat. Chick McGee),A Couple of Nuts,Bob and Tom,"2,501",28.4,7.0,5.0,,Unknown
10 Things I Hate About You,10 Things I Hate About You,Leah Kate,"2,496",28.4,38595.0,7419495.0,4.0,Unknown
Adios Amor,Adios Amor,Christian Nodal,"2,517",28.3,23.0,3072.0,,Unknown
X ï¿½ï¿½LTIMA,LEGENDADDY,Daddy Yankee,"2,503",28.3,53657.0,22643350.0,64.0,Unknown
Lalala - Ilkan Gunuc Remix,Lalala (Ilkan Gunuc Remix),Y2K,"2,515",28.3,9377.0,3738275.0,49.0,Unknown
Poco A Poco,Poco A Poco - Single,Xavi,"2,514",28.3,15570.0,15950378.0,82.0,Unknown
The Alchemy,THE TORTURED POETS DEPARTMENT,Taylor Swift,"2,513",28.3,2992.0,15108991.0,,Unknown
Sunday Service,Sunday Service,Latto,"2,505",28.3,1736.0,2704404.0,,Unknown
Red Ruby Da Sleeze,Red Ruby Da Sleeze,Nicki Minaj,"2,504",28.3,25770.0,27326995.0,59.0,Unknown
Mama,Mama,Jonas Blue,"2,509",28.3,89780.0,18075056.0,67.0,Unknown
Puta Mexicana,Som das Regiï¿½ï,DJ Jeeh FDC,"2,508",28.3,38926.0,14426720.0,63.0,Unknown
Self Care,Self Care,Mac Miller,"2,516",28.3,156992.0,21060151.0,70.0,Unknown
Out of Time,The Highlights (Deluxe),The Weeknd,"2,507",28.3,78793.0,18239674.0,70.0,Unknown
Karma,Midnights (3am Edition),Taylor Swift,"2,510",28.3,2358.0,643308.0,47.0,Unknown
About You,Being Funny In a Foreign Language,The 1975,"2,506",28.3,48286.0,23268627.0,75.0,Unknown
BED,BED,Joel Corry,"2,512",28.3,91401.0,37879799.0,66.0,Unknown
23,23,Chayce Beckham,"2,511",28.3,52661.0,12543368.0,69.0,Unknown
I Can Do It With a Broken Heart,THE TORTURED POETS DEPARTMENT,Taylor Swift,"2,525",28.2,648.0,818594.0,,"country pop, pop"
Andas En Mi Cabeza,Bachatas Mix,Chino & Nacho,"2,522",28.2,,,,Unknown
Remember,Club House,Becky Hill,"2,529",28.2,78241.0,59982572.0,67.0,Unknown
Here's Your Perfect,Here's Your Perfect,Jamie Miller,"2,523",28.2,42598.0,8678739.0,69.0,Unknown
Highs & Lows,Highs & Lows,Prinz,"2,530",28.2,19758.0,4733486.0,63.0,Unknown
Survivorï¿½ï¿½ï¿½s R,Survivorï¿½ï¿½ï¿½s R,Roddy Ricch,"2,535",28.2,789.0,28882654.0,66.0,Unknown
Halloween,Halloween,Blood Dance,"2,534",28.2,45.0,1692.0,2.0,Unknown
Impossible,Impossible - Single,RIIZE,"2,533",28.2,987.0,16575491.0,69.0,Unknown
El Rescate,El Rescate - Single,Grupo Marca Registrada,"2,528",28.2,34952.0,16586286.0,69.0,Unknown
Wockesha,A Gangstaï¿½ï¿½ï¿½,Moneybagg Yo,"2,518",28.2,64635.0,5451499.0,56.0,Unknown
Mirame,Mirame - Single,Blessd,"2,532",28.2,1758.0,36846830.0,72.0,Unknown
Pantysito,Pantysito,Alejo,"2,526",28.2,63085.0,23635638.0,66.0,Unknown
brutal,SOUR,Olivia Rodrigo,"2,524",28.2,87550.0,20272841.0,73.0,Unknown
Recognize (feat. Drake),PARTYNEXTDOOR TWO,PARTYNEXTDOOR,"2,531",28.2,58725.0,10964599.0,65.0,Unknown
Daylight,For All The Dogs,Drake,"2,521",28.2,26088.0,13353722.0,,Unknown
Lovefool,Lovefool,twocolors,"2,519",28.2,73161.0,29218709.0,62.0,Unknown
Rich Flex,Her Loss,Drake,"2,520",28.2,5471.0,1026240.0,46.0,"hip hop, rap"
MEMORIAS,Microdosis,Mora,"2,527",28.2,67125.0,16316500.0,70.0,Unknown
Mood Malandro,Mood Malandro,Cï¿½ï¿½dig,"2,538",28.1,15111.0,13192945.0,71.0,Unknown
JACKIE BROWN,WASTELAND,Brent Faiyaz,"2,542",28.1,57298.0,14371239.0,70.0,Unknown
TELEFONO NUEVO,nadie sabe lo que va a pasar maï¿½ï¿,Bad Bunny,"2,544",28.1,22195.0,4712903.0,,Unknown
Danï¿½ï¿½a Ma,Danï¿½ï¿½a Ma,Bolofofos,"2,536",28.1,1820.0,350049.0,49.0,Unknown
Kalkatiya Raja,Kalkatiya Raja,Pawan Singh,"2,545",28.1,231.0,175674.0,,Unknown
Drippy,Drippy,Sidhu Moose Wala,"2,537",28.1,2503.0,5333908.0,,Unknown
Never Going Home,Summer 2021,Kungs,"2,539",28.1,89224.0,17836102.0,63.0,Unknown
Problemï¿½,Problemï¿½,Alvaro Diaz,"2,548",28.1,47297.0,14033837.0,68.0,Unknown
Waiting for the End,Papercuts,Linkin Park,"2,541",28.1,5.0,55.0,,Unknown
Pacto (feat. Luar La L),Pacto (feat. Luar La L),Jay Wheeler,"2,547",28.1,19596.0,3713869.0,54.0,Unknown
Nena Maldiciï¿½ï¿½n (feat. Lenny Tavï¿,Nena Maldicion (feat. Lenny Tavarez),Paulo Londra,"2,546",28.1,19568.0,3797350.0,,Unknown
Talk talk,BRAT,Charli xcx,"2,540",28.1,830.0,35947142.0,,Unknown
Daisy,Daisy,Ashnikko,"2,543",28.1,87580.0,20339605.0,63.0,Unknown
Fast Forward,GAME PLAN,JEON SOMI,"2,556",28.0,9715.0,3943924.0,59.0,Unknown
Ice Attack,WE DON'T TRUST YOU,Future,"2,553",28.0,9619.0,2346613.0,,Unknown
Stolen Dance,Die Ultimative Chartshow - Hits 2013,Milky Chance,"2,558",28.0,331171.0,51661945.0,76.0,Unknown
Set Me Free Pt.2,Set Me Free Pt.2,Jimin,"2,554",28.0,12581.0,16368476.0,76.0,Unknown
Satu Rasa Cinta,Satu Rasa Cinta,Fira Cantika,"2,555",28.0,1.0,3.0,,Unknown
Azul,Colores,J Balvin,"2,557",28.0,60072.0,13255516.0,63.0,Unknown
LOCATION,LOCATION,KAROL G,"2,551",28.0,36130.0,7600107.0,50.0,Unknown
Terminator,Terminator,King Promise,"2,559",28.0,8723.0,6659055.0,58.0,Unknown
Orang Yang Salah - Sped Up Version,Orang Yang Salah (Sped Up Version),Luvia band,"2,552",28.0,239.0,152396.0,,Unknown
Snowman,Snowman,Sia,"2,561",28.0,123852.0,25500657.0,69.0,Unknown
Hurricane,Donda,Kanye West,"2,549",28.0,108795.0,16231758.0,62.0,Unknown
Rumah Singgah,Rumah Singgah,Fabio Asher,"2,550",28.0,13095.0,3228030.0,67.0,Unknown
Strip That Down (feat. Quavo),Strip That Down,Liam Payne,"2,560",28.0,86051.0,18285158.0,63.0,Unknown
IT GIRL - Sped up Version,IT GIRL (Sped up Version),Aliyah's Interlude,"2,570",27.9,7125.0,3235480.0,,Unknown
Khodni,Khodni - Single,AL SHAMI,"2,566",27.9,97.0,384024.0,,Unknown
Lost in the Fire (feat. The Weeknd),Lost in the Fire (feat. The Weeknd),Gesaffelstein,"2,564",27.9,158437.0,56718950.0,75.0,Unknown
Minha Heranï¿½,Minha Heranï¿½,Ana Castela,"2,575",27.9,506.0,20021976.0,64.0,Unknown
Diva Yorgun,Diva Yorgun,Melike ï¿½ï¿½,"2,574",27.9,7526.0,1713723.0,58.0,Unknown
Can't Get Enough,Can't Get Enough,Jennifer Lopez,"2,565",27.9,1348.0,2545397.0,,Unknown
The Man He Sees in Me,The Man He Sees in Me,Luke Combs,"2,569",27.9,766.0,17968556.0,71.0,Unknown
Dilemma,Nellyville (Explicit Version),Nelly,"2,573",27.9,170136.0,65334656.0,74.0,Unknown
20 Tragos,20 Tragos,Yiï¿½,"2,568",27.9,29.0,18081.0,,Unknown
My wrist (with Young Thug),My wrist (with Young Thug),Yeat,"2,572",27.9,32703.0,6521059.0,64.0,Unknown
GigaChad Theme - Phonk House Version,GigaChad Theme (Phonk House Version),g3ox_em,"2,571",27.9,45283.0,24157482.0,69.0,Unknown
Jackie Chan,Jackie Chan,Tiï¿½ï¿,"2,562",27.9,122200.0,28477959.0,66.0,Unknown
Words (feat. Zara Larsson),Words (feat. Zara Larsson),Alesso,"2,563",27.9,58627.0,45560940.0,72.0,Unknown
Bombonzinho - Ao Vivo,Bombonzinho (Ao Vivo),Israel & Rodolffo,"2,576",27.9,21379.0,13592125.0,61.0,Unknown
Mil Preguntas,Mil Preguntas - Single,The La Planta,"2,567",27.9,2367.0,8527648.0,70.0,Unknown
OJALï¿,OJALï¿,Maria Becerra,"2,579",27.8,16559.0,4927487.0,56.0,Unknown
Bejeweled,Midnights,Taylor Swift,"2,577",27.8,32472.0,22834672.0,71.0,Unknown
Lovin On Me,Lovin On Me - Single,Jack Harlow,"2,583",27.8,4166.0,982289.0,,"trap, hip hop, pop"
Back for More (with Anitta),Back for More (with Anitta),TOMORROW X TOGETHER,"2,580",27.8,8050.0,7207941.0,,Unknown
Heaven,Kane Brown (Deluxe Edition),Kane Brown,"2,584",27.8,43773.0,13627930.0,66.0,Unknown
Rolex,Rolex,Ayo & Teo,"2,585",27.8,7067.0,1642096.0,,Unknown
That Girl,That Girl,Amrinder Gill,"2,582",27.8,234.0,2317956.0,62.0,Unknown
FERXXO 151,FERXXO 151,Feid,"2,587",27.8,23959.0,10822808.0,64.0,Unknown
Dhaniya Ae Jaan,Dhaniya Ae Jaan,Pawan Singh,"2,589",27.8,191.0,173325.0,,Unknown
Young And Beautiful,Music From Baz Luhrmann's Film The Great Gatsby,Lana Del Rey,"2,586",27.8,158078.0,59355964.0,80.0,Unknown
United In Grief,Mr. Morale & The Big Steppers,Kendrick Lamar,"2,578",27.8,81509.0,7710812.0,71.0,Unknown
Drunk in Love,Beyoncï¿½ï¿½ (Del,Beyoncï¿,"2,588",27.8,73281.0,24577326.0,67.0,Unknown
La Vida Sin Ti,La Vida Sin Ti,Rels B,"2,581",27.8,3367.0,20131086.0,74.0,Unknown
FREAK,YUQ1,YUQI,"2,604",27.7,918.0,11306595.0,66.0,Unknown
Casa Mia,Casa Mia,Ghali,"2,607",27.7,3119.0,3112859.0,74.0,Unknown
Kaikai Kitan,ýýýýýýýýýýýý,Eve,"2,596",27.7,64972.0,8591521.0,68.0,Unknown
Opp Stoppa (feat. 21 Savage),Opp Stoppa (feat. 21 Savage),YBN Nahmir,"2,603",27.7,80591.0,7682255.0,64.0,Unknown
Mary On A Cross,Seven Inches Of Satanic Panic,Ghost,"2,594",27.7,130464.0,19387390.0,71.0,Unknown
Go Fuck Yourself,First Steps,Two Feet,"2,591",27.7,160382.0,29032760.0,68.0,Unknown
Crocodile Tearz,Might Delete Later,J. Cole,"2,600",27.7,5769.0,25367830.0,,Unknown
PLIS,PLIS,Camilo,"2,593",27.7,2461.0,22699959.0,,Unknown
Back to Me,VULTURES 1,Kanye West,"2,599",27.7,13507.0,6358959.0,,Unknown
Antidepresan,Antidepresan,Mert Demir,"2,605",27.7,25648.0,5961079.0,62.0,Unknown
Rise,Rise,Jonas Blue,"2,592",27.7,93636.0,18157143.0,64.0,Unknown
Summertime Sadness,Born To Die (Deluxe Version),Lana Del Rey,"2,606",27.7,204954.0,53282968.0,79.0,Unknown
8:00 AM,8:00 AM,Nicki Nicole,"2,601",27.7,20671.0,8011051.0,63.0,Unknown
PICK IT UP (feat. A$AP Rocky),Pick It Up (feat. A$AP Rocky),Famous Dex,"2,595",27.7,47818.0,8308985.0,58.0,Unknown
Double Fantasy (with Future),Double Fantasy,The Weeknd,"2,597",27.7,36631.0,14272823.0,66.0,Unknown
Jungle,Jungle,Alok,"2,590",27.7,19017.0,69287736.0,,Unknown
Fisherrr,Fisherrr - Single,Cash Cobain,"2,598",27.7,2816.0,3862691.0,28.0,Unknown
Thank You for Being You,Thank You for Being You,OctaSounds,"2,602",27.7,739.0,35130.0,43.0,Unknown
Wild as Her,Wild as Her,Corey Kent,"2,614",27.6,32769.0,6038439.0,66.0,Unknown
Beautiful (feat. Camila Cabello),Beautiful (feat. Camila Cabello),Bazzi,"2,611",27.6,55335.0,17510051.0,66.0,Unknown
Black Friday,Black Friday,Tom Odell,"2,616",27.6,23805.0,42713528.0,,Unknown
Summertime Sadness (Sped Up),Summertime Sadness (Sped Up),Lana Del Rey,"2,613",27.6,10765.0,7466559.0,59.0,Unknown
Ignorantes,Ignorantes,Bad Bunny,"2,618",27.6,88857.0,22055975.0,62.0,Unknown
Break Free,Pop Party 13,Ariana Grande,"2,610",27.6,96199.0,41829450.0,70.0,Unknown
Risk,Risk,Gracie Abrams,"2,617",27.6,2686.0,35162711.0,78.0,Unknown
"Nathy Peluso: Bzrp Music Sessions, Vol. 36","Nathy Peluso: Bzrp Music Sessions, Vol. 36",Bizarrap,"2,615",27.6,54422.0,8157305.0,61.0,Unknown
WY@,WY@,Brent Faiyaz,"2,609",27.6,15316.0,7846247.0,,Unknown
Acapulco,Acapulco,Jason Derulo,"2,608",27.6,67318.0,33339871.0,65.0,Unknown
GHOST TOWN,GHOST TOWN,Benson Boone,"2,612",27.6,65369.0,34887197.0,66.0,Unknown
Bande organisï¿½,Bande organisï¿½,13 Organisï¿,"2,625",27.5,62950.0,4938947.0,63.0,Unknown
Only Human,Happiness Begins,Jonas Brothers,"2,634",27.5,58919.0,15436258.0,65.0,Unknown
Daddy Issues,Wiped Out!,The Neighbourhood,"2,627",27.5,239555.0,84147867.0,80.0,Unknown
Cha Cha Cha,Cha Cha Cha,Kï¿½ï¿½ï¿½,"2,624",27.5,42463.0,3803730.0,66.0,Unknown
Raining In Manila,Raining In Manila,Lola Amour,"2,633",27.5,11506.0,4813121.0,63.0,Unknown
Diabï¿½ï¿½,Diabï¿½ï¿½,Cris Mj,"2,628",27.5,12847.0,42315256.0,73.0,Unknown
HE KNOWS (feat. Lil Nas X),HE KNOWS (feat. Lil Nas X),Camila Cabello,"2,632",27.5,1591.0,38201815.0,,Unknown
"Feels (feat. Pharrell Williams, Katy Perry & Big Sean)",Feels,Calvin Harris,"2,626",27.5,153725.0,45935052.0,70.0,Unknown
Everybody make some Tik Tok,Everybody make some some Tik Tok,Bounce Oï¿½ï¿½ï¿,"2,621",27.5,481.0,35220.0,13.0,Unknown
Another Love (Tiï¿½ï¿½sto Re,Another Love (Tiï¿½ï¿½sto Re,Tom Odell,"2,620",27.5,32658.0,32977028.0,67.0,Unknown
"His & Hers (feat. Don Toliver, Lil Uzi Vert & Gunna)",His & Hers,Internet Money,"2,631",27.5,81921.0,11821621.0,,Unknown
Tu Aake Dekhle,The Carnival,King,"2,629",27.5,33664.0,5963459.0,69.0,Unknown
Red Leather,WE STILL DON'T TRUST YOU,Future,"2,630",27.5,6606.0,6526571.0,,Unknown
Viva La Vida,Meu Pai ï¿½ï¿½ do ,Coldplay,"2,619",27.5,335772.0,128128093.0,80.0,Unknown
Nice to Meet You,Nice to Meet You,Imagine Dragons,"2,623",27.5,1446.0,39911356.0,75.0,Unknown
Verte Ir,Verte Ir,DJ Luian,"2,622",27.5,65928.0,18945081.0,64.0,Unknown
Pink + White,Blonde,Frank Ocean,"2,642",27.4,228950.0,71708447.0,83.0,Unknown
Mother,Takin' It Back (Deluxe),Meghan Trainor,"2,640",27.4,12390.0,2274976.0,57.0,Unknown
Flashback (feat. Gazo),Flashback,Favï¿,"2,654",27.4,16418.0,4788967.0,66.0,Unknown
Space Song,Depression Cherry,Beach House,"2,646",27.4,261122.0,71073470.0,73.0,Unknown
OKAY,OKAY (Versions),JT,"2,641",27.4,1966.0,36576049.0,65.0,Unknown
Rude,Rude,MAGIC!,"2,650",27.4,1472.0,287308.0,,Unknown
Chill Bill,The RCA-List (Vol. 2),Rob $tone,"2,649",27.4,155472.0,20340958.0,70.0,Unknown
My Way,My Way,Calvin Harris,"2,636",27.4,132592.0,41964503.0,73.0,Unknown
Big City Life,Big City Life,Luude,"2,653",27.4,71547.0,13471679.0,65.0,Unknown
Luchï¿½ï¿½ La,Luchï¿½ï¿½ La Ley - Si,BoomBoxRepairKit,"2,645",27.4,,,,Unknown
Wife,Wife,(G)I-DLE,"2,643",27.4,3850.0,12472972.0,,Unknown
'Till I Collapse,The Eminem Show,Eminem,"2,651",27.4,282888.0,74055843.0,79.0,Unknown
No Hands (feat. Roscoe Dash & Wale),No Hands (feat. Roscoe Dash & Wale),Waka Flocka Flame,"2,655",27.4,113043.0,31739594.0,71.0,Unknown
Jumbotron Shit Poppin,Her Loss,Drake,"2,635",27.4,44782.0,4407877.0,62.0,Unknown
La Nota,La Nota,Manuel Turizo,"2,648",27.4,80872.0,37192436.0,64.0,Unknown
Amor a Primera Vista,Amor a Primera Vista,Los ï¿½ï¿½ngeles Az,"2,644",27.4,29735.0,10707382.0,65.0,Unknown
Solo,Solo,Myles Smith,"2,647",27.4,18521.0,23770824.0,,Unknown
UNFORGIVEN (feat. Nile Rodgers),UNFORGIVEN,LE SSERAFIM,"2,639",27.4,18262.0,11833709.0,70.0,Unknown
ýýýýýýýýýýýýýýýýýýýýýýýýýýýýýýýýýýýýýýýýýýýýýýýýýýýýýýýýýýýýýýýýýýýýýýýý,ýýýýýýýýýýýýýýýýýýýýýýýýýýýýýýýýýýýýýýýýýýýýýýýýýýýýýýýýýýýýýýýýýýýýýýýý,Bonnadol,"2,652",27.4,207.0,18460.0,21.0,Unknown
Elini Ver,Elini Ver,Amo988,"2,637",27.4,639.0,5601320.0,72.0,Unknown
Sex Music,Sex Music,Tank,"2,638",27.4,920.0,403273.0,30.0,Unknown
Porfa,Porfa,Feid,"2,661",27.3,62515.0,16214167.0,65.0,Unknown
P power (feat. Drake),DRIP SEASON 4EVER,Gunna,"2,671",27.3,91786.0,17784294.0,69.0,Unknown
I Can See You (Taylorï¿½ï¿½ï¿½s Version) (From The ,Speak Now (Taylor's Version),Taylor Swift,"2,673",27.3,19231.0,16723973.0,69.0,Unknown
Derniï¿½ï¿½re d,Derniï¿½ï¿½re D,Indila,"2,672",27.3,84509.0,10769145.0,72.0,Unknown
Prada (Valexus Remix),Prada (feat. Valexus) [Valexus Remix],cassï¿,"2,667",27.3,16949.0,17937069.0,,Unknown
"A ver, a ver - Ric Piccolo Edit","A ver, a ver (Ric Piccolo Edit)",Donald,"2,666",27.3,531.0,98875.0,10.0,Unknown
Fight Song,Fight Song,Rachel Platten,"2,670",27.3,92326.0,47254001.0,69.0,Unknown
Pepas,Pepas - Single,Farruko,"2,974",27.3,11.0,1849.0,,"trap latino, latin, reggaeton"
Satu Rasa Cinta,Satu Rasa Cinta - Single,Happy Asmara,"2,662",27.3,248.0,31310.0,37.0,Unknown
South of the Border (feat. Camila Cabello & Cardi B),South of the Border (feat. Camila Cabello & Cardi B),Ed Sheeran,"2,665",27.3,69032.0,29531913.0,67.0,Unknown
Losing It,Losing It,FISHER,"2,668",27.3,213614.0,31880596.0,67.0,Unknown
MATHEMATICAL DISRESPECT,MATHEMATICAL DISRESPECT,Lil Mabu,"2,657",27.3,39238.0,3356524.0,62.0,Unknown
Swervin (feat. 6ix9ine),Hoodie SZN,A Boogie Wit da Hoodie,"2,660",27.3,140617.0,18381330.0,66.0,Unknown
Dick (feat. Doja Cat),Dick (feat. Doja Cat),StarBoi3,"2,669",27.3,55580.0,12451213.0,61.0,Unknown
Perfect Strangers,Perfect Strangers,Jonas Blue,"2,664",27.3,113716.0,28088689.0,69.0,Unknown
Hey Brother,TRUE,Avicii,"2,663",27.3,168666.0,43769189.0,72.0,Unknown
Otra Noche,Otra Noche - Single,Los ï¿½ï¿½ngeles Az,"2,659",27.3,26517.0,11475144.0,64.0,Unknown
Yet To Come,Proof,BTS,"2,656",27.3,16095.0,22964291.0,64.0,Unknown
When I'm Gone,When Iï¿½ï¿½ï¿½m Gone (with Katy ,Alesso,"2,658",27.3,36648.0,30173875.0,64.0,Unknown
Girlfriend,The Second Wave (Deluxe),Ruger,"2,691",27.2,18344.0,1864537.0,16.0,Unknown
WATATI (feat. Aldo Ranks) [From Barbie The Album],WATATI (feat. Aldo Ranks) [From Barbie The Album],KAROL G,"2,680",27.2,10333.0,11971076.0,62.0,Unknown
911,911,Fuerza Regida,"2,676",27.2,14262.0,7383896.0,68.0,Unknown
Always,NEVER ENOUGH,Daniel Caesar,"2,688",27.2,40049.0,16537367.0,74.0,Unknown
YKWIM?,Bipolar,Yot Club,"2,681",27.2,147651.0,25369800.0,75.0,Unknown
Damage,Damage,H.E.R.,"2,686",27.2,24791.0,8314569.0,53.0,Unknown
Rags2Riches 2 (feat. Lil Baby),Pray 4 Love (Deluxe),Rod Wave,"2,687",27.2,65190.0,11346495.0,61.0,Unknown
Bellyache,Bellyache,Billie Eilish,"2,679",27.2,101445.0,18858886.0,73.0,Unknown
No Wahala,No Wahala,1da Banton,"2,685",27.2,66808.0,4409868.0,63.0,Unknown
Wait a Minute!,ARDIPITHECUS,WILLOW,"2,678",27.2,220073.0,41752381.0,73.0,Unknown
HONEY BEES,HONEY BEES - Single,Hachi,"2,675",27.2,229.0,2853.0,29.0,Unknown
Gypsy,Gypsy,G.D. Kaur,"2,682",27.2,4708.0,1055037.0,3.0,Unknown
Ojos Marrones,Ojos Marrones,Lasso,"2,690",27.2,33800.0,12228512.0,68.0,Unknown
WASTE,DISORDER,Kxllswxtch,"2,684",27.2,64633.0,11550020.0,72.0,Unknown
512,Primer Dia de Clases,Mora,"2,674",27.2,85784.0,28617350.0,70.0,Unknown
MTG MALDIï¿½ï¿½ï¿½ï¿½O ET,MTG MALDIï¿½ï¿½ï¿½ï¿½O ET,DJ GLK,"2,689",27.2,6258.0,1213114.0,,Unknown
Little Things x Gypsy Woman - L BEATS MASHUP,Little Things x Gypsy Woman (L BEATS MASHUP),Jorja Smith,"2,677",27.2,39465.0,44425341.0,71.0,Unknown
Wake Up (feat. Chris Brown),Wake Up (feat. Chris Brown),Skylar Blatt,"2,683",27.2,1100.0,6340545.0,,Unknown
Sï¿½ï¿½guelo Bail,Odisea,Ozuna,"2,705",27.1,58066.0,16986234.0,66.0,Unknown
Arranca (feat. Omega),Arranca (feat. Omega),Becky G,"2,699",27.1,23604.0,23467570.0,66.0,Unknown
The Family Madrigal,Encanto (Original Motion Picture Soundtrack),Stephanie Beatriz,"2,698",27.1,22687.0,11527473.0,63.0,Unknown
Hasta Abajo,Hasta Abajo,KEVIN ROLDAN,"2,702",27.1,62939.0,11576619.0,64.0,Unknown
Flawlï¿½ï¿½ss (feat. Lil Uzi V,Lyfï¿,Yeat,"2,701",27.1,67981.0,8674549.0,69.0,Unknown
Praise Jah in the Moonlight,Praise Jah in the Moonlight - Single,Uzii BigTalk,"2,694",27.1,121.0,660.0,,Unknown
Bon appï¿½ï¿,Bon Appï¿½ï¿,Katy Perry,"2,700",27.1,32458.0,9112382.0,60.0,Unknown
I'm the One,EPIC AF,DJ Khaled,"2,704",27.1,122763.0,29582588.0,67.0,Unknown
Stay With Me,Candy Baby,1nonly,"2,693",27.1,99939.0,11061124.0,68.0,Unknown
Typa Girl,BORN PINK,BLACKPINK,"2,697",27.1,20864.0,10226449.0,66.0,Unknown
Ayy Macarena,Ayy Macarena,Tyga,"2,703",27.1,106485.0,11727622.0,61.0,Unknown
ELA PIROU NA DODGE RAM,ELA PIROU NA DODGE RAM - Single,Luan Pereira,"2,692",27.1,13028.0,12083352.0,17.0,Unknown
Like What (Freestyle),Like What (Freestyle),Cardi B,"2,696",27.1,2809.0,14222754.0,,Unknown
Party In The U.S.A.,The Time Of Our Lives (International Version),Miley Cyrus,"2,695",27.1,210519.0,147125974.0,76.0,Unknown
Wet Dreamz,2014 Forest Hills Drive,J. Cole,"2,724",27.0,247570.0,43778928.0,76.0,Unknown
Dhani Ho Sab Dhan,Dhani Ho Sab Dhan,Pawan Singh,"2,709",27.0,592.0,95570.0,,Unknown
Next Level,Next Level,aespa,"2,715",27.0,26925.0,9940497.0,68.0,Unknown
Whiskey Glasses,The Way I Talk,Morgan Wallen,"2,712",27.0,86002.0,17665355.0,75.0,Unknown
Bado Badi,Bado Badi,Chahat Fateh Ali Khan,"2,708",27.0,18.0,713.0,,Unknown
Esta Vida,Esta Vida - Single,Marshmello,"2,719",27.0,23027.0,26530704.0,61.0,Unknown
Dusk Till Dawn - Radio Edit,Dusk Till Dawn (Radio Edit),ZAYN,"2,710",27.0,177653.0,44326008.0,75.0,Unknown
Shotta Flow [Remix],Shotta Flow (feat. Blueface) [Remix],NLE Choppa,"2,720",27.0,114433.0,11312277.0,21.0,Unknown
Bolide allemand,Liens du 100,SDM,"2,711",27.0,33014.0,4883069.0,68.0,Unknown
Amor Tumbado,Mi Nuevo Yo,Natanael Cano,"2,706",27.0,39980.0,7003058.0,73.0,Unknown
New Gold (feat. Tame Impala and Bootie Brown),New Gold (feat. Tame Impala and Bootie Brown),Gorillaz,"2,723",27.0,62013.0,13710934.0,60.0,Unknown
MANIAC,The 4th Mini Album 'VERSUS',VIVIZ,"2,718",27.0,6575.0,6127218.0,,Unknown
Don't Mind,EPIC AF,Kent Jones,"2,725",27.0,59100.0,10161185.0,59.0,Unknown
Dientes,Dientes,J Balvin,"2,721",27.0,13808.0,12799845.0,4.0,Unknown
Look Alive (feat. Drake),Look Alive (feat. Drake),BlocBoy JB,"2,717",27.0,140455.0,29753134.0,63.0,Unknown
Wake Up! (feat. Juice WRLD),11th Dimension,Ski Mask The Slump God,"2,707",27.0,470.0,4717544.0,,Unknown
Midnight Rain,Midnights,Taylor Swift,"2,714",27.0,36730.0,23499391.0,72.0,Unknown
"Lagdi Lahore Di (From ""Street Dancer 3D"")","Lagdi Lahore Di (From ""Street Dancer 3D"")",Guru Randhawa,"2,713",27.0,8311.0,4416840.0,61.0,Unknown
Boo'd Up,Ella Mai,Ella Mai,"2,726",27.0,9749.0,2909695.0,53.0,Unknown
A Mï¿,A Mï¿,Rels B,"2,716",27.0,82632.0,15285194.0,76.0,Unknown
Buttabomma - Telugu,"Buttabomma (From ""Ala Vaikunthapurramuloo"") - Single",Armaan Malik,"2,722",27.0,8924.0,2240190.0,56.0,Unknown
Burn It Down,Never Enough,Parker McCollum,"2,737",26.9,7018.0,6690589.0,65.0,Unknown
Tu Fan,tu fan,mafalda cardenal,"2,735",26.9,8193.0,4692658.0,66.0,Unknown
Whole Lotta Choppas,Whole Lotta Choppas,Sada Baby,"2,731",26.9,16559.0,2391593.0,45.0,Unknown
Heartless,808s & Heartbreak (Exclusive Edition),Kanye West,"2,738",26.9,261770.0,60550990.0,79.0,Unknown
Galaxy Express,Galaxy Express - Single,D Gerrard,"2,732",26.9,1513.0,1465628.0,61.0,Unknown
Skate,Skate,Bruno Mars,"2,733",26.9,70726.0,16159530.0,63.0,Unknown
Mercy,Mercy,Shawn Mendes,"2,727",26.9,114379.0,33997882.0,74.0,Unknown
Dame Tu Cosita (feat. Cutty Ranks),Dame Tu Cosita,El Chombo,"2,729",26.9,11423.0,1899926.0,54.0,Unknown
Enemy - from the series Arcane League of Legends,Enemy (from the series Arcane League of Legends),Imagine Dragons,"2,728",26.9,57092.0,6389142.0,65.0,Unknown
Dear John,End of the World,Wild Child,"2,730",26.9,152.0,7172.0,21.0,Unknown
Mount Everest,Mount Everest,Labrinth,"2,734",26.9,128472.0,33056872.0,72.0,Unknown
Escï¿½ï¿½n,Escï¿½ï¿½n,ýýengo Flow,"2,736",26.9,11841.0,9184869.0,60.0,Unknown
LAISSE MOI,LAISSE MOI,KeBlack,"2,743",26.8,12362.0,2698463.0,,Unknown
This Is The Life,This Is The Life,LIZOT,"2,750",26.8,23003.0,14286816.0,71.0,Unknown
Baianï¿,Baianï¿,Bakermat,"2,739",26.8,128641.0,26735486.0,73.0,Unknown
Homicide (feat. Eminem),Homicide,Logic,"2,751",26.8,102549.0,19459269.0,64.0,Unknown
More Than My Hometown,More Than My Hometown,Morgan Wallen,"2,755",26.8,55067.0,8724047.0,74.0,Unknown
Work Out,Work Out,J. Cole,"2,740",26.8,199078.0,33681550.0,76.0,Unknown
Soltera,ýýpico,Lunay,"2,744",26.8,5488.0,1084442.0,47.0,Unknown
Fall In Love Alone,Fall In Love Alone,Stacey Ryan,"2,746",26.8,28158.0,11808223.0,66.0,Unknown
Huntinï¿½ï¿½ï¿½ W,Might Delete Later,J. Cole,"2,747",26.8,5914.0,4824184.0,,Unknown
Plain Jane,Plain Jane,A$AP Ferg,"2,752",26.8,146447.0,26777778.0,65.0,Unknown
ORANGE SODA,ORANGE SODA,Baby Keem,"2,745",26.8,183862.0,33470385.0,73.0,Unknown
Clap For 'Em (feat. Flo Milli & Sada Baby),Clap For 'Em (feat. Flo Milli & Sada Baby),YungManny,"2,753",26.8,6881.0,1871089.0,40.0,Unknown
Righteous,Righteous,Juice WRLD,"2,749",26.8,108088.0,18837961.0,64.0,Unknown
Tï¿½ï¿½ ,Odisea,Ozuna,"2,742",26.8,31360.0,12078276.0,68.0,Unknown
Casei Com a Putaria,Casei Com a Putaria,Mc Paiva ZS,"2,748",26.8,31242.0,9239751.0,63.0,Unknown
9mm,Memphis Cult Vol. 6,Memphis Cult,"2,754",26.8,34124.0,27264746.0,4.0,Unknown
SOLO - Live,BLACKPINK 2018 TOUR 'IN YOUR AREA' SEOUL (Live),BLACKPINK,"2,741",26.8,428.0,185336.0,26.0,Unknown
Envy Me,Envy Me,Calboy,"2,759",26.7,86600.0,11849689.0,58.0,Unknown
DEJA VU,DEJA VU,Luan Santana,"2,762",26.7,5157.0,14287746.0,,Unknown
Gï¿½ï¿½r,Gï¿½ï¿½r Bak - Si,Fatih Bulut,"2,770",26.7,557.0,765288.0,,Unknown
vendetta!,vendetta!,MUPP,"2,773",26.7,77387.0,27153082.0,68.0,Unknown
Tï¿½ï¿½ OK (Re,Tï¿½ï¿½ OK (Remix) (feat. MC Kevin o Ch,DENNIS,"2,775",26.7,13995.0,21476863.0,68.0,Unknown
I'll Be Waiting,I'll Be Waiting,Cian Ducrot,"2,756",26.7,41058.0,8054809.0,62.0,Unknown
Admirin' You (feat. Preston Pablo),Admirin' You (feat. Preston Pablo),Karan Aujla,"2,760",26.7,11146.0,3310108.0,63.0,Unknown
Untitled #13,Untitled #13,Glwzbll,"2,757",26.7,12908.0,2414592.0,58.0,Unknown
El Belicï¿½,El Belicï¿½,Peso Pluma,"2,767",26.7,27949.0,5762358.0,64.0,Unknown
imgonnagetyouback,THE TORTURED POETS DEPARTMENT: THE ANTHOLOGY,Taylor Swift,"2,764",26.7,2659.0,8584946.0,,Unknown
Roses (with Juice WRLD feat. Brendon Urie),Roses (with Juice WRLD feat. Brendon Urie),benny blanco,"2,772",26.7,74084.0,11532863.0,57.0,Unknown
BANZAI!,BANZAI!,Kazuo,"2,769",26.7,91.0,607.0,10.0,Unknown
One Thing Right,One Thing Right (feat. Kane Brown),Marshmello,"2,763",26.7,69335.0,15972797.0,65.0,Unknown
Wildest Dreams,1989 (Deluxe),Taylor Swift,"2,771",26.7,102916.0,33415141.0,70.0,Unknown
Calling For You (feat. 21 Savage),For All The Dogs,Drake,"2,758",26.7,23221.0,3122350.0,,Unknown
Like That,WE DON'T TRUST YOU,Future,"2,774",26.7,932.0,622889.0,,"west coast hip hop, hip hop, rap"
What About Us,What About Us,P!nk,"2,765",26.7,79260.0,39889584.0,70.0,Unknown
On The Floor,VTM Kzoom Hits Best Of 2011,Jennifer Lopez,"2,768",26.7,89265.0,34214641.0,69.0,Unknown
Mentalitï¿,EP2,Baby Gang,"2,761",26.7,50347.0,2257680.0,66.0,Unknown
"Taki Taki (with Selena Gomez, Ozuna & Cardi B)","Taki Taki (with Selena Gomez, Ozuna & Cardi B)",DJ Snake,"2,766",26.7,133300.0,51381606.0,66.0,Unknown
Captain Hook,Suga,Megan Thee Stallion,"2,787",26.6,27343.0,10046715.0,59.0,Unknown
ýýýýýýýýýýýýýýýýýýýýýýýýýýýýýýýýýýýýýýýýýýýýýýýýýýýýýýýýýýýýýýýýýý,ýýýýýýýýýýýýýýýýýýýýýýýýýýýýýýýýýýýýýýýýýýýýýýýýýýýýýýýýýýýýýýýýýý,Djpaoremix,"2,792",26.6,70.0,4970.0,,Unknown
I'll Be There,I'll Be There,Robin Schulz,"2,789",26.6,4684.0,9704010.0,,Unknown
Heavy stunts (with Don Toliver),King tonka,Yeat,"2,777",26.6,2796.0,4428363.0,,Unknown
Time Today,Time Today,Moneybagg Yo,"2,785",26.6,61218.0,9916175.0,65.0,Unknown
Hold Me While You Wait,Hold Me While You Wait,Lewis Capaldi,"2,790",26.6,99106.0,36201454.0,70.0,Unknown
messy in heaven,messy in heaven,venbee,"2,779",26.6,45503.0,9878550.0,59.0,Unknown
Maquillaje,Maquillaje - Single,Renn,"2,776",26.6,6751.0,23980309.0,76.0,Unknown
Shiver,Shiver,John Summit,"2,788",26.6,7304.0,26556055.0,,Unknown
Novidade na ï¿½ï¿,Novidade na ï¿½ï¿,Mc Livinho,"2,794",26.6,26907.0,12302377.0,64.0,Unknown
Coming for You (feat. A1 x J1),Coming for You (feat. A1 x J1),SwitchOTR,"2,786",26.6,75491.0,4711796.0,56.0,Unknown
Toxic Pony,Toxic Pony (feat. Britney Spears & Ginuwine),ALTï¿½ï,"2,783",26.6,33577.0,15250725.0,60.0,Unknown
Grey,Grey - Single,Yung Filly,"2,780",26.6,9713.0,6487656.0,,Unknown
Aquï¿½ï¿½ A,Aquï¿½ï¿½ A,Christian Nodal,"2,791",26.6,33148.0,12012992.0,66.0,Unknown
Whistle,Pioneer The Album (Vol.13),Flo Rida,"2,784",26.6,180832.0,45770125.0,72.0,Unknown
Ceux qu'on ï¿½ï¿½,Ceux qu'on ï¿½ï¿½tait - Si,Pierre Garnier,"2,793",26.6,2884.0,6002529.0,70.0,Unknown
Apaga El Cel,Apaga El Cel,Calle 24,"2,778",26.6,6115.0,16399686.0,82.0,Unknown
ýýýýýýýýýýýýýýýýýý - ýýýý ýýýýýýýý ýýýýýýýý ýýýýýý,ýýýýýýýýýýýýýýýýýý (ýýýý ýýýýýýýý ýýýýýýýý ýýýýýý),Ahmed Saad,"2,781",26.6,3465.0,1820609.0,58.0,Unknown
Leave Me Alone,Leave Me Alone,Flipp Dinero,"2,782",26.6,122266.0,17925064.0,62.0,Unknown
LATTE (feat. Maria Becerra),The Academy: Segunda Misiï¿½,The Academy: Segunda Misiï¿½,"2,806",26.5,3297.0,10885827.0,68.0,Unknown
Rolling in the Deep - Acapella,Rolling In The Deep,Adele,"2,800",26.5,1580.0,217023.0,36.0,Unknown
In My Head,In My Head,Lil Tjay,"2,804",26.5,82335.0,8632456.0,63.0,Unknown
Plan A,Plan A,Paulo Londra,"2,808",26.5,45154.0,6010438.0,58.0,Unknown
GoodSin,Avana - EP,Olivetheboy,"2,802",26.5,1470.0,136347.0,,Unknown
Thrift Shop (feat. Wanz),The Heist,Macklemore & Ryan Lewis,"2,795",26.5,8351.0,1645328.0,46.0,Unknown
River,River,Bishop Briggs,"2,805",26.5,93449.0,17009946.0,68.0,Unknown
Dil Diyan Gallan,Tiger Zinda Hai (Original),Atif Aslam,"2,801",26.5,20958.0,11366583.0,65.0,Unknown
Little Bit of Love,Little Bit of Love,Tom Grennan,"2,810",26.5,60436.0,21604450.0,62.0,Unknown
I Knew You Were Trouble.,I Knew You Were Trouble.,Taylor Swift,"2,809",26.5,110606.0,35486997.0,72.0,Unknown
Fresh Out The Slammer,THE TORTURED POETS DEPARTMENT,Taylor Swift,"2,811",26.5,2473.0,7785632.0,,Unknown
The Real Slim Shady,The Source Hip-Hop Hits Vol. 4,Eminem,"2,796",26.5,352947.0,75283550.0,81.0,Unknown
Left and Right (Charlie Puth) [feat. Jung Kook of BTS] - Sped Up Version,Left and Right (Charlie Puth) [feat. Jung Kook of BTS] [Sped Up Version],sped up nightcore,"2,807",26.5,807.0,484998.0,27.0,Unknown
Save Me,Save Me,Jelly Roll,"2,799",26.5,26295.0,1211007.0,65.0,Unknown
ýýýýýý,ýýýýýý,SPRITE,"2,803",26.5,2349.0,139340.0,41.0,Unknown
Best For Me,Best For Me,Joyner Lucas,"2,798",26.5,3014.0,3041643.0,,Unknown
Ni Me Debes Ni Te Debo,Colmillo De Leche,Carin Leon,"2,797",26.5,9329.0,6528413.0,52.0,Unknown
Ya No Vuelvas,Ya No Vuelvas,Luck Ra,"2,816",26.4,4519.0,1778008.0,51.0,Unknown
Scared To Be Lonely,Dua Lipa (Complete Edition),Martin Garrix,"2,815",26.4,131909.0,46601399.0,73.0,Unknown
Un Aï¿½,Un Aï¿½,Sebastian Yatra,"2,819",26.4,44972.0,20961958.0,67.0,Unknown
21,THE GOAT,Polo G,"2,814",26.4,134529.0,11500707.0,67.0,Unknown
I Gotta Feeling,The E.N.D. (The Energy Never Dies),Black Eyed Peas,"2,817",26.4,306620.0,108479481.0,76.0,Unknown
NOSTYLIST,NO STYLIST,Destroy Lonely,"2,818",26.4,55772.0,4769511.0,63.0,Unknown
Respect (2021 Remaster),The Genius of Aretha Franklin,Aretha Franklin,"2,812",26.4,158.0,18327.0,20.0,Unknown
SO DONE,SO DONE,The Kid LAROI,"2,820",26.4,95178.0,8705363.0,62.0,Unknown
The Boat Beat,The Boat Beat,Ricky Desktop,"2,813",26.4,3177.0,474041.0,33.0,Unknown
No Es Justo,No Es Justo,J Balvin,"2,835",26.3,55176.0,15983158.0,64.0,Unknown
New Jeans,NewJeans 'Super Shy',NewJeans,"2,840",26.3,22593.0,5131270.0,73.0,Unknown
Cat Partying (TikTok Sped Up) - Remix,Cat Partying (TikTok Sped Up) [Remix],Music Factory,"2,826",26.3,1128.0,61944.0,,Unknown
WANNABE,IT'z ME,ITZY,"2,825",26.3,29751.0,5840656.0,66.0,Unknown
Yï¿½ï¿½reï¿½ï¿½i,Yï¿½ï¿½reï¿½ï¿½i,Amo988,"2,841",26.3,7579.0,4760968.0,68.0,Unknown
No Angels,Everything I Thought It Was,Justin Timberlake,"2,839",26.3,1607.0,7250700.0,,Unknown
Champagne Poetry,Certified Lover Boy,Drake,"2,836",26.3,99705.0,14089454.0,66.0,Unknown
Imitadora,Imitadora,Romeo Santos,"2,823",26.3,47427.0,13586022.0,73.0,Unknown
ýýýýýýýýýýýýýý,ýýýýýýýýýýýýýý - Single,Akris & Teddy,"2,828",26.3,1.0,13.0,15.0,Unknown
20 Min,Luv Is Rage 2 (Deluxe),Lil Uzi Vert,"2,830",26.3,224587.0,27766092.0,77.0,Unknown
Om Jai Jagdish Hare,The Bhajan Project 2,Shivali,"2,824",26.3,7.0,75.0,8.0,Unknown
Ya No Tiene Novio,Ya No Tiene Novio,Sebastian Yatra,"2,834",26.3,32115.0,14298721.0,63.0,Unknown
Your Power,Your Power,Billie Eilish,"2,838",26.3,79149.0,22567177.0,68.0,Unknown
Bling Bling,Bling Bling - Single,Grupo Marca Registrada,"2,837",26.3,10187.0,4406109.0,,Unknown
PERO Tï¿,PERO Tï¿,KAROL G,"2,827",26.3,22815.0,8668393.0,71.0,Unknown
N'y pense plus,N'y pense plus,Tayc,"2,833",26.3,60714.0,3538535.0,63.0,Unknown
Body,Good News,Megan Thee Stallion,"2,831",26.3,59033.0,19679788.0,63.0,Unknown
Where You Are,Where You Are,John Summit,"2,822",26.3,41625.0,65080812.0,71.0,Unknown
Scream & Shout,Scream & Shout,will.i.am,"2,821",26.3,177756.0,49961171.0,72.0,Unknown
bigger thï¿½ï¿½n everyt,bigger thï¿½ï¿½n everyt,Yeat,"2,832",26.3,26044.0,5580526.0,59.0,Unknown
Princess Diana (with Nicki Minaj),Princess Diana (with Nicki Minaj),Ice Spice,"2,829",26.3,34862.0,34947789.0,67.0,Unknown
This Is Me,This Is Me,Keala Settle,"2,852",26.2,80591.0,19776253.0,66.0,Unknown
QUE PRETENDES,OASIS,J Balvin,"2,849",26.2,85661.0,29532086.0,71.0,Unknown
The Chicken Wing Beat,The Chicken Wing Beat,Ricky Desktop,"2,842",26.2,13060.0,1293542.0,60.0,Unknown
Nï¿½ï¿½o Vou Nam,Nï¿½ï¿½o Vou Nam,DJ Ws da Igrejinha,"2,850",26.2,7800.0,40120103.0,79.0,Unknown
Rim Tim Tagi Dim,Rim Tim Tagi Dim,Baby Lasagna,"2,848",26.2,4003.0,4119043.0,75.0,Unknown
Baila Baila Baila,Baila Baila Baila,Ozuna,"2,845",26.2,71108.0,14798709.0,64.0,Unknown
Ms. Jackson,Ms. Jackson,Pashanim,"2,847",26.2,31859.0,7752540.0,69.0,Unknown
Sï¿½ï¿½PER ULTRA ,Sï¿½ï¿½PER ULTRA ,Picus,"2,844",26.2,963.0,227636.0,56.0,Unknown
Happier (feat. Clementine Douglas),Happier (feat. Clementine Douglas) - Single,The Blessed Madonna,"2,846",26.2,5012.0,42546998.0,71.0,Unknown
Sin Tanto Royo,Sin Tanto Royo,Luis R Conriquez,"2,853",26.2,10988.0,6195525.0,,Unknown
Psycho,ýýýThe ReVe Festivalýýý Finale,Red Velvet,"2,851",26.2,37370.0,8743783.0,66.0,Unknown
Rhyme Dust,Rhyme Dust,MK,"2,843",26.2,44035.0,62486297.0,65.0,Unknown
Tu Foto,Tu Foto,Q' Lokura,"2,869",26.1,925.0,8931821.0,69.0,Unknown
Loco,Loco,Justin Quiles,"2,864",26.1,80390.0,22262789.0,61.0,Unknown
Siempre Pendientes,Siempre Pendientes,Peso Pluma,"2,865",26.1,34865.0,14461323.0,69.0,Unknown
LALALI,SEVENTEEN BEST ALBUM '17 IS RIGHT HERE',SEVENTEEN,"2,858",26.1,625.0,1779055.0,,Unknown
Slut Me Out,Slut Me Out - Single,NLE Choppa,"2,867",26.1,72540.0,23493477.0,67.0,Unknown
Real Love,Real Love,Martin Garrix,"2,859",26.1,7090.0,14537779.0,,Unknown
A Tu Merced,YHLQMDLG,Bad Bunny,"2,856",26.1,94041.0,20880365.0,70.0,Unknown
Cake By The Ocean,Pop Music Best Hit 2012-16's VOL18,DNCE,"2,863",26.1,181003.0,87263572.0,76.0,Unknown
Exchange,T R A P S O U L,Bryson Tiller,"2,857",26.1,135409.0,50477248.0,76.0,Unknown
Wasted Love (feat. Lagique),Wasted Love (feat. Lagique),Ofenbach,"2,868",26.1,66419.0,24104595.0,61.0,Unknown
She Got the Best of Me,This One's for You Too (Deluxe Edition),Luke Combs,"2,862",26.1,58161.0,18234682.0,79.0,Unknown
Y Si Se Quiere Ir,Y Si Se Quiere Ir,"Luis Angel ""El Flaco""","2,866",26.1,10233.0,6570771.0,39.0,Unknown
Camelot,Camelot,NLE Choppa,"2,854",26.1,117513.0,15086606.0,69.0,Unknown
Stuck In The Middle,Stuck in the Middle,Tai Verdes,"2,861",26.1,46095.0,5506539.0,54.0,Unknown
Step Back!,Step Back!,1nonly,"2,860",26.1,48250.0,16940138.0,68.0,Unknown
ýýýýýý,ýýýýýý,YOASOBI,"2,855",26.1,48587.0,6777195.0,61.0,Unknown
UK Rap,Split Decision,Dave,"2,882",26.0,42998.0,15708278.0,67.0,Unknown
Yugur,Yugur - Single,Dildora Niyozova,"2,886",26.0,6.0,20.0,,Unknown
Mi Cama,Mi Cama,KAROL G,"2,881",26.0,21036.0,7372736.0,57.0,Unknown
Always This Same Old Song,Better Lucky Than Beautiful,Bingo Club,"2,879",26.0,27.0,527.0,15.0,Unknown
True Love,True Love,Kanye West,"2,884",26.0,84173.0,16979097.0,70.0,Unknown
La Triple T,La Triple T,TINI,"2,877",26.0,27965.0,12696928.0,58.0,Unknown
Car's Outside,YOU,James Arthur,"2,876",26.0,64098.0,29245701.0,76.0,Unknown
Northern Attitude (with Hozier),Northern Attitude (with Hozier),Noah Kahan,"2,874",26.0,16841.0,7676990.0,,Unknown
Paradise,Mylo Xyloto,Coldplay,"2,873",26.0,205567.0,85747045.0,77.0,Unknown
Devil Doesnï¿½ï¿½ï¿½t B,(Un)Commentary,Alec Benjamin,"2,888",26.0,41522.0,3635691.0,66.0,Unknown
Vamos Aclarando Muchas Cosas - En Vivo,Vamos Aclarando Muchas Cosas (En Vivo),Codiciado,"2,887",26.0,15952.0,3101333.0,65.0,Unknown
Peru,#NAME?,Fireboy DML,"2,880",26.0,82524.0,14617198.0,62.0,Unknown
Haja Colï¿½ï¿½rio (feat. Hugo & Guilherme) - Ao ,Haja Colï¿½ï¿½rio (feat. Hugo & Guilherme) [Ao V,Guilherme & Benuto,"2,871",26.0,17734.0,15206997.0,60.0,Unknown
Just Pretend,THE DEATH OF PEACE OF MIND,Bad Omens,"2,872",26.0,54470.0,8885780.0,71.0,Unknown
older,older,Isabel LaRosa,"2,870",26.0,20035.0,16854153.0,,Unknown
Happy Dance,Happy Dance,Elmo,"2,889",26.0,,,,Unknown
Glorious (feat. Skylar Grey),Glorious (feat. Skylar Grey),Macklemore,"2,878",26.0,111427.0,17437639.0,72.0,Unknown
Alone,Black Panther: Wakanda Forever - Music From and Inspired By,Burna Boy,"2,875",26.0,44303.0,5375418.0,63.0,Unknown
Delicate,reputation,Taylor Swift,"2,885",26.0,58856.0,33732271.0,75.0,Unknown
Labios Mordidos (with KAROL G),Labios Mordidos (with KAROL G),Kali Uchis,"2,883",26.0,8921.0,15207574.0,,Unknown
"No Me Conocen (Remix) [con DUKI, Rei & Tiago PZK]","No Me Conocen (Remix) [con DUKI, Rei & Tiago PZK]",BANDIDO,"2,892",25.9,47164.0,7286295.0,59.0,Unknown
Ni**as In Paris,Watch the Throne (Deluxe),JAY-Z,"2,899",25.9,296520.0,56557390.0,76.0,Unknown
Be My Lover (feat. La Bouche) - 2023 Mix,Be My Lover (feat. La Bouche) [2023 Mix],Hypaton,"2,893",25.9,38192.0,48561484.0,74.0,Unknown
Butterfly x Boom - Remix,Butterfly x Boom (Remix),LEA,"2,897",25.9,382.0,26476.0,,Unknown
On The Radar Freestyle,On The Radar Freestyle,Drake,"2,894",25.9,34804.0,13487736.0,62.0,Unknown
Forever (feat. Fridayy),It's Only Me,Lil Baby,"2,906",25.9,43236.0,7266342.0,61.0,Unknown
Bang Bang,Todo Exitos 2014 (Los Nï¿½ï¿½mero 1 Del A,Jessie J,"2,895",25.9,120161.0,65089226.0,72.0,Unknown
Reminder,Starboy,The Weeknd,"2,890",25.9,125348.0,27076169.0,77.0,Unknown
"""Slut!"" (Taylor's Version) (From The Vault)",1989 (Taylor's Version),Taylor Swift,"2,908",25.9,15133.0,21522387.0,,Unknown
icantbelieveiletyougetaway,icantbelieveiletyougetaway,aldn,"2,896",25.9,520.0,4539512.0,63.0,Unknown
Harmless Python,INKUBATOR,Hot Lemon,"2,905",25.9,,,,Unknown
Funk Estranho,Funk Estranho - Single,prod.67,"2,902",25.9,,,15.0,Unknown
Yo No Soy Celoso,Un Verano Sin Ti,Bad Bunny,"2,901",25.9,49381.0,6786167.0,68.0,Unknown
Head Shoulders Knees & Toes (feat. Norma Jean Martine),Head Shoulders Knees & Toes (feat. Norma Jean Martine),Ofenbach,"2,909",25.9,91322.0,17073985.0,65.0,Unknown
JEALOUSY (feat. Cardi B),JEALOUSY (feat. Cardi B),Offset,"2,907",25.9,20289.0,18874374.0,56.0,Unknown
Clash (feat. Stormzy),Clash (feat. Stormzy),Dave,"2,898",25.9,109634.0,9288222.0,61.0,Unknown
Salt,Salt (The Remixes),Ava Max,"2,891",25.9,56080.0,8025213.0,62.0,Unknown
Fire On Fire,Fire On Fire,Sam Smith,"2,900",25.9,85430.0,22166821.0,70.0,Unknown
Problema,Problema,Carlos Agassi,"2,904",25.9,32.0,2558.0,,Unknown
Shoong! (feat. LISA of BLACKPINK),Down to Earth,TAEYANG,"2,903",25.9,14231.0,5565204.0,61.0,Unknown
"Leave Em Alone (Layton Greene, Lil Baby feat. City Girls, PnB Rock)",Leave Em Alone (with Lil Baby & City Girls feat. PnB Rock),Quality Control,"2,931",25.8,49483.0,7561353.0,58.0,Unknown
Boyz In Paris (with VINAI),Boyz In Paris (with VINAI),Marnik,"2,919",25.8,28764.0,62770976.0,73.0,Unknown
3 Nights,"Don't Forget About Me, Demos",Dominic Fike,"2,929",25.8,170786.0,42953760.0,73.0,Unknown
Ngozi,Trench to Triumph,Crayon,"2,928",25.8,11373.0,7780743.0,65.0,Unknown
i am not who i was,i am not who i was - Single,Chance Peï¿½,"2,910",25.8,24322.0,21529351.0,,Unknown
Single Again,Single Again,Harmonize,"2,915",25.8,3.0,4.0,,Unknown
July,July,Noah Cyrus,"2,927",25.8,115565.0,34759006.0,80.0,Unknown
Perro Fiel (feat. Nicky Jam),El Dorado,Shakira,"2,911",25.8,36243.0,15506067.0,62.0,Unknown
Andamos Mejor,Andamos Mejor,Los Gemelos De Sinaloa,"2,930",25.8,22379.0,7376777.0,63.0,Unknown
Drag Me Down,Drag Me Down,One Direction,"2,921",25.8,110189.0,62083784.0,76.0,Unknown
Tu Turrito,Tu Turrito,Rei,"2,918",25.8,26770.0,6270168.0,57.0,Unknown
greedy,greedy (Official Video),Tate McRae,"2,913",25.8,,,,"alternative pop, pop"
ýýýý ýýýýýýýýýý,ýýýý ýýýýýýýýýý,ANNA ASTI,"2,922",25.8,7633.0,496465.0,51.0,Unknown
Meet Me At Our Spot,THE ANXIETY,THE ANXIETY,"2,923",25.8,136864.0,31328182.0,69.0,Unknown
Get Off The Wall,Get Off The Wall,Philly Goats,"2,926",25.8,2776.0,1823591.0,43.0,Unknown
It'll Be Okay,It'll Be Okay,Shawn Mendes,"2,925",25.8,61117.0,28999986.0,65.0,Unknown
"Cayï¿½ï¿½ La Noche (feat. Cruz Cafunï¿½ï¿½, Abhir Hathi, Bejo, EL IMA)","Cayï¿½ï¿½ La Noche (feat. Cruz Cafunï¿½ï¿½, Abhir Hathi, Bejo, EL IMA)",La Pantera,"2,924",25.8,63076.0,8936948.0,62.0,Unknown
Stereo Hearts (feat. Adam Levine),Megahits 2012 - Die Erste,Gym Class Heroes,"2,916",25.8,240081.0,51289471.0,74.0,Unknown
Number 2,Number 2 / Never Last,Lil Tecca,"2,914",25.8,3204.0,22484728.0,,Unknown
Tuesday (feat. Drake),Tuesday (feat. Drake),ILOVEMAKONNEN,"2,912",25.8,50948.0,9808482.0,56.0,Unknown
Killshot,Killshot,Eminem,"2,920",25.8,67750.0,12353206.0,66.0,Unknown
Cartï¿½ï¿½o B,Cartï¿½ï¿½o B,MC Caverinha,"2,917",25.8,23431.0,7023908.0,63.0,Unknown
Jai Jai Shivshankar (The Unwind Mix),The Unwind Mix,Benny Dayal,"2,945",25.7,1.0,12.0,,Unknown
Fuck Niggaz,Fuck Niggaz,YoungBoy Never Broke Again,"2,937",25.7,3743.0,3570364.0,,Unknown
Drama (feat. Drake),Exis,Roy Woods,"2,932",25.7,86867.0,18364841.0,64.0,Unknown
Entre Nosotros,Entre Nosotros,Tiago PZK,"2,935",25.7,65462.0,8388402.0,63.0,Unknown
Lucky You (feat. Joyner Lucas),Kamikaze,Eminem,"2,944",25.7,98164.0,26325717.0,68.0,Unknown
Casanova,Casanova,Soolking,"2,940",25.7,12259.0,10918400.0,73.0,Unknown
Fruto,en dormir sin Madrid,Bizarrap,"2,938",25.7,21455.0,9973821.0,,Unknown
Bandana,Bandana,Fireboy DML,"2,934",25.7,31855.0,4511954.0,63.0,Unknown
the perfect pair,Beatopia,beabadoobee,"2,936",25.7,56091.0,10688364.0,72.0,Unknown
F.N.F. (Let's Go),F.N.F. (Let's Go) - Single,Hitkidd,"2,948",25.7,16340.0,2772856.0,54.0,Unknown
Falling Angel,Falling Angel,HCTM,"2,942",25.7,79.0,42003.0,14.0,Unknown
Sofia,Sofia,Clairo,"2,946",25.7,143829.0,36926488.0,74.0,Unknown
Speed Drive (From Barbie The Album),Speed Drive (From Barbie The Album),Charli xcx,"2,943",25.7,22763.0,17412929.0,67.0,Unknown
A N X I E T Y (feat. Doechii),Boy Meets World,Sleepy Hallow,"2,939",25.7,28203.0,6565433.0,,Unknown
Forever,Euphoria (Original Score from the HBO Series),Labrinth,"2,949",25.7,74664.0,17317980.0,62.0,Unknown
SLUT ME OUT 2,SLUT ME OUT 2,NLE Choppa,"2,947",25.7,2617.0,7228064.0,72.0,Unknown
He Ya Pyar Sajena,He Ya Pyar Sajena,TOADI,"2,941",25.7,3.0,20.0,1.0,Unknown
Silent Hill,Mr. Morale & The Big Steppers,Kendrick Lamar,"2,933",25.7,63279.0,7054692.0,63.0,Unknown
The Autotrem 1.0,The Autotrem 1.0 - Single,DJ RICK 013,"2,950",25.7,10088.0,13570884.0,63.0,Unknown
Revenge,Revenge,XXXTENTACION,"2,955",25.6,13248.0,2447818.0,53.0,Unknown
Attention,NewJeans 1st EP 'New Jeans',NewJeans,"2,962",25.6,32389.0,10240290.0,72.0,Unknown
Spring Snow,"Lovely Runner, Pt. 8 (Original Soundtrack)",10CM,"2,968",25.6,1180.0,12952009.0,73.0,Unknown
Tshwala Bam (feat. S.N.E) - Remix,Tshwala Bam (feat. S.N.E) [Remix],TitoM,"2,957",25.6,1818.0,13699750.0,75.0,Unknown
Halls na Lï¿½ï¿½,Halls na Lï¿½ï¿½,Kadu Martins,"2,969",25.6,13034.0,10626005.0,63.0,Unknown
21 Reasons (feat. Ella Henderson),21 Reasons (feat. Ella Henderson),Nathan Dawe,"2,964",25.6,49204.0,75701853.0,70.0,Unknown
Yeshua (dance cruise),YESHUA (dance cruise) - Single,Dj Bentoa,"2,975",25.6,2741.0,77751.0,3.0,Unknown
Zaalim,Zaalim,Badshah,"2,966",25.6,243.0,651177.0,,Unknown
Aa,Aa,Roach Killa,"2,963",25.6,1850.0,2721792.0,,Unknown
Rojo,Rojo,J Balvin,"2,970",25.6,69772.0,18110265.0,68.0,Unknown
Wonder,Wonder,Shawn Mendes,"2,965",25.6,70162.0,30030265.0,63.0,Unknown
Search Bar,Search Bar,NANI,"2,971",25.6,15.0,122.0,,Unknown
Muï¿½ï¿½ekita (with El Alfa & JT from City Gi,Muï¿½ï¿½ekita (with El Alfa & JT from City Gi,Kali Uchis,"2,967",25.6,17341.0,10481728.0,60.0,Unknown
Midnight City,"Hurry Up, We're Dreaming",M83,"2,954",25.6,260318.0,54789811.0,72.0,Unknown
Better Together,What You See Is What You Get,Luke Combs,"2,953",25.6,49050.0,9648670.0,69.0,Unknown
Sal y Perrea,42,Sech,"2,952",25.6,49242.0,13991180.0,57.0,Unknown
IDGAF (feat. Chris Brown and Mariah the Scientist),Tee's Coney Island,Tee Grizzley,"2,973",25.6,65.0,29213.0,,Unknown
drunk text,drunk text,Henry Moodie,"2,961",25.6,21346.0,34578100.0,81.0,Unknown
UNA NOCHE EN MEDELLï¿½ï¿½N - R,MAï¿½ï¿½ANA SERï¿½ï¿½ BONITO (BICHOTA,KAROL G,"2,959",25.6,16960.0,28438488.0,73.0,Unknown
Ginza,Ginza,J Balvin,"2,974",25.6,64734.0,21473531.0,70.0,Unknown
Hari Hari Odhani,Hari Hari Odhani,Pawan Singh,"2,960",25.6,954.0,297281.0,58.0,Unknown
AM Remix,AM Remix,Nio Garcia,"2,956",25.6,91249.0,39134041.0,66.0,Unknown
Baby Me Atende,Baby Me Atende,Matheus Fernandes,"2,951",25.6,26029.0,9231717.0,50.0,Unknown
Hello Koun,Hello Koun,Ritesh Pandey,"2,972",25.6,178.0,28394.0,18.0,Unknown
La Jeepeta,La Jeepeta,Nio Garcia,"2,958",25.6,17494.0,2936226.0,45.0,Unknown
Jumpman,What A Time To Be Alive,Drake,"2,994",25.5,115960.0,29602345.0,64.0,Unknown
Creatures in Heaven,Creatures In Heaven,Glass Animals,"2,979",25.5,3063.0,11762071.0,,Unknown
die,die,lucidbeatz,"2,991",25.5,5564.0,1998350.0,61.0,Unknown
Late At Night,Late At Night,Roddy Ricch,"2,990",25.5,97161.0,10116206.0,56.0,Unknown
Blank Space (Taylor's Version),1989 (Taylor's Version),Taylor Swift,"2,992",25.5,12908.0,25416651.0,,Unknown
Dancing in My Room,Dancing in My Room,347aidan,"2,976",25.5,86549.0,11975787.0,61.0,Unknown
Wild Ones (feat. Sia),Good Feeling EP,Flo Rida,"2,983",25.5,144242.0,105513240.0,76.0,Unknown
Heartless (feat. Morgan Wallen),Heartless (feat. Morgan Wallen),Diplo,"2,977",25.5,58410.0,13060330.0,77.0,Unknown
CAKE,KILL MY DOUBT,ITZY,"2,981",25.5,7423.0,2784630.0,62.0,Unknown
I AM WOMAN,I AM WOMAN,Emmy Meli,"2,993",25.5,57742.0,17194990.0,62.0,Unknown
THUNDER Y LIGHTNING,nadie sabe lo que va a pasar maï¿½ï¿,Bad Bunny,"2,988",25.5,22799.0,6473640.0,,Unknown
Evergreen (You Didnï¿½ï¿½ï¿½t Deserve Me A,Ivory,Omar Apollo,"2,986",25.5,63568.0,40680913.0,71.0,Unknown
Personal,Talk To Ya - EP,HRVY,"2,987",25.5,33163.0,7584060.0,58.0,Unknown
Lionheart (Fearless),Lionheart (Fearless),Joel Corry,"2,985",25.5,19914.0,24272196.0,62.0,Unknown
Nevermind,Nevermind,Dennis Lloyd,"2,980",25.5,159175.0,41317887.0,72.0,Unknown
Needle (feat. Drake),Pink Friday 2,Nicki Minaj,"2,982",25.5,16234.0,8057395.0,,Unknown
Dale Don Dale,Dale Don Dale,ElMusto,"2,978",25.5,745.0,4805106.0,71.0,Unknown
Slow Hands,Slow Hands,Niall Horan,"2,989",25.5,75100.0,29425699.0,70.0,Unknown
I Wrote The Book,3 Songs At A Time Sampler,Morgan Wallen,"2,984",25.5,23619.0,2972229.0,64.0,Unknown
It's Plenty,"Love, Damini",Burna Boy,"3,000",25.4,52025.0,5536233.0,62.0,Unknown
sneaky,american dream,21 Savage,"3,005",25.4,14363.0,8542239.0,,Unknown
Magnolia,Playboi Carti,Playboi Carti,"3,002",25.4,187620.0,29767336.0,73.0,Unknown
Moletom,MOLETOM - Single,Luan Pereira,"3,004",25.4,9634.0,9093959.0,39.0,Unknown
Now That We Don't Talk (Taylor's Version) (From The Vault),1989 (Taylor's Version),Taylor Swift,"2,999",25.4,15686.0,16083942.0,,Unknown
Hot N Cold,NOW 29,Katy Perry,"2,998",25.4,154757.0,77671100.0,69.0,Unknown
Matilda,Harry's House,Harry Styles,"3,003",25.4,64618.0,37636137.0,72.0,Unknown
Why'd You Only Call Me When You're High?,Why''d You Only Call Me When You''re High?,Arctic Monkeys,"3,008",25.4,272010.0,71727595.0,80.0,Unknown
Beauty And A Beat,Believe,Justin Bieber,"3,001",25.4,123017.0,55637959.0,74.0,Unknown
GIRL LIKE ME,Translation,Black Eyed Peas,"2,996",25.4,818.0,139276.0,29.0,Unknown
Khalasi | Coke Studio Bharat,Khalasi | Coke Studio Bharat,Aditya Gadhvi,"2,995",25.4,6003.0,1405864.0,59.0,Unknown
ýýýýýýýýýýýýýýýýýýýýýýýýýýýýýýýýýýýýýýý Feat.IIVY B,ýýýýýýýýýýýýýýýýýýýýýýýýýýýýýýýýýýýýýýý (feat. IIVY B) - Single,bonnadol,"3,006",25.4,2307.0,416469.0,39.0,Unknown
Chyba ï¿½ï¿½e z T,Chyba ï¿½ï¿½e z T,MODELKI,"3,010",25.4,1206.0,2480648.0,69.0,Unknown
Never Be the Same,Never Be the Same,Camila Cabello,"2,997",25.4,66559.0,20300133.0,71.0,Unknown
If I Can't Have You,Shawn Mendes (Deluxe),Shawn Mendes,"3,007",25.4,82046.0,26967760.0,67.0,Unknown
Chica Ideal,Chica Ideal,Sebastian Yatra,"3,009",25.4,54042.0,14455796.0,63.0,Unknown
august,folklore,Taylor Swift,"3,016",25.3,84267.0,76240482.0,79.0,Unknown
Doomsday,Doomsday,Juice WRLD,"3,019",25.3,40820.0,8704480.0,60.0,Unknown
Body Moving,Body Moving,Eliza Rose,"3,015",25.3,9525.0,44892824.0,,Unknown
FANCY,FANCY YOU,TWICE,"3,012",25.3,35569.0,9534989.0,67.0,Unknown
MODERN JAM,UTOPIA,Travis Scott,"3,023",25.3,33500.0,4843707.0,65.0,Unknown
I'm an Albatraoz,Full Circle: The Live Anthology,AronChupa,"3,011",25.3,122845.0,20445148.0,66.0,Unknown
Seya,Les derniï¿½ï¿½res volontï¿½ï¿½s de Mozart (S,SativaMusic,"3,017",25.3,35171.0,7779465.0,64.0,Unknown
La Familia Dedo de Cuquï¿½,La Familia Dedo de Cuquï¿½ï¿½n - Si,Cleo y Cuquï¿½ï¿½n - Familia Tele,"3,022",25.3,,,,Unknown
Maybach (feat. Future),Free Dem Boyz,42 Dugg,"3,014",25.3,34136.0,5124318.0,55.0,Unknown
Epidemic,Epidemic,Polo G,"3,013",25.3,72794.0,6961853.0,56.0,Unknown
BOUNCY (K-HOT CHILLI PEPPERS),THE WORLD EP.2 : OUTLAW,ATEEZ,"3,024",25.3,10042.0,3932343.0,66.0,Unknown
Liquor & Cigarettes (feat. ArrDee),Liquor & Cigarettes (feat. ArrDee),Chase & Status,"3,021",25.3,24103.0,5837265.0,,Unknown
pa,pa - Single,TINI,"3,020",25.3,1636.0,6683447.0,72.0,Unknown
My Type,ICY,Saweetie,"3,018",25.3,59994.0,18611146.0,67.0,Unknown
UNA BALA,UNA BALA,Milo j,"3,026",25.2,9345.0,4283676.0,,Unknown
Ya Pedo Quiï¿½ï¿½n ,Ya Pedo Quiï¿½ï¿½n Sabe - Si,Grupo Frontera,"3,027",25.2,2184.0,4012784.0,,Unknown
"She Don't Know (From ""Blessed"")","She Don't Know (From ""Blessed"")",Millind Gaba,"3,030",25.2,3830.0,877033.0,50.0,Unknown
Take My Name,Songs from 'For You',Parmalee,"3,032",25.2,18114.0,1669415.0,61.0,Unknown
Danza Kuduro - Cover,YOU&TUBE Over 100 million views,LOVE BGM JPN,"3,038",25.2,,,,"pop, latin, reggaeton, dance"
"Rauw Alejandro: Bzrp Music Sessions, Vol. 56","Rauw Alejandro: Bzrp Music Sessions, Vol. 56 - Single",Bizarrap,"3,025",25.2,35849.0,20377164.0,65.0,Unknown
Good Feeling,Good Feeling EP,Flo Rida,"3,031",25.2,156823.0,60269717.0,72.0,Unknown
Amor Na Praia,Amor Na Praia,NATTAN,"3,034",25.2,1965.0,21917356.0,74.0,Unknown
Cool Kids,Summer Sampler,Echosmith,"3,035",25.2,96205.0,24431944.0,66.0,Unknown
Too Rolling Stoned - 2024 Remaster,Bridge of Sighs (50th Anniversary Edition),Robin Trower,"3,395",25.2,2.0,14442.0,,Unknown
GATTI,JACKBOYS,JACKBOYS,"3,033",25.2,143461.0,18462768.0,67.0,Unknown
El Envidioso,El Envidioso,Los Dos Carnales,"3,037",25.2,25906.0,6033212.0,65.0,Unknown
Smells Like Teen Spirit,"Pat O'Brien Pavilion, Del Mar, Ca. December 28, 1991 (Remastered) [Live West Wood One FM Radio Broadcasting]",Nirvana,"3,029",25.2,11.0,11244.0,,Unknown
AUTOMï¿½ï¿½,AUTOMï¿½ï¿½,Maria Becerra,"3,036",25.2,25243.0,8322243.0,58.0,Unknown
Sability,Sability / Rush / Bloody Samaritan (with Kelly Rowland),Ayra Starr,"3,028",25.2,13796.0,2652844.0,57.0,Unknown
Naach Meri Rani,"Naach Meri Rani(Feat. Guru Randhawa,Nora Fatehi)",Guru Randhawa,"3,056",25.1,7966.0,2976409.0,55.0,Unknown
Praise The Lord (Da Shine) (feat. Skepta) - Durdenhauer Edit,Praise The Lord (Da Shine) (feat. Skepta) [Durdenhauer Edit],Durdenhauer,"3,039",25.1,58228.0,27538538.0,65.0,Unknown
Antidote,Antidote,Travis Scott,"3,053",25.1,148244.0,28799004.0,68.0,Unknown
ýýýýýýýýý,ýýýýýýýýý,tuki.,"3,050",25.1,4747.0,3839570.0,71.0,Unknown
World Cup,World Cup,IShowSpeed,"3,052",25.1,19796.0,1372880.0,55.0,Unknown
Summer Too Hot,Summer Too Hot,Chris Brown,"3,047",25.1,13071.0,2941901.0,51.0,Unknown
ýýýýýýýýýýýýýýýýýýýýýýýýýýýýýýýýý Feat. TNDTLE,ýýýýýýýýýýýýýýýýýýýýýýýýýýýýýýýýý Feat. TNDTLE,NOAH,"3,046",25.1,953.0,112207.0,36.0,Unknown
Aria,Aria - Single,Argy,"3,043",25.1,22280.0,15460877.0,,Unknown
Lua,Lua (Boiadeira Internacional EP.4),Ana Castela,"3,042",25.1,3193.0,34269889.0,66.0,Unknown
Tu Falta De Querer,Mon Laferte (Vol. 1),Mon Laferte,"3,055",25.1,53226.0,17790272.0,73.0,Unknown
Christmas Love,Christmas Love - Single,Jimin,"3,044",25.1,2140.0,2328009.0,57.0,Unknown
Never Lose Me (feat. Lil Yachty),Never Lose Me (feat. Lil Yachty),Flo Milli,"3,057",25.1,11657.0,5242498.0,,Unknown
Be Like That - feat. Swae Lee & Khalid,Be Like That (feat. Swae Lee & Khalid),Kane Brown,"3,040",25.1,53950.0,16089036.0,63.0,Unknown
all-american bitch,GUTS,Olivia Rodrigo,"3,041",25.1,18615.0,7748445.0,,Unknown
"Soweto (with Don Toliver, Rema & Tempoe)",Soweto,Victony,"3,048",25.1,39971.0,12569591.0,69.0,Unknown
Drankin N Smokin,Pluto x Baby Pluto,Future,"3,058",25.1,111117.0,17871947.0,65.0,Unknown
Count Me Out,Mr. Morale & The Big Steppers,Kendrick Lamar,"3,049",25.1,64247.0,6844165.0,72.0,Unknown
"MHD: Bzrp Music Sessions, Vol. 44","MHD: Bzrp Music Sessions, Vol. 44",Bizarrap,"3,045",25.1,12600.0,830646.0,41.0,Unknown
Exclusive.mp3,.mp3,Emilia,"3,054",25.1,8465.0,15005279.0,71.0,Unknown
Pointless,Pointless,Lewis Capaldi,"3,051",25.1,27011.0,7389277.0,63.0,Unknown
Say My Name (feat. Bebe Rexha & J Balvin) - Corey James Remix,Say My Name (Remixes),Bebe Rexha,"3,074",25.0,627.0,137880.0,18.0,Unknown
Old Love,Old Love - Single,yuji,"3,059",25.0,29563.0,9809007.0,67.0,Unknown
Rover (feat. DTG),Rover (feat. DTG),S1mba,"3,075",25.0,109325.0,10618678.0,63.0,Unknown
Me Enterï¿,Me Enterï¿,Tiago PZK,"3,077",25.0,18536.0,13122139.0,65.0,Unknown
La Tï¿½ï¿½,La Tï¿½ï¿½,Farruko,"3,061",25.0,59108.0,16119167.0,56.0,Unknown
fast,Fast,Sueco,"3,072",25.0,42246.0,4235755.0,53.0,Unknown
"Saari Duniya Jalaa Denge (From ""Animal"")",ANIMAL,Jaani,"3,073",25.0,5279.0,6735000.0,,Unknown
Truth Hurts,Good As Hell,Lizzo,"3,070",25.0,103455.0,28421888.0,65.0,Unknown
Calor,Calor - Single,Nicky Jam,"3,076",25.0,11521.0,9370184.0,,Unknown
Ya No Estoy Dolido,Ya No Estoy Dolido,Adrian L Santos,"3,060",25.0,3331.0,9213117.0,,Unknown
Aguacero,Un Verano Sin Ti,Bad Bunny,"3,068",25.0,42659.0,11281372.0,68.0,Unknown
Quiere Beber,Real Hasta la Muerte,Anuel AA,"3,065",25.0,52014.0,11084284.0,66.0,Unknown
My Ordinary Life,My Ordinary Life,The Living Tombstone,"3,066",25.0,110117.0,12773015.0,68.0,Unknown
Won't Forget You - Edit,Won't Forget You,Shouse,"3,067",25.0,56014.0,16171357.0,64.0,Unknown
Enough,Enough,charlieonnafriday,"3,062",25.0,46233.0,6238494.0,64.0,Unknown
Get Involved (feat. Q-Tip) [Mixed],Joe Kay: welcome to the aprtment (DJ Mix),Raphael Saadiq,"3,069",25.0,,,,Unknown
Elastic Heart,Full Circle: The Live Anthology,Sia,"3,064",25.0,92551.0,20937954.0,70.0,Unknown
Freaky Deaky,Freaky Deaky - Single,Tyga,"3,071",25.0,35769.0,7846959.0,59.0,Unknown
IMAN (Two Of Us),IMAN (Two Of Us),Maria Becerra,"3,063",25.0,949.0,42348669.0,72.0,Unknown
Straight and Narrow,Straight and Narrow,Sam Barber,"3,078",25.0,31199.0,4685875.0,14.0,Unknown
Bhai Tera Gunda,Bhai Tera Gunda - Single,Aman Jaji,"3,079",24.9,1442.0,134788.0,51.0,Unknown
Chasing That Feeling,The Name Chapter: FREEFALL,TOMORROW X TOGETHER,"3,089",24.9,6264.0,8512117.0,,Unknown
SUBMARINER,SUBMARINER - Single,AKDO,"3,090",24.9,3056.0,6115142.0,74.0,Unknown
Coï¿½ï¿½o (feat. Jhorrmountain x A,Coï¿½,Puri,"3,091",24.9,7241.0,1399998.0,32.0,Unknown
To. X,To. X - The 5th Mini Album,TAEYEON,"3,086",24.9,4684.0,10751226.0,74.0,Unknown
ýýýýýýýýýýýýýý,ýýýýýýýýýýýýýý - Single,Wallem,"3,081",24.9,776.0,267020.0,,Unknown
2 Phones,2 Phones,Kevin Gates,"3,083",24.9,71685.0,12302836.0,61.0,Unknown
Love Lost,"I Love Life, Thank You",Mac Miller,"3,092",24.9,69587.0,9682951.0,70.0,Unknown
Melhor Sï¿,Melhor Sï¿,KayBlack,"3,085",24.9,26553.0,8415131.0,66.0,Unknown
It's Getting Hot,Cottonwood 2: Deluxe 2.0,NLE Choppa,"3,082",24.9,28324.0,3844575.0,60.0,Unknown
On Chill (feat. Jeremih),On Chill (feat. Jeremih),Wale,"3,087",24.9,29703.0,3535441.0,56.0,Unknown
Tourniquet,Zach Bryan,Zach Bryan,"3,084",24.9,20120.0,7919073.0,74.0,Unknown
Strike (Holster),Strike (Holster),Lil Yachty,"3,093",24.9,38354.0,6776600.0,61.0,Unknown
Bad Boy (with Young Thug),Bad Boy (with Young Thug),Juice WRLD,"3,088",24.9,72440.0,13000565.0,61.0,Unknown
Collide (feat. Tyga),Collide (feat. Tyga) - Single,Justine Skye,"3,080",24.9,62418.0,23910420.0,67.0,Unknown
Magic Johnson,Valedictorian [Deluxe],ian,"3,110",24.8,789.0,6746829.0,,Unknown
Love seeker,Love seeker,JO1,"3,111",24.8,132.0,4391205.0,62.0,Unknown
Wine Into Whiskey,Wine Into Whiskey,Tucker Wetmore,"3,107",24.8,5213.0,4114449.0,27.0,Unknown
Masterplan,Masterplan,BE:FIRST,"3,101",24.8,208.0,2121169.0,69.0,Unknown
Rungkad,Rungkad,Happy Asmara,"3,094",24.8,1590.0,541311.0,22.0,Unknown
La Difï¿½ï¿,YHLQMDLG,Bad Bunny,"3,112",24.8,88205.0,26808160.0,68.0,Unknown
TE MUDASTE,EL ï¿½ï¿½LTIMO TOUR DEL M,Bad Bunny,"3,099",24.8,80289.0,19161838.0,71.0,Unknown
Right On,Right On,Lil Baby,"3,106",24.8,55063.0,13549250.0,58.0,Unknown
Miss You - Remix,Miss You (Remix),Oliver Tree,"3,096",24.8,11089.0,3350270.0,50.0,Unknown
Blame,So Fresh ï¿½ï¿½ï¿½ The Hits Of Summer 2015 + Best O,Calvin Harris,"3,103",24.8,132560.0,39090664.0,73.0,Unknown
Low (feat. T-Pain),Low,Flo Rida,"3,104",24.8,244989.0,91742803.0,76.0,Unknown
ýýýý(ýý)ýý,What We Talk About: Nï¿½,Nï¿½,"3,109",24.8,4.0,234.0,2.0,Unknown
La Mamï¿½ï¿½ de la M,La Mamï¿½ï¿½ de la Mamï¿½ï¿½ (feat. Chael Produciendo) ,El Alfa,"3,114",24.8,64455.0,9128985.0,67.0,Unknown
Me Too,Me Too,Meghan Trainor,"3,105",24.8,65826.0,16050737.0,67.0,Unknown
Bï¿½ï¿½ï¿½t Tï¿½ï¿½nh,Turn On Love - Single,Tï¿½ï¿½ng Duy ,"3,095",24.8,2361.0,159112.0,51.0,Unknown
DONDE SE APRENDE A QUERER?,ESTRELLA,Mora,"3,098",24.8,25409.0,6402061.0,,Unknown
Don't Go Insane,Don't Go Insane,DPR IAN,"3,100",24.8,12861.0,8094289.0,,Unknown
What He'll Never Have,Livin' My Best Life (Still),Dylan Scott,"3,108",24.8,3360.0,11594667.0,,Unknown
Purple Stain,Behind The Wallpaper,Alex Temple,"3,113",24.8,15.0,1570.0,2.0,Unknown
Jimmy Cook's (feat. 21 Savage),"Honestly, Nevermind",Drake,"3,097",24.8,8682.0,1452190.0,48.0,Unknown
Venom,Paralyzing Chains,Sintage,"3,102",24.8,55.0,999.0,10.0,Unknown
Thotiana,Famous Cryp,Blueface,"3,129",24.7,66679.0,10295377.0,13.0,Unknown
Hasbi Rabbi,Hasbi Rabbi,Huda Sisters,"3,131",24.7,146.0,3487.0,23.0,Unknown
Nobody - from Kaiju No. 8,Nobody (from Kaiju No. 8),OneRepublic,"3,125",24.7,2978.0,15355189.0,,Unknown
Asking,Asking (feat. Clementine Douglas),Sonny Fodera,"3,117",24.7,20203.0,44058645.0,71.0,Unknown
SAY for thank YOU,SAY for thank YOU,Uni kukka,"3,115",24.7,3.0,63.0,,Unknown
The Bigger Picture,My Turn (Deluxe),Lil Baby,"3,120",24.7,82768.0,12570826.0,56.0,Unknown
Cash In Cash Out,Cash In Cash Out,Pharrell Williams,"3,121",24.7,67514.0,15846637.0,61.0,Unknown
Off The Grid,Donda,Kanye West,"3,118",24.7,105664.0,14849590.0,62.0,Unknown
EL TONTO,EL DRAGï¿½,Lola Indigo,"3,122",24.7,29888.0,12288087.0,63.0,Unknown
Sex on Fire,Balance Le Son,Kings of Leon,"3,116",24.7,265075.0,101832484.0,79.0,Unknown
Friend of a Friend,Friend of a Friend (ft. M1KE),Mï¿½ï¿½lod,"3,126",24.7,5.0,6700.0,,Unknown
Bangarang (feat. Sirah),Bangarang EP,Skrillex,"3,123",24.7,97650.0,16487753.0,64.0,Unknown
A Cold Sunday,A Cold Sunday,Lil Yachty,"3,128",24.7,12822.0,2975994.0,,Unknown
Raindrops (Insane) [with Travis Scott],HEROES & VILLAINS,Metro Boomin,"3,124",24.7,62497.0,7890327.0,68.0,Unknown
Weekend,Weekend,Ashley Mehta,"3,130",24.7,253.0,17668.0,28.0,Unknown
Touching The Sky,Touching The Sky,Rauw Alejandro,"3,127",24.7,1174.0,50956233.0,,Unknown
Giant (with Rag'n'Bone Man),Giant (with Rag'n'Bone Man),Calvin Harris,"3,119",24.7,100046.0,27359207.0,65.0,Unknown
Tap In,Tap In,Saweetie,"3,143",24.6,39210.0,17814271.0,60.0,Unknown
Vacation,Vacation,Dirty Heads,"3,147",24.6,78414.0,9539906.0,20.0,Unknown
Gitana (feat. Bryartz),Los Gangsters Tambien Lloran,Pablo Chill-E,"3,151",24.6,3965.0,62234428.0,77.0,Unknown
Una Vez,YHLQMDLG,Bad Bunny,"3,141",24.6,75780.0,18073624.0,71.0,Unknown
Slumber Party (feat. Princess Nokia),DEMIDEVIL,Ashnikko,"3,145",24.6,77169.0,14435083.0,67.0,Unknown
PARTIDO EN DOS,PARTIDO EN DOS,La ï¿½ï¿½nica Trop,"3,155",24.6,360.0,1242873.0,65.0,Unknown
Piya Chhod Dihin Na,Piya Chhod Dihin Na,Pawan Singh,"3,136",24.6,28.0,177865.0,,Unknown
CASE 143,MAXIDENT,Stray Kids,"3,149",24.6,19052.0,6239806.0,66.0,Unknown
Give It To Me - Full Vocal Mix,Give It to Me (Full Vocal Mix) - Single,Matt Sassari,"3,153",24.6,98305.0,79758106.0,78.0,Unknown
Slow Dancing,Layover - EP,V,"3,148",24.6,9688.0,17934921.0,77.0,Unknown
F**kin' Problems,F**kin' Problems,A$AP Rocky,"3,138",24.6,157238.0,36820510.0,70.0,Unknown
Are You Entertained (feat. Ed Sheeran),Are You Entertained (feat. Ed Sheeran),Russ,"3,135",24.6,28190.0,2251668.0,56.0,Unknown
Vamos Para Arriba,Vamos Para Arriba,Junior H,"3,156",24.6,24041.0,6404217.0,66.0,Unknown
Best Day Of My Life,American Authors - EP,American Authors,"3,140",24.6,147511.0,76137901.0,74.0,Unknown
One Man Band,Old Dominion,Old Dominion,"3,132",24.6,44726.0,15623830.0,75.0,Unknown
"Garmi (From ""Street Dancer 3D"") (feat. Varun Dhawan)","Garmi (From ""Street Dancer 3D"")",Badshah,"3,154",24.6,9852.0,5286439.0,57.0,Unknown
Vai Novinha Ah Ah Ah,Ritmo dos Crias,Dyamante DJ,"3,144",24.6,19488.0,9334970.0,56.0,Unknown
Saiyan,Saiyan,Heuss L'enfoirï¿,"3,137",24.6,21969.0,4562733.0,61.0,Unknown
Heart Attack,Demi,Demi Lovato,"3,134",24.6,101501.0,31034827.0,74.0,Unknown
Parï¿½,Parï¿½,Ingratax,"3,142",24.6,46184.0,9102818.0,67.0,Unknown
Beer Never Broke My Heart,Beer Never Broke My Heart,Luke Combs,"3,152",24.6,75237.0,15087583.0,76.0,Unknown
WUSYANAME,CALL ME IF YOU GET LOST,"Tyler, The Creator","3,146",24.6,109121.0,14228243.0,68.0,Unknown
Bodak Black,Young Sunny Boy 2,Young Sunny Boy,"3,133",24.6,2.0,1913.0,,Unknown
Heartbroken (feat. Jessie Murph & Polo G),Heartbroken (feat. Jessie Murph & Polo G),Diplo,"3,150",24.6,18945.0,7633545.0,64.0,Unknown
Snow On The Beach (feat. Lana Del Rey),Midnights,Taylor Swift,"3,139",24.6,32432.0,18417473.0,64.0,Unknown
Dura,Dura,Daddy Yankee,"3,165",24.5,71359.0,21283146.0,65.0,Unknown
Lo Que Tiene,Lo Que Tiene,Morad,"3,170",24.5,6219.0,18544682.0,75.0,Unknown
What If I Told You That I Love You,What If I Told You That I Love You,Ali Gatie,"3,157",24.5,79817.0,11881352.0,58.0,Unknown
Bent,Bent,41,"3,169",24.5,27545.0,20350869.0,64.0,Unknown
Linda Guajira,"Essential Classics, Vol. 143: Mongo Santamaria",Mongo Santamaria,"3,547",24.5,1.0,31.0,,Unknown
All Out Of Fight,TRUSTFALL (Tour Deluxe Edition),P!nk,"3,177",24.5,3576.0,18976367.0,,Unknown
2 Balas,2 Balas,Roylimar y Royerlin,"3,159",24.5,26.0,1657.0,,Unknown
Stop Giving Me Advice (with Jack Harlow & Dave),Stop Giving Me Advice,Lyrical Lemonade,"3,167",24.5,18834.0,5350015.0,,Unknown
Rich Nigga Shit (feat. Young Thug),SAVAGE MODE II,21 Savage,"3,166",24.5,137820.0,15190372.0,73.0,Unknown
What Would Pluto Do,For All The Dogs,Drake,"3,175",24.5,22927.0,2972767.0,,Unknown
So Far Away,So Far Away,Down Time,"3,158",24.5,43.0,3952.0,1.0,Unknown
Fake Love,Crowd Pleasers,Drake,"3,161",24.5,87948.0,19654087.0,65.0,Unknown
Hijo Mio,Hijo Mio - Single,Misael De La Rosa,"3,163",24.5,389.0,51178.0,31.0,Unknown
Car Keys (Ayla),Car Keys (Ayla),Alok,"3,176",24.5,16131.0,60984755.0,69.0,Unknown
MONTAGEM ANOS 2000,A.Mago - Playlist do Mago,DJ Arana,"3,172",24.5,21592.0,22787361.0,,Unknown
Ai Preto,Ai Preto,L7NNON,"3,178",24.5,31819.0,12504632.0,60.0,Unknown
2002,Speak Your Mind,Anne-Marie,"3,160",24.5,115663.0,31287443.0,73.0,Unknown
We Don't Fight Anymore (feat. Chris Stapleton),We Don't Fight Anymore,Carly Pearce,"3,171",24.5,4008.0,12574203.0,67.0,Unknown
Pï¿½ï¿½,Pï¿½ï¿½gate - Si,Standly,"3,168",24.5,32449.0,5276793.0,67.0,Unknown
Halfway To Hell,Whitsitt Chapel,Jelly Roll,"3,164",24.5,5961.0,12957145.0,68.0,Unknown
Ya Te Superï¿,Ya Te Superï¿½ï¿½ - Si,Xavi,"3,174",24.5,614.0,35459248.0,,Unknown
Dark Horse,PRISM,Katy Perry,"3,162",24.5,185843.0,59242561.0,74.0,Unknown
Just Wanna Rock,Just Wanna Rock,Lil Uzi Vert,"3,173",24.5,5887.0,961483.0,46.0,melodic rap
Are You Bored Yet? (feat. Clairo),Are You Bored Yet? (feat. Clairo),Wallows,"3,186",24.4,158456.0,40544627.0,76.0,Unknown
YEAH RIGHT,Yeah Right,Joji,"3,192",24.4,148441.0,20364177.0,21.0,Unknown
Let You Love Me,Let You Love Me,Rita Ora,"3,183",24.4,46844.0,12544188.0,59.0,Unknown
eternal sunshine,eternal sunshine,Ariana Grande,"3,189",24.4,5316.0,7545326.0,,Unknown
Por Primera Vez,Por Primera Vez,Camilo,"3,201",24.4,25519.0,5927417.0,62.0,Unknown
We Are Never Ever Getting Back Together,We Are Never Ever Getting Back Together,Taylor Swift,"3,197",24.4,82898.0,30660565.0,67.0,Unknown
Soundgasm,Soundgasm,Rema,"3,195",24.4,80632.0,7222942.0,58.0,Unknown
WANDA,DONDE QUIERO ESTAR,Quevedo,"3,184",24.4,43759.0,12814377.0,68.0,Unknown
DARBA 9ADIYA,DARBA 9ADIYA,Moha K,"3,196",24.4,18454.0,1574124.0,53.0,Unknown
EMPELOTICA,EMPELOTICA,Lenny Tavï¿½ï¿,"3,181",24.4,7210.0,31014133.0,8.0,Unknown
Le Va Doler,Le Va Doler,Grupo Frontera,"3,187",24.4,9240.0,3380877.0,63.0,Unknown
Never Gonna Give You Up (2022 - Remaster),Whenever You Need Somebody (Deluxe Edition - 2022 Remaster),Rick Astley,"3,199",24.4,295.0,20447.0,23.0,Unknown
Million Dollar Baby,Million Dollar Baby,Ava Max,"3,198",24.4,18622.0,4105233.0,60.0,Unknown
should've wore a bonnet,should've wore a bonnet,21 Savage,"3,200",24.4,12559.0,6817443.0,,Unknown
Low Down,My Turn (Deluxe),Lil Baby,"3,191",24.4,87019.0,13919499.0,70.0,Unknown
No Money,No Money,Galantis,"3,194",24.4,85665.0,22510886.0,60.0,Unknown
Oklahoma Smokeshow,Summertime Blues,Zach Bryan,"3,193",24.4,35672.0,3644016.0,77.0,Unknown
Look At Me Now (feat. Lil' Wayne & Busta Rhymes),Look At Me Now,Lil Wayne,"3,188",24.4,84668.0,21613334.0,65.0,Unknown
Style,1989 (Deluxe),Taylor Swift,"3,179",24.4,92577.0,30252887.0,74.0,Unknown
FEEL,Timeless,Davido,"3,202",24.4,13131.0,7905515.0,64.0,Unknown
Grenade,Massive R&B Spring 2011,Bruno Mars,"3,180",24.4,193103.0,65382148.0,73.0,Unknown
Trust,Lost,Brent Faiyaz,"3,185",24.4,118927.0,22542445.0,71.0,Unknown
Cï¿½ï¿½MO SE SIENTE - R,Como Se Siente (Remix),Jhay Cortez,"3,190",24.4,84469.0,33371478.0,70.0,Unknown
INDUSTRY BABY (feat. Jack Harlow),INDUSTRY BABY - Single,Lil Nas X,"3,182",24.4,7808.0,1446867.0,48.0,"trap, pop rap, hip hop, pop"
hakuna matata,One of Wun,Gunna,"3,212",24.3,3421.0,12527571.0,,Unknown
Little Talks,Little Talks,Of Monsters and Men,"3,217",24.3,222725.0,53015020.0,75.0,Unknown
Not Even Ghosts Are This Empty,I No Longer Fear The Razor Guarding My Heel (V) - Single,$uicideboy$,"3,216",24.3,22621.0,3769032.0,67.0,Unknown
Shadow,A Hometown Odyssey,Livingston,"3,219",24.3,5156.0,7788420.0,,Unknown
Black Route - Kali Car,Black Route (Kali Car),Hassan Goldy,"3,221",24.3,101.0,650.0,19.0,Unknown
Aye (feat. Travis Scott),Pink Tape,Lil Uzi Vert,"3,204",24.3,38585.0,11725812.0,62.0,Unknown
"Perdï¿½ï¿½n, Per",Esto Sï¿½ï¿½ Es Cu,Los ï¿½ï¿½ngeles Az,"3,214",24.3,4273.0,3030216.0,53.0,Unknown
Love Tonight - Edit,Love Tonight,Shouse,"3,213",24.3,176711.0,27362214.0,65.0,Unknown
Murder on the Dance Floor - triple j Like A Version,Murder on the Dancefloor (triple j Like A Version),Royel Otis,"3,211",24.3,7982.0,13465713.0,69.0,Unknown
Without Me,The Source - Hip Hop Hits Vol. 6,Eminem,"3,210",24.3,397228.0,83160830.0,83.0,Unknown
Leave a Light On,Leave a Light On,Tom Walker,"3,220",24.3,98086.0,22349959.0,65.0,Unknown
Ahora Me Llama,Ahora Me Llama,KAROL G,"3,208",24.3,37015.0,12386097.0,64.0,Unknown
Amigos Con Derechos,Amigos Con Derechos,Reik,"3,203",24.3,36629.0,13318890.0,65.0,Unknown
Lost Boy,Lost Boy,Ruth B.,"3,207",24.3,93600.0,36206570.0,64.0,Unknown
"10,000 Hours (with Justin Bieber)","10,000 Hours (with Justin Bieber)",Dan + Shay,"3,215",24.3,93637.0,53500350.0,67.0,Unknown
More Than You Know,More Than You Know,Axwell /\ Ingrosso,"3,218",24.3,180267.0,66781268.0,75.0,Unknown
act iii: on god? (she like),act iii: on god? (she like) - Single,4batz,"3,206",24.3,5493.0,6103682.0,,Unknown
Diamondz n Roses,Diamondz n Roses,VaporGod,"3,205",24.3,11085.0,1851125.0,6.0,Unknown
Mala Fama,Mala Fama,Danna Paola,"3,209",24.3,25823.0,6551065.0,62.0,Unknown
banking on me,DS4EVER (Deluxe),Gunna,"3,222",24.3,73853.0,8684961.0,62.0,Unknown
Main Sharabi,Main Sharabi,Rajeev Raja,"3,225",24.2,1054.0,63371.0,35.0,Unknown
Paris,Paris,The Chainsmokers,"3,243",24.2,125952.0,35637449.0,68.0,Unknown
Ayang,Ayang,Nabila Maharani,"3,233",24.2,89.0,29328.0,31.0,Unknown
You & Me (Coachella ver.),JENNIE Special Single [You & Me],JENNIE,"3,223",24.2,3723.0,4165912.0,,Unknown
MERCEDES CAROTA,nadie sabe lo que va a pasar maï¿½ï¿,Bad Bunny,"3,231",24.2,18253.0,6004573.0,,Unknown
Heavy On My Heart,"2 Faced, Pt. 2",LUCKI,"3,237",24.2,848.0,6929395.0,,Unknown
Not So Bad (Leans Gone Cold),Sremm 4 Life,Rae Sremmurd,"3,230",24.2,26937.0,2239607.0,57.0,Unknown
JGL,JGL,La Adictiva,"3,241",24.2,37050.0,18118265.0,70.0,Unknown
Swimming Pools (Drank),"good kid, m.A.A.d city (Deluxe)",Kendrick Lamar,"3,227",24.2,157106.0,24325603.0,75.0,Unknown
Kool-Aid,Kool-Aid,Bring Me The Horizon,"3,235",24.2,11905.0,10502401.0,73.0,Unknown
Can't Remember to Forget You,Can't Remember to Forget You,Shakira,"3,228",24.2,76288.0,26987950.0,69.0,Unknown
Bad Things (with Camila Cabello),Bad Things,mgk,"3,226",24.2,70054.0,13629016.0,65.0,Unknown
Feather - Sped Up,Feather (Sped Up),Sabrina Carpenter,"3,236",24.2,2582.0,3001576.0,54.0,Unknown
Softcore,The Neighbourhood,The Neighbourhood,"3,234",24.2,155329.0,39721831.0,80.0,Unknown
Sacrifice,The Highlights (Deluxe),The Weeknd,"3,240",24.2,61978.0,16015269.0,65.0,Unknown
The Prophecy,THE TORTURED POETS DEPARTMENT: THE ANTHOLOGY,Taylor Swift,"3,224",24.2,3003.0,13808567.0,,Unknown
Attention,Attention,Doja Cat,"3,239",24.2,25076.0,9223630.0,59.0,Unknown
Replay,Now! 15,Iyaz,"3,232",24.2,202958.0,78141768.0,74.0,Unknown
MVP,MVP,Shubh,"3,229",24.2,706.0,5333338.0,70.0,Unknown
Around Me (feat. Don Toliver),HEROES & VILLAINS,Metro Boomin,"3,238",24.2,57258.0,5817337.0,71.0,Unknown
PHONKY TOWN,Phonky Town,PlayaPhonk,"3,242",24.2,96215.0,17590009.0,62.0,Unknown
We Rollin,WE ROLLIN,Shubh,"3,245",24.1,25049.0,3683882.0,65.0,Unknown
Si Te La Encuentras Por Ahï¿,Si Te La Encuentras Por Ahï¿,Feid,"3,254",24.1,50023.0,10033886.0,65.0,Unknown
Daru Badnaam,Daru Badnaam,Param Singh,"3,246",24.1,15887.0,2265888.0,57.0,Unknown
NARCISSISTIC PERSONALITY DISORDER,Narcissistic Personality Disorder - Single,Odetari,"3,248",24.1,30174.0,5050179.0,69.0,Unknown
Memory Lane,Memory Lane - Single,Old Dominion,"3,260",24.1,12404.0,6217052.0,61.0,Unknown
24 (feat. Lil Baby),24 (feat. Lil Baby),Money Man,"3,267",24.1,105426.0,12610976.0,64.0,Unknown
THE SHADE,WHO CARES?,Rex Orange County,"3,263",24.1,49991.0,14312352.0,71.0,Unknown
You,You,Regard,"3,249",24.1,59063.0,18646872.0,62.0,Unknown
Thinking out Loud,Full Circle: The Live Anthology,Ed Sheeran,"3,253",24.1,212574.0,119020197.0,76.0,Unknown
Cake By The Ocean - Cover,COOL & POP HIT CHART!!,LOVE BGM JPN,"3,329",24.1,,,,Unknown
Mbappe,"SEN2 KBRN, VOL. 2",Eladio Carrion,"3,250",24.1,35882.0,4007932.0,68.0,Unknown
Maria,Marï¿½,HWASA,"3,258",24.1,31034.0,6694945.0,63.0,Unknown
PRIMER AVISO,PRIMER AVISO - Single,Maria Becerra,"3,244",24.1,1755.0,8072460.0,19.0,Unknown
Butakera,Butakera,La Joaqui,"3,259",24.1,22713.0,6540862.0,59.0,Unknown
Savage,Savage - The 1st Mini Album - EP,aespa,"3,247",24.1,19680.0,9854978.0,68.0,Unknown
Destino o casualidad (feat. Ha*Ash),Destino o casualidad (feat. Ha*Ash) - Single,Melendi,"3,257",24.1,,,,Unknown
Mad at Disney,Mad at Disney,salem ilese,"3,265",24.1,47721.0,9209948.0,3.0,Unknown
TE AMO ï¿½,TE AMO ï¿½,Fer Vazquez,"3,264",24.1,369.0,3488921.0,64.0,Unknown
Dilemma,Dilemma,Green Day,"3,268",24.1,4424.0,5306843.0,,Unknown
Kitchen Stove,Kitchen Stove,Pozer,"3,266",24.1,3841.0,6746386.0,,Unknown
Luchtballon,Luchtballon,Joost,"3,251",24.1,498.0,2896644.0,67.0,Unknown
Trojan Horse,Split Decision,Dave,"3,252",24.1,35841.0,3367961.0,64.0,Unknown
Porque Te Vas,Porque Te Vas,Victor Cibrian,"3,262",24.1,1429.0,21671170.0,74.0,Unknown
Neon Pill,Neon Pill,Cage The Elephant,"3,261",24.1,3204.0,6664877.0,,Unknown
Beautiful Girl,Beautiful Girl,Luciano,"3,255",24.1,73054.0,4131980.0,57.0,Unknown
"After The Storm (feat. Tyler, The Creator & Bootsy Collins)","After The Storm (feat. Tyler, The Creator & Bootsy Collins)",Kali Uchis,"3,256",24.1,139494.0,20487412.0,74.0,Unknown
Tï¿½ï¿½ Me Dejaste De Qu,Tï¿½ï¿½ Me Dejaste De Querer (feat. Niï¿½ï¿½o de Elche & La ,C. Tangana,"3,277",24.0,80139.0,15198667.0,66.0,Unknown
Spotless (feat. The Lumineers),Spotless (feat. The Lumineers),Zach Bryan,"3,271",24.0,21485.0,5429963.0,76.0,Unknown
These Walls,Radical Optimism,Dua Lipa,"3,284",24.0,2484.0,49070048.0,,Unknown
Egwu,Egwu,Chike,"3,272",24.0,2907.0,7078317.0,66.0,Unknown
Die For You (Remix Acapella),Die For You (Remix Acapella) - Single,The Weeknd,"3,281",24.0,,,,Unknown
Me Rehï¿½ï,Me Rehï¿½ï,Danny Ocean,"3,274",24.0,90161.0,37656145.0,69.0,Unknown
Baby you,Baby you,ýýýýýý,"3,273",24.0,6140.0,1321340.0,52.0,Unknown
CUAL ES ESA,FERXXOCALIPSIS,Feid,"3,285",24.0,9659.0,7789551.0,71.0,Unknown
Armed And Dangerous,Goodbye & Good Riddance,Juice WRLD,"3,283",24.0,128506.0,20744090.0,70.0,Unknown
Salimo de Noche,Salimo de Noche,Tiago PZK,"3,275",24.0,56373.0,8132909.0,59.0,Unknown
"Eladio Carrion: Bzrp Music Sessions, Vol. 40","Eladio Carrion: Bzrp Music Sessions, Vol. 40",Bizarrap,"3,276",24.0,59149.0,10135558.0,66.0,Unknown
Love,AFROBOY,Kouz1,"3,269",24.0,17144.0,2565553.0,40.0,Unknown
La Gozadera,Full Circle: The Live Anthology,Gente De Zona,"3,286",24.0,70633.0,25238321.0,69.0,Unknown
Skechers,Skechers,DripReport,"3,280",24.0,78831.0,9948573.0,60.0,Unknown
I Feel Like I'm Drowning,I Feel Like I'm Drowning,Two Feet,"3,270",24.0,116054.0,26974343.0,72.0,Unknown
Ando Enfocado,Ando Enfocado,Jaziel Avilez,"3,278",24.0,17921.0,8023886.0,67.0,Unknown
First Person Shooter (feat. J. Cole),For All The Dogs,Drake,"3,282",24.0,14390.0,6681758.0,,"hip hop, rap"
Downtown,Downtown,Anitta,"3,279",24.0,57167.0,19566520.0,72.0,Unknown
Crï¿½ï¿,Crï¿½ï¿,KAROL G,"3,287",24.0,33671.0,14288251.0,67.0,Unknown
"Go Loko (feat. Tyga, Jon Z)",Go Loko,YG,"3,306",23.9,77046.0,11168503.0,56.0,Unknown
REMIX EXCLUSIVO,REMIX EXCLUSIVO,Feid,"3,292",23.9,32140.0,17704359.0,66.0,Unknown
"ZEIT, DASS SICH WAS DREHT","ZEIT, DASS SICH WAS DREHT",$OHO BANI,"3,291",23.9,7779.0,9672092.0,73.0,Unknown
Corazï¿½ï¿½n Roto pt. 3 (feat. Jhayco & Ryan Cas,Corazï¿½ï¿½n Roto p,Brray,"3,297",23.9,18392.0,12791215.0,20.0,Unknown
penjaga hati,penjaga hati,Nadhif Basalamah,"3,304",23.9,11425.0,9250560.0,76.0,Unknown
"Vaathi Coming (From ""Master"")","Vaathi Coming (From ""Master"")",Anirudh Ravichander,"3,300",23.9,9693.0,3944785.0,56.0,Unknown
3 Headed Goat (feat. Lil Baby & Polo G),3 Headed Goat,Lil Durk,"3,294",23.9,121632.0,12554800.0,65.0,Unknown
Monica,LOVE AND CHAOS,Kuami Eugene,"3,298",23.9,787.0,624598.0,,Unknown
Home (Lala),Expectations,Dayzy,"3,288",23.9,1.0,63.0,,Unknown
La Playa,La Playa,Myke Towers,"3,290",23.9,60278.0,9152097.0,62.0,Unknown
ýýýýýýýý ýýýýýýýýýý - ýýýýýýýýýý,ýýýýýýýý ýýýýýýýýýý - ýýýýýýýýýý - Single,DJW9,"3,303",23.9,8.0,55.0,,Unknown
UN RAGAZZO UNA RAGAZZA,UN RAGAZZO UNA RAGAZZA,The Kolors,"3,295",23.9,2622.0,6350531.0,16.0,Unknown
Pasilyo,Pasilyo,SunKissed Lola,"3,301",23.9,22109.0,8739702.0,69.0,Unknown
Wasted Summers,Wasted Summers,juju<3,"3,307",23.9,25526.0,11685238.0,73.0,Unknown
Ruin,Ruin,USHER,"3,296",23.9,2963.0,10829291.0,,Unknown
Hasta la Raï¿½,Hasta la Raï¿½,Natalia Lafourcade,"3,310",23.9,85246.0,30225538.0,74.0,Unknown
RATATATA,RATATATA,BABYMETAL,"3,289",23.9,2081.0,11902188.0,73.0,Unknown
Seasons,Seasons,Thirty Seconds To Mars,"3,311",23.9,3940.0,2622151.0,53.0,Unknown
Summer Days (feat. Macklemore & Patrick Stump of Fall Out Boy),Summer Days (feat. Macklemore & Patrick Stump of Fall Out Boy),Martin Garrix,"3,314",23.9,101864.0,28028039.0,66.0,Unknown
Con La Brisa,Black Panther: Wakanda Forever - Music From and Inspired By,Foudeqush,"3,313",23.9,21304.0,1941527.0,59.0,Unknown
Ademï¿½ï¿½s de Mï¿½ï¿½,Ademï¿½ï¿½s de Mï¿½ï¿½,Rusherking,"3,309",23.9,38601.0,7092659.0,62.0,Unknown
Someone To You,Someone to You,BANNERS,"3,312",23.9,147478.0,46983313.0,70.0,Unknown
Show Yourself,Frozen 2 (Original Motion Picture Soundtrack/Deluxe Edition),Idina Menzel,"3,299",23.9,22264.0,11996134.0,62.0,Unknown
Cheat On Me (feat. Dave),Cheat On Me (feat. Dave),Burna Boy,"3,293",23.9,26832.0,6612892.0,58.0,Unknown
Winners In Paris,Winners In Paris,Sleepy Hallow,"3,308",23.9,1826.0,25270438.0,,Unknown
In Your Love,In Your Love,Tyler Childers,"3,305",23.9,17650.0,15787518.0,60.0,Unknown
Poker Face,The Fame,Lady Gaga,"3,302",23.9,216338.0,88471248.0,77.0,Unknown
ýýýýýýýýýýýýýýýýýý ýýýýýýýýýýýý,ýýýýýýýýýýýýýýýýýý ýýýýýýýýýýýý,MORGENSHTERN,"3,328",23.8,2065.0,364180.0,61.0,Unknown
"Vigdiyan Heeran (From ""Honey 3.0"")",Honey 3.0,Yo Yo Honey Singh,"3,331",23.8,361.0,1194858.0,,Unknown
Que Hay Amor,Que Hay Amor,Cris Mj,"3,322",23.8,2429.0,15875714.0,73.0,Unknown
Boogieman,Boogieman,EBK Jaaybo,"3,321",23.8,3519.0,34773501.0,73.0,Unknown
ýýýýýýýýýý,ýýýýýýýýýý - Single,NLO,"3,338",23.8,4782.0,367497.0,1.0,Unknown
Overcompensate (edit),Overcompensate,Twenty One Pilots,"3,339",23.8,1427.0,5707433.0,,Unknown
"Maa Nammakam Nuvve Jagan, Vol 1","Maa Nammakam Nuvve Jagan, Vol 1",Jagananna Connects,"3,336",23.8,12.0,597.0,,Unknown
Stunnin' (feat. Harm Franklin),Stunnin' (feat. Harm Franklin),Curtis Waters,"3,320",23.8,67390.0,12125007.0,56.0,Unknown
Privileged Rappers,Her Loss,Drake,"3,330",23.8,54445.0,11034203.0,64.0,Unknown
Beautiful As You,Beautiful As You,Thomas Rhett,"3,316",23.8,878.0,21394629.0,72.0,Unknown
Umbrella,Good Girl Gone Bad,Rihanna,"3,340",23.8,236327.0,123654318.0,77.0,Unknown
Candy,Candy,Doja Cat,"3,323",23.8,55578.0,17796199.0,72.0,Unknown
All I Need,Javari,Tyler Antonius,"3,318",23.8,184.0,114412.0,,Unknown
Enough Is Enough,AUSTIN,Post Malone,"3,326",23.8,16395.0,7898986.0,66.0,Unknown
Baddies,Baddies - Single,Aitch,"3,315",23.8,846.0,15037150.0,67.0,Unknown
Baila Conmigo (with Rauw Alejandro),Baila Conmigo (with Rauw Alejandro),Selena Gomez,"3,335",23.8,61386.0,12336155.0,60.0,Unknown
Love Me,I Am Not A Human Being II (Japan Version),Lil Wayne,"3,317",23.8,52272.0,8515549.0,27.0,Unknown
Asï¿½ï¿½ Lo Quiso ,DESVELADO,Eslabon Armado,"3,327",23.8,18616.0,5085706.0,67.0,Unknown
Rag Doll - Live,Greatest Hits (Deluxe),Aerosmith,"3,332",23.8,45.0,1624.0,,Unknown
Moon,Donda,Kanye West,"3,329",23.8,103366.0,12996384.0,65.0,Unknown
Notion,Futureproof,The Rare Occasions,"3,325",23.8,172980.0,21596820.0,76.0,Unknown
Essence (feat. Justin Bieber & Tems),Essence (feat. Justin Bieber & Tems),Wizkid,"3,333",23.8,43680.0,10012685.0,58.0,Unknown
Outskirts,Outskirts,Sam Hunt,"3,334",23.8,7457.0,9164334.0,65.0,Unknown
X,X,Nicky Jam,"3,319",23.8,120261.0,29116272.0,73.0,Unknown
Old Days,Old Days,Lil Durk,"3,337",23.8,3542.0,6763625.0,,Unknown
boyfriend (with Social House),boyfriend,Ariana Grande,"3,324",23.8,72598.0,26362809.0,71.0,Unknown
Girls Just Wanna Have Some,Girls Just Wanna Have Some,dreamsoda,"3,440",23.7,,,,Unknown
"10,000 Hours","10,000 Hours (with Justin Bieber)",Dan + Shay,"3,364",23.7,170.0,110712.0,15.0,Unknown
As the World Caves In,As the World Caves In,Sarah Cothran,"3,358",23.7,67189.0,16107840.0,65.0,Unknown
Dile a Tu Orgullo (En Vivo),Dile a Tu Orgullo (En Vivo) - Single,Luis Alfonso Partida El Yaki,"3,362",23.7,9726.0,5274940.0,58.0,Unknown
Neverender,Neverender,Justice,"3,359",23.7,4186.0,20278718.0,74.0,Unknown
Lottery (feat. LU KALA),Lottery (feat. LU KALA),Latto,"3,351",23.7,10684.0,6385271.0,57.0,Unknown
Sunshine,Sunshine,Tyga,"3,363",23.7,28868.0,3335711.0,60.0,Unknown
Si Tu Novio Te Deja Sola,Si Tu Novio Te Deja Sola,J Balvin,"3,347",23.7,47827.0,17515452.0,68.0,Unknown
Batï¿½ï¿½k ,Karï¿½ï¿½ï¿½ï¿½ï¿½ï¿½,Semicenk,"3,360",23.7,4559.0,4098516.0,68.0,Unknown
SHAKE SUMN,CALL DA FIREMAN,DaBaby,"3,343",23.7,19968.0,17088080.0,60.0,Unknown
Chained To The Rhythm,Chained To The Rhythm,Katy Perry,"3,354",23.7,59626.0,15052991.0,64.0,Unknown
Afterglow,#NAME?,Ed Sheeran,"3,345",23.7,64344.0,35844454.0,63.0,Unknown
Kafamï¿½ï¿½n ï,Yine ï¿½ï¿½alï,Ebru Yaï¿½ï,"3,355",23.7,267.0,3686411.0,63.0,Unknown
Mr. Brightside,Hot Fuss,The Killers,"3,346",23.7,326294.0,118562432.0,81.0,Unknown
Promiscuous,Loose (Japan Version),Nelly Furtado,"3,348",23.7,235618.0,114628125.0,78.0,Unknown
Black Swan,Black Swan,BTS,"3,342",23.7,28314.0,17354782.0,64.0,Unknown
HOT,SEVENTEEN 4th Album 'Face the Sun',SEVENTEEN,"3,352",23.7,16039.0,9403249.0,67.0,Unknown
i'm yours,i'm yours,Isabel LaRosa,"3,361",23.7,42685.0,19725874.0,76.0,Unknown
Sonchadi | Coke Studio Bharat,Sonchadi | Coke Studio Bharat,digV,"3,349",23.7,67.0,879894.0,60.0,Unknown
"Young, Wild & Free (feat. Bruno Mars)","Young, Wild & Free (feat. Bruno Mars)",Snoop Dogg,"3,344",23.7,79665.0,12101555.0,65.0,Unknown
Kamar Teri Left Right Hale,Kamar Teri Left Right Hale - Single,Sandeep Surila,"3,357",23.7,2293.0,380137.0,56.0,Unknown
Carta Aberta,Carta Aberta,MC Cabelinho,"3,341",23.7,6540.0,6242659.0,,Unknown
Spongebob,Spongebob,Dante9k,"3,356",23.7,800.0,74253.0,,Unknown
The Thrill,The Thrill,Wiz Khalifa,"3,350",23.7,123477.0,16148100.0,72.0,Unknown
Yana Yana,Yana Yana,Semicenk,"3,353",23.7,15605.0,2248819.0,65.0,Unknown
CIRCUS MAXIMUS,UTOPIA,Travis Scott,"3,366",23.6,34656.0,5338264.0,64.0,Unknown
What is Love,What Is Love,TWICE,"3,365",23.6,37463.0,7860589.0,67.0,Unknown
SESSO E SAMBA (feat. Gaia),ICON,Tony Effe,"3,376",23.6,865.0,9889978.0,69.0,Unknown
Pieces,Pieces,Danilo Stankovic,"3,367",23.6,2314.0,485008.0,39.0,Unknown
Cama Repetida,Sofrï¿½ï¿½ncia Ou Fuleragem? (Ao Vivo / Part,Leo Santana,"3,387",23.6,4740.0,12977480.0,,Unknown
Glue Song,Glue Song - Single,beabadoobee,"3,379",23.6,35685.0,21027013.0,73.0,Unknown
Life in Rio,Life in Rio (feat. TOLCHONOV) - Single,Slowboy,"3,370",23.6,18316.0,17687961.0,70.0,Unknown
Iï¿½ï¿½ï¿½m Not Here To Make Friends (feat. Calvin Harris & Jessie ,Gloria,Sam Smith,"3,386",23.6,18446.0,17280612.0,61.0,Unknown
Help Me Help You (feat. Why Don't We),Help Me Help You (feat. Why Don't We),Logan Paul,"3,377",23.6,6224.0,1056938.0,45.0,Unknown
ýýýýýýýýýýýýýýýýýýýýýýýýýýýýýýýýýýýýýýý,ýýýýýýýýýýýýýýýýýýýýýýýýýýýýýýýýýýýýýýý,fellow fellow,"3,378",23.6,6019.0,1678608.0,61.0,Unknown
Distraction,Distraction,Polo G,"3,383",23.6,45954.0,8112561.0,55.0,Unknown
VIBE (feat. Jimin of BTS),VIBE,TAEYANG,"3,372",23.6,14013.0,18896639.0,60.0,Unknown
Kï¿½ï¿½R,Kï¿½ï¿½R,KAROL G,"3,369",23.6,16398.0,4576843.0,64.0,Unknown
Bussin (with Rob49),Bussin (with Rob49),Moneybagg Yo,"3,368",23.6,1798.0,5447625.0,,Unknown
back to the moon,a Gift & a Curse,Gunna,"3,373",23.6,33151.0,5818874.0,63.0,Unknown
FourFiveSeconds,FourFiveSeconds,Rihanna,"3,374",23.6,131102.0,42604016.0,72.0,Unknown
Washing Machine Heart,Be the Cowboy,Mitski,"3,388",23.6,133098.0,31345611.0,77.0,Unknown
SAN BENEDETTO,FOREGROUND MUSIC,Ron Gallo,"3,371",23.6,79.0,1893.0,8.0,Unknown
HACIENDO QUE ME AMAS,EL ï¿½ï¿½LTIMO TOUR DEL M,Bad Bunny,"3,384",23.6,53386.0,13266439.0,66.0,Unknown
Little Things,Little Things,Jorja Smith,"3,380",23.6,29693.0,4972570.0,54.0,Unknown
Dead Man Walking,Dead Man Walking,Brent Faiyaz,"3,382",23.6,109900.0,16744963.0,66.0,Unknown
Mil Preguntas,Mil Preguntas,Q' Lokura,"3,385",23.6,954.0,5000862.0,67.0,Unknown
La ï¿½ï¿½ltima Vez (Yo Te Per,La ï¿½ï¿½ltima Vez (Yo Te Perdï¿½ï¿½) ,,"3,381",23.6,,,,Unknown
Girls Need Love (with Drake) - Remix,Last Day Of Summer,Summer Walker,"3,375",23.6,100418.0,27719646.0,73.0,Unknown
Ball If I Want To,Ball If I Want To,DaBaby,"3,418",23.5,65171.0,14450198.0,60.0,Unknown
P*$$Y Fairy (OTW),P*$$Y Fairy (OTW),Jhenï¿½ï¿½ ,"3,394",23.5,39746.0,10892506.0,63.0,Unknown
As It Was,As It Was (Official Video),Harry Styles,"3,410",23.5,1.0,1.0,,"soft rock, pop, pop rock"
dangerous,dangerous,21 Savage,"3,407",23.5,15845.0,17899427.0,,Unknown
Ensï¿½ï¿½ï¿½ï¿½ame ,Un Verano Sin Ti,Bad Bunny,"3,398",23.5,52893.0,6523487.0,69.0,Unknown
Olha a Explosï¿½,O Melhor do Brasil,MC Kevinho,"3,395",23.5,1.0,45.0,,Unknown
Cake By The Ocean - Cover,Tik Toker Popular Playlist,MUSIC LAB JPN,"3,414",23.5,1.0,48.0,,Unknown
Bellaquita,Bellaquita,Dalex,"3,396",23.5,33813.0,5671029.0,55.0,Unknown
Limbo,Prestige,Daddy Yankee,"3,400",23.5,86239.0,25204530.0,70.0,Unknown
Ah-Bop,Ah-Bop,Gene Ess,"3,390",23.5,1.0,30.0,,Unknown
Tu Perfume,Tu Perfume,Banda MS de Sergio Lizï¿½ï¿½r,"3,416",23.5,863.0,5681798.0,,Unknown
Chamkeela Angeelesi,"Chamkeela Angeelesi (From ""Dasara"") (Telugu)",Santhosh Narayanan,"3,417",23.5,1358.0,1211901.0,55.0,Unknown
Hayloft II,Inside (Deluxe),Mother Mother,"3,408",23.5,55274.0,8810602.0,70.0,Unknown
Tormenta (feat. Bad Bunny),Cracker Island,Gorillaz,"3,391",23.5,36980.0,10871819.0,62.0,Unknown
DJ Got Us Fallin' In Love,Europa FM Presenta Europa Baila,USHER,"3,402",23.5,178587.0,102898525.0,76.0,Unknown
DIE,KMT,Gazo,"3,393",23.5,38142.0,4366481.0,62.0,Unknown
You and Me,Leo,Shubh,"3,406",23.5,3838.0,3967859.0,67.0,Unknown
Please Don't Fall In Love With Me,Please Don't Fall In Love With Me,Khalid,"3,415",23.5,4502.0,36934463.0,,Unknown
Aullando,"Los Campeones del Pueblo ""The Big Leagues""",Wisin & Yandel,"3,403",23.5,32596.0,12353977.0,62.0,Unknown
El Incomprendido,El Incomprendido,Farruko,"3,412",23.5,58393.0,11050675.0,55.0,Unknown
23,"23 (feat. Miley Cyrus, Wiz Khalifa & Juicy J) - Single",Mike WiLL Made-It,"3,409",23.5,62118.0,14714742.0,63.0,Unknown
Guay,Guay,Ozuna,"3,392",23.5,3004.0,39535866.0,73.0,Unknown
Poesia Acï¿½ï¿½stica #6: Era uma,Poesia Acï¿½ï¿½stica #6: Era uma,Pineapple StormTv,"3,397",23.5,29494.0,7278455.0,66.0,Unknown
Swang,SremmLife 2 (Deluxe),Rae Sremmurd,"3,405",23.5,128507.0,19018702.0,66.0,Unknown
Broke Boys,Her Loss,Drake,"3,399",23.5,57819.0,6493900.0,61.0,Unknown
SMOKE IT OFF!,SMOKE IT OFF!,Lumi Athena,"3,389",23.5,28912.0,4118167.0,69.0,Unknown
Night Bus,Night Bus,KIDS,"3,401",23.5,9.0,219.0,,Unknown
bad idea right?,bad idea right?,Olivia Rodrigo,"3,413",23.5,2667.0,913630.0,,Unknown
What They Want,What They Want,Russ,"3,404",23.5,102907.0,12253671.0,68.0,Unknown
All of Me - Radio Edit,"ýý3 Greatest Hits, Vol. 66",John Legend,"3,411",23.5,362.0,74085.0,20.0,Unknown
Corazï¿½ï¿½n F,Corazï¿½ï¿½n Frï¿½ï¿½o ,Jasiel Nuï¿½ï,"3,420",23.4,6458.0,10455834.0,,Unknown
Take Care,Take Care (Deluxe),Drake,"3,431",23.4,110679.0,26798475.0,70.0,Unknown
A Sky Full of Stars,Los Nï¿½ï¿½meros 1 De 40 (El Disco De Los ï¿½ï,Coldplay,"3,421",23.4,203270.0,92755562.0,81.0,Unknown
Smack That - Dirty,Smack That (feat. Eminem),Akon,"3,422",23.4,204464.0,51055833.0,80.0,Unknown
Ramen & OJ,Ramen & OJ,Joyner Lucas,"3,423",23.4,92337.0,16647767.0,63.0,Unknown
Arhbo [Music from the FIFA World Cup Qatar 2022 Official Soundtrack],Arhbo (Music from the Fifa World Cup Qatar 2022 Official Soundtrack) [feat. FIFA Sound] - Single,Ozuna,"3,427",23.4,10601.0,3845428.0,33.0,Unknown
MEGAVERSE,ROCK-STAR,Stray Kids,"3,426",23.4,6500.0,2233993.0,,Unknown
Come See Me,Come See Me - Single,Rod Wave,"3,428",23.4,6626.0,1303808.0,,Unknown
Cool With You,NewJeans 2nd EP 'Get Up',NewJeans,"3,425",23.4,17423.0,3301778.0,70.0,Unknown
Dark Matter,Dark Matter,Pearl Jam,"3,430",23.4,2274.0,7617471.0,,Unknown
Shameless,Shameless,Camila Cabello,"3,419",23.4,59700.0,20404459.0,76.0,Unknown
New Freezer (feat. Kendrick Lamar),New Freezer (feat. Kendrick Lamar),Rich The Kid,"3,424",23.4,59316.0,12635825.0,54.0,Unknown
GTA.mp3,GTA.mp3,Emilia,"3,429",23.4,13322.0,11067087.0,,Unknown
Dembow,Dembow,Danny Ocean,"3,441",23.3,60397.0,11805084.0,65.0,Unknown
WAKE UP!,WAKE UP!,MoonDeity,"3,435",23.3,35409.0,17925243.0,67.0,Unknown
ECHOES: Cala Boca Menino,Echoes,Fire! Orchestra,"3,438",23.3,69.0,4543.0,2.0,Unknown
Dembow,Dembow,Danny Ocean,"3,441",23.3,60397.0,11805084.0,65.0,Unknown
Down Bad,THE TORTURED POETS DEPARTMENT,Taylor Swift,"3,437",23.3,418.0,1952536.0,,"pop, country-pop"
Fast,Death Race For Love (Bonus Track Version),Juice WRLD,"3,450",23.3,73288.0,11414109.0,62.0,Unknown
Come and See Me (feat. Drake),Come and See Me (feat. Drake),PARTYNEXTDOOR,"3,436",23.3,93938.0,19349153.0,66.0,Unknown
Myself,COSMIC,Bazzi,"3,443",23.3,46745.0,6489845.0,59.0,Unknown
Muï¿½ï¿½,Muï¿½ï¿½ecas - Si,TINI,"3,440",23.3,20554.0,11413592.0,57.0,Unknown
"BESAME (feat. Tiago PZK, Khea & Neo Pistea) - Remix","BESAME (feat. Tiago PZK, Khea & Neo Pistea) [Remix]",Bhavi,"3,444",23.3,4531.0,17931371.0,78.0,Unknown
LOCO,CRAZY IN LOVE,ITZY,"3,451",23.3,21380.0,4116327.0,63.0,Unknown
Life's A Mess (feat. Halsey),Life's A Mess (feat. Halsey),Juice WRLD,"3,442",23.3,63731.0,10636802.0,61.0,Unknown
Do I Wanna Know?,Do I Wanna Know?,Arctic Monkeys,"3,432",23.3,11669.0,2167817.0,46.0,Unknown
Have Mercy,Have Mercy,Chlï¿½,"3,445",23.3,32888.0,14372026.0,60.0,Unknown
Cake By The Ocean - Cover,FOLIAGE PLANT selected by KIKO,epi records,"3,537",23.3,1.0,,,Unknown
Bad Decisions (with BTS & Snoop Dogg),Bad Decisions (with BTS & Snoop Dogg),benny blanco,"3,449",23.3,21452.0,21180923.0,62.0,Unknown
Yebbaï¿½ï¿½ï¿½s Hear,Certified Lover Boy,Drake,"3,448",23.3,81889.0,12970647.0,71.0,Unknown
Drums (Feat. Kim Petras),Drums (Feat. Kim Petras),James Hype,"3,434",23.3,12116.0,42703266.0,,Unknown
El Avioncito,El Avioncito,Giblack,"3,447",23.3,3147.0,419656.0,41.0,Unknown
Handle On You,Handle On You,Parker McCollum,"3,439",23.3,17543.0,4890850.0,63.0,Unknown
"Non, je ne regrette rien",Edith Piaf Essentials : The Greatest Hits of the Most Popular French Singer,ýýdith Piaf,"3,433",23.3,1.0,1.0,19.0,Unknown
Montagem - Pr Funk,Montagem - Pr Funk - Single,BARATO NATION,"3,867",23.2,6.0,22.0,,Unknown
Tunnel Vision,Tunnel Vision,Kodak Black,"3,477",23.2,139540.0,20919688.0,68.0,Unknown
White Tee (with NO1-NOAH),Life On Earth - EP,Summer Walker,"3,474",23.2,75966.0,16182804.0,63.0,Unknown
ýýýýýýýýýýýýýýýýýýýýýýýýýýýýýýýýýýýýýýýýýýýýýýýýýýýýýýýýýýýýýýýýýýýýýýýýýýýýýýýýýýýýýýýýýýýýýýýýýýýýýýýýýýýýýýýýýý,ýýýýýýýýýýýýýýýýýýýýýýýýýýýýýýýýýýýýýýýýýýýýýýýýýýýýýýýýýýýýýýýýýýýýýýýýýýýýýýýýýýýýýýýýýýýýýýýýýýýýýýýýýýýýýýýýýý - Single,TaitosmitH,"3,462",23.2,248.0,177260.0,,Unknown
I'm Not The Only One,I'm Not The Only One,Sam Smith,"3,458",23.2,10520.0,1711940.0,16.0,Unknown
ýýýýýýýýýýýýýýýýýýýýýýýýýýýýýýýýýýýýýýýýýýýýýýýýýýýýýý,ýýýýýýýýýýýýýýýýýýýýýýýýýýýýýýýýýýýýýýýýýýýýýýýýýýýýýý,ýýýýýýýýý ýýýýýýýýýýýýýýýýýýýýý,"3,455",23.2,5.0,3.0,,Unknown
La Llevo Al Cielo (Ft. ï¿½ï¿½engo F,La Llevo Al Cielo (Ft. ï¿½ï¿½engo F,Chris Jedi,"3,471",23.2,63319.0,20006639.0,67.0,Unknown
Too Easy,Too Easy,Gunna,"3,452",23.2,69577.0,7803085.0,54.0,Unknown
Walking On A Dream,Walking On A Dream,Empire Of The Sun,"3,476",23.2,248136.0,72561268.0,74.0,Unknown
Take Two,Take Two,BTS,"3,461",23.2,9472.0,17478821.0,69.0,Unknown
Water (Remix),Water (Remix) - Single,Tyla,"3,473",23.2,14616.0,7031379.0,,Unknown
You Know You Like It,You Know You Like It,DJ Snake,"3,465",23.2,88997.0,19591325.0,65.0,Unknown
Bom Diggy,Bom Diggy - Single,Zack Knight,"3,464",23.2,9861.0,2598056.0,46.0,Unknown
Mati-Matian,Mati-Matian - Single,Mahalini,"3,472",23.2,992.0,9607115.0,76.0,Unknown
Live Another Day,Phonkageddon,Kordhell,"3,470",23.2,69176.0,20246527.0,66.0,Unknown
Ana Ghaltan,Cigara,Bahaa Sultan,"3,468",23.2,1342.0,217990.0,47.0,Unknown
Sexo Virtual,VICE VERSA,Rauw Alejandro,"3,460",23.2,61096.0,10057845.0,66.0,Unknown
"Nï¿½ï¿½o, Nï¿½",Piseiro Sofrï¿½ï¿½,Mari Fernandez,"3,469",23.2,19033.0,5413126.0,51.0,Unknown
ýý ýýýýýýýý ýýýýýýýýýý,ýý ýýýýýýýý ýýýýýýýýýý,Moreart,"3,475",23.2,32582.0,1788403.0,50.0,Unknown
Chasin' You,If I Know Me,Morgan Wallen,"3,466",23.2,66397.0,14589013.0,74.0,Unknown
Ali Cabbar,Parti ï¿½ï¿½,Emir Can ï¿½ï¿½ï,"3,467",23.2,10414.0,1765706.0,58.0,Unknown
Clouds,Clouds - Single,BUNT.,"3,459",23.2,48038.0,50298372.0,63.0,Unknown
Let Your Boys Be Country,Let Your Boys Be Country,Jason Aldean,"3,456",23.2,4032.0,1727967.0,1.0,Unknown
Spin You Around (1/24),Spin You Around (1/24),Morgan Wallen,"3,453",23.2,7109.0,6908240.0,,Unknown
Solo Me Dejaste,Solo Me Dejaste,Grupo Marca Registrada,"3,454",23.2,19506.0,8147122.0,66.0,Unknown
Like I'm Gonna Lose You (feat. John Legend),Title (Deluxe),Meghan Trainor,"3,457",23.2,88246.0,45330466.0,71.0,Unknown
"Don't Give Up On Me - (From ""Five Feet Apart"")","Don't Give Up On Me (From ""Five Feet Apart"")",Andy Grammer,"3,463",23.2,72182.0,9700882.0,67.0,Unknown
Jingle Bell Rock,"Essential Classics, Vol. 141: Bobby Helms",Bobby Helms,"3,478",23.1,2.0,21523.0,,Unknown
Talk Dirty (feat. 2 Chainz),VTM Kzoom Hits Best Of 2013,Jason Derulo,"3,489",23.1,116033.0,31380421.0,65.0,Unknown
Nail Tech,Nail Tech,Jack Harlow,"3,497",23.1,65837.0,16010323.0,56.0,Unknown
Lahore,Kultural Inkursions,Guru Randhawa,"3,496",23.1,96.0,7682.0,,Unknown
The Summoning,The Summoning - Single,Sleep Token,"3,484",23.1,41454.0,4335379.0,69.0,Unknown
Feel It Still,Woodstock,Portugal. The Man,"3,492",23.1,239.0,18020.0,26.0,Unknown
TROLLZ (with Nicki Minaj),TROLLZ (with Nicki Minaj),6ix9ine,"3,481",23.1,37282.0,5544584.0,2.0,Unknown
Cover Me Up,Cover Me Up,Morgan Wallen,"3,499",23.1,58811.0,6992809.0,70.0,Unknown
Un Verano Sin Ti,Un Verano Sin Ti,Bad Bunny,"3,495",23.1,49439.0,8856237.0,69.0,Unknown
Mi Morenita,Mi Morenita - Single,Grupo Marca Registrada,"3,494",23.1,456.0,36732009.0,68.0,Unknown
Get A Guitar,Get A Guitar,RIIZE,"3,485",23.1,5721.0,6337730.0,,Unknown
Heat,Heat (feat. Gunna),Gunna,"3,486",23.1,34958.0,4874126.0,55.0,Unknown
Birds In The Sky,Birds In The Sky - Single,New Era,"3,480",23.1,2953.0,13358420.0,,Unknown
I Was Never There,"My Dear Melancholy,",The Weeknd,"3,488",23.1,139596.0,44549966.0,78.0,Unknown
How You Feel (Ft. Leven Kali),How You Feel (Ft. Leven Kali),ANOTR,"3,490",23.1,4565.0,35057668.0,,Unknown
Hang Tight Honey,Hang Tight Honey,Lainey Wilson,"3,482",23.1,544.0,2536543.0,,Unknown
Bar,Bar,TINI,"3,487",23.1,33491.0,8783650.0,54.0,Unknown
ýýýýýýýýýýýýýýýýýýýýýýýýýýýýýýýýýýýý,ýýýýýýýýýýýýýýýýýýýýýýýýýýýýýýýýýýýý,YOUNGOHM,"3,498",23.1,2837.0,283039.0,47.0,Unknown
Case,Ghost,Diljit Dosanjh,"3,479",23.1,7078.0,4725307.0,,Unknown
Apa Fer Milaange,Apa Fer Milaange,Savi Kahlon,"3,491",23.1,1511.0,3365447.0,,Unknown
Socadona (feat. Mr. Vegas),Socadona (feat. Mr. Vegas),LUDMILLA,"3,493",23.1,12229.0,3938315.0,45.0,Unknown
As It Was,As It Was - Single,Hundreds,"3,483",23.1,111.0,76454.0,30.0,Unknown
Humpty Dumpty,60 Nursery Rhyme Songs,Nursery Rhymes,"3,524",23.0,342.0,115537.0,1.0,Unknown
Sial,fï¿½ï¿½,Mahalini,"3,525",23.0,13022.0,4228094.0,75.0,Unknown
Pelele,Pelele,Morad,"3,508",23.0,62043.0,3300200.0,64.0,Unknown
"Ishq Jaisa Kuch (From ""Fighter"")","Ishq Jaisa Kuch (From ""Fighter"")",Vishal-Shekhar,"3,519",23.0,1252.0,1466065.0,,Unknown
CAROLINA,MAï¿½ï¿½ANA SERï¿½ï¿,KAROL G,"3,517",23.0,7595.0,3622886.0,66.0,Unknown
Krippy Kush,Krippy Kush,Farruko,"3,500",23.0,29638.0,8623457.0,56.0,Unknown
Do It,VULTURES 1,Kanye West,"3,503",23.0,11523.0,11610664.0,,Unknown
Mtg Quero Te Encontrar,Mtg Quero Te Encontrar,DJ LG PROD,"3,518",23.0,6191.0,39878495.0,79.0,Unknown
Umbrella (with 21 Savage & Young Nudy),HEROES & VILLAINS,Metro Boomin,"3,521",23.0,58239.0,5643840.0,64.0,Unknown
Cuaderno,Climaxxx,Dalex,"3,511",23.0,57071.0,15542644.0,63.0,Unknown
Leja Re,Leja Re,Dhvani Bhanushali,"3,504",23.0,7444.0,1576312.0,55.0,Unknown
Pï¿½ï¿½i,Pï¿½ï¿½i naa - Si,Babasha,"3,522",23.0,75.0,194541.0,53.0,Unknown
Paro - Speed Up,Paro (Speed Up),Nej,"3,512",23.0,20834.0,6538674.0,53.0,Unknown
"Burn, Burn, Burn","Burn, Burn, Burn",Zach Bryan,"3,501",23.0,42715.0,5866774.0,75.0,Unknown
Girl,Easy Money Baby,Myke Towers,"3,523",23.0,66574.0,10919097.0,70.0,Unknown
Saving Up,Saving Up,Dom Dolla,"3,516",23.0,21585.0,55905413.0,,Unknown
The Way Life Goes (feat. Oh Wonder),Luv Is Rage 2,Lil Uzi Vert,"3,505",23.0,172881.0,24951320.0,74.0,Unknown
Headshot (feat. Polo G & Fivio Foreign),Headshot,Lil Tjay,"3,502",23.0,116321.0,15413876.0,65.0,Unknown
"Gali Gali (From ""Kgf Chapter 1"")","Gali Gali (From ""Kgf Chapter 1"")",Neha Kakkar,"3,515",23.0,5648.0,3808001.0,59.0,Unknown
LLYLM,LLYLM,ROSALï¿½,"3,513",23.0,25380.0,8516973.0,60.0,Unknown
Levels,Levels (feat. Sunny Malton),Sidhu Moose Wala,"3,510",23.0,16234.0,2550626.0,59.0,Unknown
"Hey Mama (feat. Nicki Minaj, Bebe Rexha & Afrojack) - Boaz van de Beatz remix","Hey Mama (feat. Nicki Minaj, Bebe Rexha & Afrojack) [Boaz van de Beatz remix]",Boaz van de Beatz,"3,506",23.0,2389.0,473657.0,29.0,Unknown
If You're Happy and You Know It (Clap Your Hands),Circle Time Singalong,CoComelon,"3,514",23.0,120.0,15324.0,20.0,Unknown
La player (Bandolera),La Player (Bandolera),Zion & Lennox,"3,520",23.0,60339.0,19082403.0,65.0,Unknown
ART,TYLA,Tyla,"3,507",23.0,3984.0,25998283.0,,Unknown
Let's Love,Let's Love,Sia,"3,509",23.0,44252.0,11141387.0,57.0,Unknown
DASH,Fe3O4: BREAK,NMIXX,"3,530",22.9,2870.0,8114713.0,11.0,Unknown
On My Mind,On My Mind,Diplo,"3,526",22.9,146593.0,20526230.0,60.0,Unknown
Vampiro,Vampiro,Matuï¿,"3,527",22.9,37790.0,7871652.0,67.0,Unknown
Another Late Night (feat. Lil Yachty),For All The Dogs,Drake,"3,535",22.9,24182.0,4216247.0,,Unknown
Fire - Official UEFA EURO 2024 Song,Fire (Official UEFA EURO 2024 Song),MEDUZA,"3,542",22.9,1567.0,19516267.0,74.0,Unknown
Delincuente,Delincuente,Tokischa,"3,541",22.9,35863.0,12100534.0,68.0,Unknown
Never Lose Me (feat. SZA & Cardi B),"Fine Ho, Stay",Flo Milli,"3,531",22.9,2993.0,12990773.0,,Unknown
Kernkraft 400 (A Better Day),Kernkraft 400 (A Better Day),Topic,"3,543",22.9,41774.0,34142715.0,65.0,Unknown
SORRY NOT SORRY,CALL ME IF YOU GET LOST: The Estate Sale,"Tyler, The Creator","3,536",22.9,40539.0,4631003.0,63.0,Unknown
Bad (feat. Vassy) - Radio Edit,The Edge (Mixed By G-Wizard & DJ Nino Brown),Showtek,"3,538",22.9,109606.0,23041032.0,62.0,Unknown
CYBERTRUCK,nadie sabe lo que va a pasar maï¿½ï¿,Bad Bunny,"3,540",22.9,18212.0,7936625.0,,Unknown
"Sher Khul Gaye (From ""Fighter"")","Sher Khul Gaye (From ""Fighter"")",Vishal-Shekhar,"3,528",22.9,1494.0,2272746.0,,Unknown
Fever,Future Nostalgia,Dua Lipa,"3,532",22.9,50838.0,9475236.0,57.0,Unknown
"Tiago PZK: Bzrp Music Sessions, Vol. 48","Tiago PZK: Bzrp Music Sessions, Vol. 48",Bizarrap,"3,539",22.9,75230.0,11893074.0,67.0,Unknown
Hands up!,Hands up!,6arelyhuman,"3,533",22.9,30542.0,5116146.0,5.0,Unknown
Buenas,Buenas,Quevedo,"3,529",22.9,22023.0,7264376.0,,Unknown
STUPID IN LOVE (feat. HUH YUNJIN of LE SSERAFIM),STUPID IN LOVE (feat. HUH YUNJIN of LE SSERAFIM) - Single,MAX,"3,537",22.9,5624.0,10655675.0,,Unknown
Let Her Go,All The Little Lights,Passenger,"3,534",22.9,205647.0,46729104.0,73.0,folk pop
Put Your Records On,Put Your Records On,Ritt Momney,"3,561",22.8,79793.0,18207064.0,65.0,Unknown
So Am I,So Am I,Ava Max,"3,558",22.8,57702.0,10099210.0,66.0,Unknown
Slide,Slide,Calvin Harris,"3,555",22.8,165916.0,41514442.0,69.0,Unknown
Feel Good Inc.,Demon Days,Gorillaz,"3,548",22.8,357484.0,72604627.0,78.0,Unknown
Me And My Broken Heart,Power Hits 2014,Rixton,"3,563",22.8,115255.0,27152345.0,71.0,Unknown
"Baguettes in the Face (feat. NAV, Playboi Carti & A Boogie Wit da Hoodie)",Perfect Ten,Mustard,"3,566",22.8,90422.0,12036582.0,58.0,Unknown
Bachpan Ka Pyaar,Bachpan Ka Pyaar,Badshah,"3,565",22.8,3377.0,711026.0,46.0,Unknown
Lo Aprendï¿½ï¿½ de Ti - HA-ASH Primera Fila - Hecho Realidad [En V,HA-ASH Primera Fila - Hecho Realidad,Ha*Ash,"3,560",22.8,17197.0,13770893.0,67.0,Unknown
GIRL LIKE ME,Translation,Black Eyed Peas,"3,547",22.8,74777.0,20137742.0,62.0,Unknown
Blinding Lights - Instrumental,Blinding Lights,The Weeknd,"3,553",22.8,1333.0,1102247.0,32.0,Unknown
Wildest Dreams (Taylor's Version),Wildest Dreams (Taylor's Version),Taylor Swift,"3,550",22.8,62990.0,35314187.0,69.0,Unknown
Here With Me,Here With Me,Marshmello,"3,564",22.8,70317.0,19641164.0,66.0,Unknown
Ain't Your Mama,Ain't Your Mama,Jennifer Lopez,"3,562",22.8,58453.0,15619408.0,63.0,Unknown
Rock My Body,Rock My Body (with INNA & Sash!),R3HAB,"3,545",22.8,26701.0,54553074.0,73.0,Unknown
TWINNEM,TWINNEM,Coi Leray,"3,557",22.8,10084.0,1619073.0,42.0,Unknown
Mood,Mood,Makar,"3,551",22.8,50326.0,3786319.0,55.0,Unknown
TU$$I (with Dei V),TU$$I (with Dei V),YOVNGCHIMI,"3,549",22.8,11356.0,9053525.0,72.0,Unknown
"Duki: Bzrp Music Sessions, Vol. 50","Duki: Bzrp Music Sessions, Vol. 50",Bizarrap,"3,554",22.8,35544.0,6481114.0,62.0,Unknown
Tell Me What You Want,Tell Me What You Want - Single,Oden & Fatzo,"3,546",22.8,8.0,3490536.0,,Unknown
KABUKI,KABUKI,Cuckoo Coco,"3,544",22.8,,,,Unknown
The Bones,GIRL...The Bones,Maren Morris,"3,556",22.8,32656.0,13523577.0,63.0,Unknown
Good News,Good News,Mac Miller,"3,567",22.8,116525.0,15419745.0,64.0,Unknown
Sin Seï¿½ï,Sin Seï¿½ï,Quevedo,"3,559",22.8,58130.0,8587722.0,62.0,Unknown
Mejor Que Yo,Mejor Que Yo - Single,Anuel AA,"3,552",22.8,18046.0,6605054.0,59.0,Unknown
Wiggle (feat. Snoop Dogg),Talk Dirty,Jason Derulo,"3,568",22.8,72270.0,18270302.0,58.0,Unknown
Evoque Prata,Evoque Prata,MC MENOR HR,"3,595",22.7,33067.0,14383640.0,58.0,Unknown
Last Heartbreak Song,The Year I Turned 21,Ayra Starr,"3,580",22.7,592.0,22270490.0,67.0,Unknown
MIDDLE CHILD,TrapStar Turnt PopStar,PnB Rock,"3,590",22.7,37044.0,3705069.0,53.0,Unknown
Pakistan,Pakistan,D-Block Europe,"3,594",22.7,25855.0,2553452.0,56.0,Unknown
Beat the Odds,Beat the Odds,Lil Tjay,"3,575",22.7,49847.0,5823632.0,60.0,Unknown
Barely Breathing,Barely Breathing,Grant Averill,"3,582",22.7,616.0,19001.0,22.0,Unknown
All Around The World (La La La),All Around The World (La La La),R3HAB,"3,571",22.7,124386.0,40611935.0,68.0,Unknown
"You're On Your Own, Kid",Midnights,Taylor Swift,"3,585",22.7,34908.0,21579957.0,72.0,Unknown
ýýýýýý ýýýýýýýýýýýý ýýýýýýýýýýýý (My head is spinning like a screw),ýýýýýý ýýýýýýýýýýýý ýýýýýýýýýýýý,kostromin,"3,578",22.7,41062.0,3658542.0,8.0,Unknown
Already Rich,Already Rich,Yeat,"3,592",22.7,31578.0,4170271.0,70.0,Unknown
Bandana,Bandana - Single,Shubh,"3,576",22.7,1644.0,5818260.0,72.0,Unknown
ýýýýýýýýýýýýýýý,ýýýýýýýýýýýýýýý,Mrs. GREEN APPLE,"3,573",22.7,921.0,7492428.0,74.0,Unknown
Bruises,Bruises,Lewis Capaldi,"3,570",22.7,132498.0,38683695.0,73.0,Unknown
exile (feat. Bon Iver),folklore,Taylor Swift,"3,572",22.7,81489.0,55181767.0,72.0,Unknown
THE GIRLS - BLACKPINK THE GAME OST,THE GIRLS (BLACKPINK THE GAME OST),BLACKPINK,"3,596",22.7,7964.0,8670175.0,62.0,Unknown
Raja Ji,Raja Ji,Pawan Singh,"3,581",22.7,456.0,263080.0,61.0,Unknown
ýý ýýýýýýýýýý,ýý ýýýýýýýýýý - Single,A.V.G,"3,593",22.7,5363.0,288263.0,50.0,Unknown
Love Sosa,Finally Rich (Deluxe),Chief Keef,"3,586",22.7,224483.0,30472220.0,74.0,Unknown
HIND'S HALL,HIND'S HALL,Macklemore,"3,589",22.7,2291.0,2406268.0,73.0,Unknown
Skibidi,"Antipositive, Pt. 2",Little Big,"3,577",22.7,21343.0,1515150.0,49.0,Unknown
I'm Geekin,I'm Geekin,DDG,"3,584",22.7,24334.0,3477076.0,60.0,Unknown
Hey Lil Mamï¿,Sol Marï¿½,Eladio Carrion,"3,574",22.7,7057.0,10565513.0,71.0,Unknown
Eres Mï¿½,"Fï¿½ï¿½rmula, Vol. 2 (Deluxe Edit",Romeo Santos,"3,583",22.7,52754.0,16157389.0,73.0,Unknown
Sunrise,One Thing At A Time,Morgan Wallen,"3,579",22.7,16554.0,1412703.0,67.0,Unknown
ME! (feat. Brendon Urie of Panic! At The Disco),ME!,Taylor Swift,"3,588",22.7,17061.0,4818145.0,,Unknown
Para de Mentir,Para de Mentir,Oruam,"3,569",22.7,4971.0,5768959.0,,Unknown
TRYNA MAKE SURE,TRYNA MAKE SURE,Moneybagg Yo,"3,591",22.7,1252.0,7389987.0,,Unknown
Yo Ya No Vuelvo Contigo - En Vivo,Viva Mï¿½ï¿½xico (En V,Grupo Firme,"3,587",22.7,502.0,83027.0,29.0,Unknown
Bella y Sensual,Golden,Romeo Santos,"3,611",22.6,45589.0,20264304.0,66.0,Unknown
Bertahan Terluka,Bertahan Terluka - Single,Fabio Asher,"3,603",22.6,10620.0,2901653.0,4.0,Unknown
if looks could kill,if looks could kill,Destroy Lonely,"3,618",22.6,46086.0,4886494.0,62.0,Unknown
Save Me The Trouble,"Save Me The Trouble, Heartbreak On The Map, Bigger Houses",Dan + Shay,"3,616",22.6,3303.0,2239918.0,52.0,Unknown
Marisola - Remix,Marisola (Remix),Cris Mj,"3,621",22.6,47780.0,22081093.0,70.0,Unknown
Trampoline,Trampoline,SHAED,"3,615",22.6,37923.0,4719100.0,55.0,Unknown
Alone (with Nicki Minaj),Alone,Kim Petras,"3,622",22.6,18284.0,6628769.0,55.0,Unknown
Godï¿½ï¿½ï¿½,GO LIVE,Stray Kids,"3,600",22.6,30447.0,7012694.0,68.0,Unknown
Te Vi,Los muchachos vol. 1 - EP,Piso 21,"3,610",22.6,62653.0,31913503.0,70.0,Unknown
I Wanna Be Yours,AM,Arctic Monkeys,"3,597",22.6,277753.0,129062801.0,86.0,Unknown
Boyfriend,Believe,Justin Bieber,"3,614",22.6,73149.0,29404069.0,70.0,Unknown
PARANOIA,PARANOIA,HEARTSTEEL,"3,601",22.6,13012.0,1664856.0,,Unknown
Story of My Life,Story of My Life,One Direction,"3,607",22.6,143693.0,85520811.0,79.0,Unknown
Black Summer,Black Summer,Red Hot Chili Peppers,"3,606",22.6,34856.0,14539064.0,57.0,Unknown
Devil You Know,Devil You Know - Single,Tyler Braden,"3,599",22.6,4046.0,11535906.0,21.0,Unknown
run for the hills,THINK LATER,Tate McRae,"3,604",22.6,10296.0,16902097.0,,Unknown
I Know - PR1ISVX Edit,I Know (PR1ISVX Edit),Kanii,"3,617",22.6,34461.0,5057389.0,65.0,Unknown
Wish,Wish,Diler Kharkiya,"3,598",22.6,1036.0,186826.0,45.0,Unknown
Let Me Love You,Turning Point,Mario,"3,608",22.6,146441.0,57655350.0,70.0,Unknown
Sofia,Sofia,Alvaro Soler,"3,612",22.6,59509.0,9323605.0,65.0,Unknown
Beso (Fruta Fresca),Beso (Fruta Fresca),Wakyin,"3,605",22.6,13038.0,16595457.0,,Unknown
Ya Lili,Ya Lili,Balti,"3,609",22.6,18538.0,1506717.0,46.0,Unknown
Those Eyes,Those Eyes,New West,"3,613",22.6,119530.0,33481593.0,73.0,Unknown
Little Foot Big Foot (feat. Young Nudy),Atavista,Childish Gambino,"3,602",22.6,1483.0,4517785.0,,Unknown
Explï¿½ï¿½,Para Mi Ex,Myke Towers,"3,619",22.6,57909.0,7781405.0,62.0,Unknown
Girl On Fire,NRJ Music Awards 2013,Alicia Keys,"3,620",22.6,96138.0,42759011.0,71.0,Unknown
Like I Want You,LIKE I WANT YOU,Giveon,"3,623",22.6,85310.0,24209669.0,69.0,Unknown
"Naiyo Lagda (From ""Kisi Ka Bhai Kisi Ki Jaan"")","Naiyo Lagda (From ""Kisi Ka Bhai Kisi Ki Jaan"")",Himesh Reshammiya,"3,638",22.5,790.0,115824.0,,Unknown
Black Magic,Black Magic,Little Mix,"3,637",22.5,56621.0,20621933.0,67.0,Unknown
Budapest,Did You Hear the Rain?,George Ezra,"3,646",22.5,140545.0,43438732.0,79.0,Unknown
Shellfish cumbia,Retumbo,H2O,"3,633",22.5,2.0,4.0,,Unknown
La Gï¿½ï¿½e,La Gï¿½ï¿½erita - Si,Grupo Marca Registrada,"3,645",22.5,1325.0,40146341.0,75.0,Unknown
Mi Tesoro (feat. Nicky Jam),Motivan2,Zion & Lennox,"3,631",22.5,16013.0,5249592.0,54.0,Unknown
ERE,ERE,juan karlos,"3,626",22.5,8229.0,6844366.0,62.0,Unknown
Alcohol-Free,Alcohol-Free,TWICE,"3,634",22.5,24906.0,7188926.0,62.0,Unknown
Bad boy,Bad boy,Marwa Loud,"3,639",22.5,55077.0,5070531.0,63.0,Unknown
Voices In My Head,Voices In My Head,Falling In Reverse,"3,644",22.5,33824.0,2017666.0,68.0,Unknown
LA NENA,LA NENA - Single,Lyanno,"3,643",22.5,4064.0,52935650.0,80.0,Unknown
Better Now,beerbongs & bentleys,Post Malone,"3,647",22.5,5013.0,1630513.0,46.0,Unknown
Hati-Hati di Jalan,Manusia,Tulus,"3,627",22.5,21841.0,7413119.0,69.0,Unknown
Algo Mï¿½ï¿½,Algo Mï¿½ï¿½,Rauw Alejandro,"3,648",22.5,57388.0,9038307.0,64.0,Unknown
Quicksand,Quicksand,Morray,"3,642",22.5,39798.0,3748995.0,53.0,Unknown
Singapur,El Androide,El Alfa,"3,641",22.5,32859.0,6302679.0,64.0,Unknown
Just Dance,The Fame,Lady Gaga,"3,629",22.5,183102.0,83157868.0,74.0,Unknown
Tom's Diner,Tom's Diner,AnnenMayKantereit,"3,640",22.5,117924.0,14177874.0,68.0,Unknown
La Jeepeta - Remix,La Jeepeta (Remix),Nio Garcia,"3,625",22.5,89441.0,25654350.0,64.0,Unknown
Ojos Marrones,Ojos Marrones - Single,Dos Waves,"3,632",22.5,,,,Unknown
Marvins Room,Marvins Room,Drake,"3,624",22.5,102247.0,25718396.0,68.0,Unknown
The Motto,Take Care (Deluxe),Drake,"3,630",22.5,89323.0,25996675.0,68.0,Unknown
Hot (feat. Gunna),So Much Fun,Young Thug,"3,635",22.5,84975.0,16825587.0,64.0,Unknown
Skibidi Toilet,Skibidi Toilet,Lil Big Stack,"3,636",22.5,1929.0,194015.0,55.0,Unknown
moment,moment,Vierre Cloud,"3,628",22.5,111710.0,19093657.0,71.0,Unknown
Heaven Takes You Home,Paradise Again,Swedish House Mafia,"3,649",22.5,55197.0,31793054.0,71.0,Unknown
Far Away (2020 Remaster),All The Right Reasons (15th Anniversary Expanded Edition),Nickelback,"3,661",22.4,1941.0,494700.0,61.0,Unknown
God Damn,Ek Tha Raja,Badshah,"3,651",22.4,1547.0,5202586.0,70.0,Unknown
Razzi Bolja,Razzi Bolja,Harjeet Deewana,"3,664",22.4,1206.0,238098.0,51.0,Unknown
"Tested, Approved & Trusted",I Told Them...,Burna Boy,"3,658",22.4,15081.0,3685016.0,61.0,Unknown
GALOPA,GALOPA,PEDRO SAMPAIO,"3,667",22.4,26385.0,7610967.0,57.0,Unknown
Reckless,Reckless,Madison Beer,"3,670",22.4,57183.0,22431648.0,66.0,Unknown
Paint The Town Red,Paint The Town Red,Doja Cat,"3,678",22.4,3719.0,1828974.0,52.0,"trap, hip hop, pop"
BEST ON EARTH (feat. BIA) - Bonus,BEST ON EARTH (feat. BIA),Russ,"3,665",22.4,50891.0,7553724.0,60.0,Unknown
Drunk (And I Don't Wanna Go Home),Drunk (And I Don't Wanna Go Home),Elle King,"3,676",22.4,29696.0,13496258.0,61.0,Unknown
Overdrive,Overdrive,Post Malone,"3,669",22.4,27992.0,6772366.0,63.0,Unknown
Cuando Nadie Ve,Cuando Nadie Ve,Morat,"3,673",22.4,41914.0,21124626.0,72.0,Unknown
Freak (feat. REI AMI),Thrill Seeker,Sub Urban,"3,652",22.4,47712.0,8225689.0,62.0,Unknown
Sugar Rush Ride,The Name Chapter: TEMPTATION,TOMORROW X TOGETHER,"3,672",22.4,14560.0,6470472.0,67.0,Unknown
Me Escapï¿,Me Escapï¿,DobleP,"3,654",22.4,7332.0,6306859.0,,Unknown
Sakhiyaan,Sakhiyaan,Maninder Buttar,"3,668",22.4,14789.0,2384549.0,65.0,Unknown
Without You (feat. Sandro Cavazza),AVï¿½ï¿½CI ,Avicii,"3,662",22.4,135290.0,29277394.0,73.0,Unknown
Aynen,Hermano,Heijan,"3,663",22.4,12381.0,2302824.0,57.0,Unknown
IDGAF,Dua Lipa (Deluxe),Dua Lipa,"3,675",22.4,108894.0,36019109.0,71.0,Unknown
Maniac,Maniac,Conan Gray,"3,653",22.4,109624.0,33327204.0,71.0,Unknown
Love Me Harder,So Fresh ï¿½ï¿½ï¿½ The Hits Of Summer 2015 + Best O,Ariana Grande,"3,655",22.4,80957.0,31639571.0,73.0,Unknown
Si Supieras,Si Supieras,Daddy Yankee,"3,677",22.4,33666.0,10575144.0,63.0,Unknown
Love Someone,Love Someone,Lukas Graham,"3,674",22.4,76430.0,26556274.0,63.0,Unknown
Dance Alone,Dance Alone,Sia,"3,660",22.4,3020.0,15579341.0,3.0,Unknown
Suano,Suano - Single,NTG,"3,656",22.4,1439.0,35368637.0,71.0,Unknown
Heart On Ice,Heart On Ice,Rod Wave,"3,659",22.4,70340.0,8592699.0,62.0,Unknown
POP/STARS,POP/STARS,K/DA,"3,650",22.4,49066.0,6820467.0,64.0,Unknown
Ring (feat. Kehlani),Invasion of Privacy,Cardi B,"3,671",22.4,25649.0,5257047.0,59.0,Unknown
Potion (with Dua Lipa & Young Thug),Potion (with Dua Lipa & Young Thug),Calvin Harris,"3,657",22.4,38872.0,27661038.0,60.0,Unknown
Pï¿½ï¿½gina De Ex - Ao Vivo N,Mari No Barzinho (Ao Vivo No RJ),Mari Fernandez,"3,666",22.4,920.0,16028156.0,71.0,Unknown
"Young, Wild & Free (feat. Bruno Mars)","Young, Wild & Free (feat. Bruno Mars)",Snoop Dogg,"3,679",22.4,247483.0,44736824.0,70.0,Unknown
NEW MAGIC WAND,IGOR,"Tyler, The Creator","3,703",22.3,145653.0,18875661.0,74.0,Unknown
Taaron Ke Shehar,Taaron Ke Shehar,Neha Kakkar,"3,686",22.3,7017.0,3232549.0,58.0,Unknown
Monster,Monster,LUM!X,"3,704",22.3,84886.0,16138519.0,66.0,Unknown
"SI SI SI SI (feat. Eladio Carrion, Bryant Myers, Dei V)",The Academy: Segunda Misiï¿½,The Academy: Segunda Misiï¿½,"3,684",22.3,3730.0,5697401.0,68.0,Unknown
River (feat. Ed Sheeran),Revival,Eminem,"3,691",22.3,95470.0,18564708.0,67.0,Unknown
Churchill Downs (feat. Drake),Come Home The Kids Miss You,Jack Harlow,"3,690",22.3,59992.0,11239045.0,61.0,Unknown
Wide Awake,538 Hitzone 63,Katy Perry,"3,681",22.3,47976.0,35749050.0,73.0,Unknown
Eyvah Neye Yarar,Karï¿½ï¿½ï¿½ï¿½ï¿½ï¿½,Semicenk,"3,698",22.3,2618.0,767611.0,,Unknown
Lush Life,Lush Life,Zara Larsson,"3,687",22.3,151855.0,83732411.0,78.0,Unknown
Kitty,Kitty,Kenia OS,"3,680",22.3,703.0,18729564.0,77.0,Unknown
"O Bedardeya (From ""Tu Jhoothi Main Makkaar"")","O Bedardeya (From ""Tu Jhoothi Main Makkaar"")",Pritam,"3,693",22.3,10142.0,5412622.0,64.0,Unknown
Wildberry Lillet,Wildberry Lillet,Nina Chuba,"3,694",22.3,46697.0,7654058.0,58.0,Unknown
Amapiano,Amapiano,Asake,"3,701",22.3,21556.0,4941800.0,63.0,Unknown
Hola Seï¿½ï¿½o,Ceinture noire (Transcendance),GIMS,"3,695",22.3,42423.0,5969962.0,58.0,Unknown
M.A (Mejores Amigos),M.A (Mejores Amigos) - Single,BM,"3,697",22.3,26160.0,3816329.0,2.0,Unknown
Take A Bite,Take A Bite,beabadoobee,"3,700",22.3,2529.0,28016380.0,78.0,Unknown
Dream Girl - Remix,Dream Girl (Remix),Ir Sais,"3,699",22.3,56563.0,16313578.0,64.0,Unknown
Me Enamorï¿,Me Enamorï¿,Shakira,"3,685",22.3,32035.0,11367243.0,61.0,Unknown
Geri Dï¿½ï¿½nem,Geri Dï¿½ï¿½nem,Semicenk,"3,702",22.3,11465.0,6557932.0,67.0,Unknown
Gimmie A Light,Gimmie A Light,Ice Spice,"3,692",22.3,1005.0,21736311.0,,Unknown
on the street (with J. Cole),on the street (with J. Cole),j-hope,"3,689",22.3,21804.0,15669021.0,63.0,Unknown
LOST FOREVER,UTOPIA,Travis Scott,"3,683",22.3,33290.0,3109142.0,62.0,Unknown
Bad and Boujee (feat. Lil Uzi Vert),Bad and Boujee (feat. Lil Uzi Vert) [Radio Version],Migos,"3,688",22.3,1317.0,319309.0,40.0,Unknown
What Ifs (feat. Lauren Alaina),Kane Brown,Kane Brown,"3,696",22.3,45773.0,14539681.0,67.0,Unknown
I Got Love,I Got Love,MiyaGi,"3,682",22.3,235.0,30808.0,,Unknown
SET ME FREE,READY TO BE,TWICE,"3,705",22.3,11752.0,4854730.0,62.0,Unknown
Say Something,Say Something,A Great Big World,"3,714",22.2,116991.0,57390894.0,65.0,Unknown
Cake By The Ocean - Cover,TIK & TOK DANCE MIX,MUSIC LAB JPN,"3,707",22.2,,,,Unknown
Por Dentro,Por Dentro,Rels B,"3,709",22.2,7383.0,10819131.0,,Unknown
You Belong With Me,Fearless,Taylor Swift,"3,720",22.2,87942.0,27210610.0,66.0,Unknown
"Sex, Drugs, Etc.",Chit Chat,Beach Weather,"3,731",22.2,160628.0,48988304.0,77.0,Unknown
Tchuco Nela,Tchuco Nela,MC Rogerinho,"3,727",22.2,14889.0,8354745.0,72.0,Unknown
Californication,Californication (Deluxe Version),Red Hot Chili Peppers,"3,730",22.2,276377.0,115315508.0,79.0,Unknown
La Mordidita,A Quien Quiera Escuchar (Deluxe Edition),Ricky Martin,"3,706",22.2,35991.0,11957152.0,61.0,Unknown
Drowning (feat. Kodak Black),Drowning (feat. Kodak Black),A Boogie Wit da Hoodie,"3,722",22.2,40536.0,3970533.0,56.0,Unknown
One in a Million,One in a Million,Bebe Rexha,"3,734",22.2,17147.0,65679098.0,70.0,Unknown
Playing Games,Playing Games,Summer Walker,"3,737",22.2,26786.0,5711358.0,58.0,Unknown
Often,Ultimate R&B 2014,The Weeknd,"3,728",22.2,142822.0,40628124.0,73.0,Unknown
Balanï¿½ï¿½o da ,Balanï¿½ï¿½o da ,Matheus Fernandes,"3,719",22.2,19268.0,14221320.0,61.0,Unknown
Better Things,Better Things - Single,aespa,"3,738",22.2,7731.0,5625254.0,60.0,Unknown
CCC - Remix,CCC (Remix) - Single,Michelle Maciel,"3,715",22.2,8847.0,5073881.0,,Unknown
Carnival,Carnival Pack - EP,Kanye West,"3,711",22.2,324.0,228188.0,,Unknown
Swag Se Swagat,Tiger Zinda Hai (Original),Neha Bhasin,"3,716",22.2,4244.0,2598110.0,50.0,Unknown
SEVILLA,SEVILLA,Thrife,"3,725",22.2,23652.0,1011837.0,41.0,Unknown
Chana Tera Shukriya,Jogiya Koe,Tanveer Anjum,"3,717",22.2,4.0,95.0,6.0,Unknown
Caramelo - Remix,Caramelo (Remix),Leoo Remix,"3,733",22.2,82.0,2477.0,,Unknown
GHOST!,GHOST!,phonk.me,"3,713",22.2,24672.0,15850206.0,67.0,Unknown
CUTE DEPRESSED,Cute Depressed - Single,Dyan Dxddy,"3,726",22.2,3729.0,21277335.0,77.0,Unknown
Inolvidable,Inolvidable,Ovy On The Drums,"3,712",22.2,38487.0,8731809.0,65.0,Unknown
Lioness,Lioness,Swedish House Mafia,"3,710",22.2,776.0,49144891.0,,Unknown
Zombie,Zombie,Bad Wolves,"3,718",22.2,77293.0,8225027.0,6.0,Unknown
NI BIEN NI MAL,X 100PRE,Bad Bunny,"3,735",22.2,57617.0,14966162.0,61.0,Unknown
MAï¿½ï¿½ANA SERï¿½ï¿,MAï¿½ï¿½ANA SERï¿½ï¿,KAROL G,"3,721",22.2,12970.0,4805498.0,66.0,Unknown
My Heart Goes (La Di Da),Only Honest On The Weekend,Becky Hill,"3,736",22.2,57447.0,23619962.0,63.0,Unknown
Candy Shop,Candy Shop,50 Cent,"3,732",22.2,219091.0,69258950.0,75.0,Unknown
ONLY,ONLY,LeeHi,"3,724",22.2,50340.0,7777287.0,71.0,Unknown
Avalon,Avalon,$uicideboy$,"3,723",22.2,54797.0,3940409.0,65.0,Unknown
Puro Campeï¿½,Puro Campeï¿½ï¿½n - Si,Grupo Marca Registrada,"3,708",22.2,20521.0,5076875.0,61.0,Unknown
Esperï¿½ï¿½n,Esperï¿½ï¿½n,Manuel Turizo,"3,729",22.2,25970.0,7253202.0,59.0,Unknown
Gas Pedal,Gas Pedal - The EP,Sage The Gemini,"3,751",22.1,57350.0,12202121.0,59.0,Unknown
Landmines,Landmines,Sum 41,"3,748",22.1,6754.0,7014623.0,,Unknown
Flowers,Flowers (Official Video),Miley Cyrus,"3,752",22.1,1.0,92.0,,"soft rock, pop"
"Mnike (feat. DJ Maphorisa, Nandipha808, Ceeka RSA & Tyron Dee)","Mnike (feat. DJ Maphorisa, Nandipha808, Ceeka RSA & Tyron Dee)",Tyler ICU,"3,747",22.1,19814.0,4852560.0,61.0,Unknown
DANCE CRIP,DANCE CRIP,Trueno,"3,754",22.1,50642.0,5259227.0,61.0,Unknown
stellar,stellar,.diedlonely,"3,742",22.1,6022.0,1268699.0,66.0,Unknown
En Tu Perra Vida,En Tu Perra Vida,Grupo Firme,"3,740",22.1,24857.0,13763202.0,53.0,Unknown
Malibu,Malibu,Miley Cyrus,"3,763",22.1,87422.0,33951824.0,68.0,Unknown
Skin and Bones,Skin and Bones,David Kushner,"3,744",22.1,9185.0,8922438.0,,Unknown
Shut up My Moms Calling - (Sped Up),Shut up My Moms Calling (Sped up),Hotel Ugly,"3,746",22.1,54042.0,7715768.0,75.0,Unknown
Spinnin,Spinnin,Connor Price,"3,741",22.1,49659.0,12999272.0,63.0,Unknown
Baby Shark,Baby Shark & More Kids Songs,Super Simple Songs,"3,749",22.1,4005.0,631145.0,55.0,Unknown
BARBIEZ,Pa las Baby's Y Belikeada,Fuerza Regida,"3,759",22.1,6289.0,7279462.0,,Unknown
Coladin,Indï¿½ï¿½,Zï¿½ï¿½ Vaqu,"3,760",22.1,5563.0,9739787.0,62.0,Unknown
"Coca Cola (From ""Luka Chuppi"")","Coca Cola (From ""Luka Chuppi"")",Tony Kakkar,"3,757",22.1,8746.0,5016334.0,59.0,Unknown
Los Botones Azules,Mi Vida En Un Cigarro 2,Junior H,"3,758",22.1,35760.0,13777862.0,70.0,Unknown
All By Myself,All By Myself,Alok,"3,764",22.1,23576.0,35626223.0,68.0,Unknown
Dj Balada Boa X Pika Pika Kawenimeri,Dj Balada Boa X Pika Pika Kawenimeri,DJ USUP,"3,762",22.1,285.0,25137.0,7.0,Unknown
Joli bï¿½ï¿,Joli bï¿½ï¿,Naza,"3,755",22.1,35653.0,2205297.0,57.0,Unknown
Time of Our Lives,Time of Our Lives,Pitbull,"3,739",22.1,203125.0,103528914.0,79.0,Unknown
Blood // Water,Blood / / Water,grandson,"3,745",22.1,132079.0,18302636.0,68.0,Unknown
Famous Hoes,Famous Hoes,NLE Choppa,"3,753",22.1,37176.0,2555897.0,54.0,Unknown
AMOR PROPIO,AMOR PROPIO,Grupo Frontera,"3,756",22.1,3988.0,5490306.0,,Unknown
Wreckage,Wreckage,Pearl Jam,"3,750",22.1,887.0,15777506.0,,Unknown
This Town,This Town,Niall Horan,"3,743",22.1,107486.0,73687531.0,74.0,Unknown
Maybe Youï¿½ï¿½ï¿½re The P,Maybe Youï¿½ï¿½ï¿½re The P,Ava Max,"3,761",22.1,24137.0,10925511.0,62.0,Unknown
Lil Bit,Lil Bit,Nelly,"3,792",22.0,40989.0,10401884.0,61.0,Unknown
Nenas,Nenas,Anni K,"3,790",22.0,5.0,22387.0,10.0,Unknown
Rainy Days,Layover,V,"3,776",22.0,10383.0,13943814.0,70.0,Unknown
Disaster,Disaster - Single,KSLV Noh,"3,784",22.0,72424.0,23939335.0,65.0,Unknown
Feelings,Feelings,Sumit Goswami,"3,773",22.0,4380.0,426039.0,54.0,Unknown
Trouble With A Heartbreak,Trouble With A Heartbreak,Jason Aldean,"3,770",22.0,10962.0,1379201.0,4.0,Unknown
Los Collares,Los Collares,Oscar Maydon,"3,769",22.0,23892.0,9122511.0,72.0,Unknown
BLAQ ON BLAQ (feat. Luciano),BLAQ ON BLAQ (feat. Luciano),HoodBlaq,"3,772",22.0,1347.0,7618938.0,70.0,Unknown
Memories (feat. Kid Cudi),VIVA Club Rotation (Vol. 46),Kid Cudi,"3,778",22.0,261469.0,53941189.0,63.0,Unknown
It's That Time,It's That Time,Marlon Hoffstadt,"3,789",22.0,28087.0,18522511.0,62.0,Unknown
Do Not Climb,Do Not Climb,Claps,"3,780",22.0,11.0,237.0,,Unknown
Mï¿½ï¿½lanine (feat. Were,Mï¿½ï¿½la,Heuss L'enfoirï¿,"3,786",22.0,1528.0,6768397.0,71.0,Unknown
Bakkal Amca,Bakkal Amca,Kukuli,"3,775",22.0,850.0,54262.0,36.0,Unknown
Martes 13,Martes 13 - Single,Luis R Conriquez,"3,768",22.0,967.0,11244203.0,,Unknown
Jom ka du me tï¿½ï¿,Jom ka du me tï¿½ï¿,Dafina Zeqiri,"3,791",22.0,208.0,567656.0,57.0,Unknown
BellaBella,Bella Bella (feat. Scelo),Vanco,"3,783",22.0,12.0,142.0,1.0,Unknown
Long Journey,Nostalgia,Rod Wave,"3,765",22.0,6248.0,524752.0,,Unknown
Die A Happy Man,Die a Happy Man - Single,Thomas Rhett,"3,782",22.0,53548.0,22066757.0,66.0,Unknown
Dah Dah DahDah,Who is Nardo Wick?? (Deluxe),Nardo Wick,"3,766",22.0,53038.0,20272136.0,63.0,Unknown
Cab In A Solo,Cab In A Solo - Single,Scotty McCreery,"3,787",22.0,2375.0,2311705.0,55.0,Unknown
Sï¿½ï¿½,Sï¿½ï¿½,Anuel AA,"3,771",22.0,45002.0,9737159.0,57.0,Unknown
Bachke Bachke (feat. Yarah),Making Memories,Karan Aujla,"3,779",22.0,6899.0,2394704.0,61.0,Unknown
Fed Up,ANTI-ICON,Ghostemane,"3,785",22.0,71843.0,10101641.0,64.0,Unknown
Slide,Slide,H.E.R.,"3,781",22.0,50674.0,7520303.0,53.0,Unknown
"Udd Jaa Kaale Kaava (From ""Gadar 2"")","Udd Jaa Kaale Kaava (From ""Gadar 2"") - Single",Udit Narayan,"3,774",22.0,392.0,329325.0,,Unknown
Be The One,Be The One,Eli Brown,"3,777",22.0,34283.0,39325226.0,67.0,Unknown
Top 10 staTues tHat CriEd bloOd,POST HUMAN: NeX GEn,Bring Me The Horizon,"3,788",22.0,1675.0,21053939.0,73.0,Unknown
This City,Not a Hobby,Sam Fischer,"3,767",22.0,74321.0,32015799.0,63.0,Unknown
Os Bico Tï¿½ï¿½o Se Perguntando (Letï¿½ï¿½,Os Bico Tï¿½ï¿½o Se Perguntando (Letï¿½ï¿½,MC PH,"3,801",21.9,15020.0,12049822.0,65.0,Unknown
Last Time I Saw You,Last Time I Saw You,Nicki Minaj,"3,818",21.9,12490.0,4973699.0,,Unknown
Precision,Precision,Big Sean,"3,795",21.9,2152.0,10280933.0,,Unknown
Did Me Wrong,B4 BOA - Single,A Boogie Wit da Hoodie,"3,820",21.9,13096.0,12843743.0,,Unknown
Cry No More (feat. Tay Keith),Cry No More (feat. Tay Keith),Headie One,"3,804",21.9,3148.0,14042635.0,,Unknown
ýýýýýýýýýýýýýýýýýýýýýýýýýýýýýýýýýýýýýýýýýýýýýýýýýýýýýýýýýýýý (Fade),ýýýýýýýýýýýýýýýýýýýýýýýýýýýýýýýýýýýýýýýýýýýýýýýýýýýýýýýýýýýý (Fade) - Single,Jeff Satur,"3,811",21.9,6516.0,1169599.0,52.0,Unknown
Get Back,Meet The Woo 2,Pop Smoke,"3,800",21.9,123588.0,10315713.0,64.0,Unknown
Panic Room,Panic Room,Au/Ra,"3,821",21.9,54160.0,11403808.0,63.0,Unknown
DJ BIWIR BEUREUM-BEUREUM JAWER HAYAM PANO COKLAT KOPI SUSU - RUNTAH,DJ BIWIR BEUREUM-BEUREUM JAWER HAYAM PANO COKLAT KOPI SUSU - RUNTAH,DJ MANIKCI REMIX,"3,810",21.9,1599.0,427725.0,,Unknown
2002,NOW That's What I Call Music! 100,Anne-Marie,"3,807",21.9,116.0,163402.0,,Unknown
Baila Conmigo (feat. Kelly Ruiz),Baila Conmigo (feat. Kelly Ruï¿½ï,Dayvi,"3,797",21.9,76682.0,17689258.0,62.0,Unknown
Problemas de um Milionï¿½ï¿,Problemas de um Milionï¿½ï¿,WIU,"3,806",21.9,3323.0,20484664.0,74.0,Unknown
Noticed,Noticed,Lil Mosey,"3,819",21.9,114135.0,13562882.0,65.0,Unknown
Shoota (feat. Lil Uzi Vert),Die Lit,Playboi Carti,"3,809",21.9,165691.0,25912755.0,70.0,Unknown
Happy Birthday,Happy Birthday,Jovanie,"3,793",21.9,449.0,53427.0,3.0,Unknown
The Greatest,The Greatest,Sia,"3,812",21.9,66668.0,19682111.0,62.0,Unknown
Ignite,Ignite,Alan Walker,"3,815",21.9,61901.0,8272313.0,64.0,Unknown
Sharing Locations (feat. Lil Baby & Lil Durk),Sharing Locations (feat. Lil Baby & Lil Durk),Meek Mill,"3,805",21.9,71478.0,11466134.0,53.0,Unknown
Gï¿½ï¿½ï¿½p ï¿½ï¿½ï¿½ï¿½i,Gï¿½ï¿½ï¿½p ï¿½ï¿½ï¿½ï¿½i,Tuï¿½ï¿½ï¿½n,"3,794",21.9,408.0,22223.0,,Unknown
Vette Motors,Vette Motors - Single,YoungBoy Never Broke Again,"3,814",21.9,16202.0,12738423.0,19.0,Unknown
Only Fine Girl,Only Fine Girl - Single,Spyro,"3,816",21.9,513.0,66602.0,,Unknown
EVIL EMPIRE,YOUNG GENIUS,Lil Mabu,"3,803",21.9,765.0,183087.0,,Unknown
Overwhelmed,Overwhelmed,Royal & the Serpent,"3,813",21.9,49325.0,8000164.0,62.0,Unknown
Good as Hell,Good As Hell,Lizzo,"3,799",21.9,76581.0,23235611.0,66.0,Unknown
Caroline,Caroline,Aminï¿,"3,802",21.9,121158.0,21027698.0,64.0,Unknown
Mon ami,Mon ami,Tiesco le sultan,"3,808",21.9,3.0,37.0,,Unknown
Zombie Dance with New DB Heroes,Mummy Dance with Family,D Billions,"3,796",21.9,4.0,3608.0,,Unknown
Adictiva,Adictiva,Daddy Yankee,"3,817",21.9,50261.0,14055347.0,62.0,Unknown
Kitsch,Kitsch,IVE,"3,798",21.9,12540.0,4019167.0,64.0,Unknown
Rewrite The Stars,Rewrite The Stars,Zac Efron,"3,823",21.8,89520.0,20163755.0,67.0,Unknown
Hype Boy,NewJeans 1st EP 'New Jeans',NewJeans,"3,836",21.8,37204.0,14531541.0,74.0,Unknown
Enchanted (Taylor's Version),Speak Now (Taylor's Version),Taylor Swift,"3,842",21.8,23393.0,21692426.0,75.0,Unknown
GUCCI LOS PAï¿½ï,MAï¿½ï¿½ANA SERï¿½ï¿,KAROL G,"3,826",21.8,8049.0,3681766.0,67.0,Unknown
Legends Never Die,Legends Never Die (feat. Against The Current),League of Legends,"3,841",21.8,93643.0,10186393.0,70.0,Unknown
BLEED,BLEED - Single,The Kid LAROI,"3,824",21.8,16789.0,14682417.0,,Unknown
IDGAF,IDGAF,Lucixn,"3,950",21.8,1.0,23.0,,Unknown
Michi Teyu Ku (Overflowing),ýýýýýýýýýýýýýýý,Fujii Kaze,"3,825",21.8,1766.0,5537845.0,69.0,Unknown
Desde Esa Noche,Desde Esa Noche,Thalia,"3,845",21.8,25025.0,10799784.0,59.0,Unknown
SOS (feat. Aloe Blacc),SOS (feat. Aloe Blacc),Avicii,"3,839",21.8,99429.0,20117915.0,66.0,Unknown
Pulsar Bike,Dhamaka (Original Motion Picture Soundtrack) - EP,Bheems Ceciroleo,"3,844",21.8,1308.0,893063.0,27.0,Unknown
FRANCHISE (feat. Young Thug & M.I.A.),FRANCHISE (feat. Young Thug & M.I.A.),Travis Scott,"3,830",21.8,79755.0,13755423.0,63.0,Unknown
Kya Baat Ay,Kya Baat Ay,Harrdy Sandhu,"3,831",21.8,10885.0,2902589.0,60.0,Unknown
Do not touch,Do not touch,MISAMO,"3,828",21.8,8260.0,3310476.0,57.0,Unknown
PERSIAN RUGS,PARTYPACK,PARTYNEXTDOOR,"3,840",21.8,35421.0,6478459.0,65.0,Unknown
Romeo Juliet - Title Song,Romeo Vs Juliet (Original Motion Picture Soundtrack) - EP,Akassh,"3,833",21.8,13.0,168.0,,Unknown
Ambition For Cash,Ambition For Cash,Key Glock,"3,835",21.8,79303.0,26443727.0,70.0,Unknown
En Peligro de Extinciï¿½,En Peligro De Extinciï¿½,La Adictiva,"3,832",21.8,20307.0,11542516.0,65.0,Unknown
Besito,Besito,Soy Pau,"3,838",21.8,458.0,44624.0,50.0,Unknown
ýýýýýý,ýýýýýý,ýýýýýýýýýýýý,"3,834",21.8,4120.0,5907064.0,70.0,Unknown
Be Kind (with Halsey),Manic,Marshmello,"3,829",21.8,67417.0,29811087.0,67.0,Unknown
I GOT YOU,I GOT YOU,TWICE,"3,843",21.8,3500.0,6710198.0,13.0,Unknown
Zukunft Pink (feat. Inï¿½ï,Zukunft Pink (feat. Inï¿½ï¿½z) - Si,Peter Fox,"3,822",21.8,43947.0,6669237.0,58.0,Unknown
CCC,CCC,Michelle Maciel,"3,837",21.8,15475.0,4201646.0,67.0,Unknown
Dime,Dime,El Malilla,"3,827",21.8,1248.0,57818152.0,75.0,Unknown
Do you like yogurt,Do you like yogurt - Single,Pierce,"3,861",21.7,3.0,433.0,1.0,Unknown
Electric Love,Candy,Bï¿½ï¿,"3,874",21.7,190953.0,46698179.0,75.0,Unknown
MR. OCTOBER,nadie sabe lo que va a pasar maï¿½ï¿,Bad Bunny,"3,854",21.7,16712.0,10256270.0,,Unknown
I Can Fix Him (No Really I Can),THE TORTURED POETS DEPARTMENT,Taylor Swift,"3,853",21.7,2336.0,7788313.0,,Unknown
Kï¿½ï¿½,Kï¿½ï¿½,Mabel Matiz,"3,865",21.7,648.0,5441452.0,70.0,Unknown
Jee Ni Lagda,Making Memories,Karan Aujla,"3,871",21.7,7404.0,1780691.0,62.0,Unknown
Sudden Shower,"Lovely Runner, Pt. 1 (Original Soundtrack)",Eclipse,"3,862",21.7,1093.0,11421810.0,75.0,Unknown
Nira Ishq,Nira Ishq,Guri,"3,873",21.7,5921.0,739326.0,61.0,Unknown
lo que hay x aquï¿,lo que hay x aquï¿,Rels B,"3,868",21.7,28508.0,7355147.0,73.0,Unknown
Los Cachos,Los Cachos - Single,Piso 21,"3,858",21.7,27199.0,9782411.0,63.0,Unknown
Jugnu,Jugnu,Badshah,"3,847",21.7,11105.0,3811972.0,61.0,Unknown
NADIE SABE,nadie sabe lo que va a pasar maï¿½ï¿,Bad Bunny,"3,880",21.7,16215.0,2220706.0,,Unknown
nE !?,#1 - EP,Lvbel C5,"3,859",21.7,1698.0,3907201.0,71.0,Unknown
Graduation (with Juice WRLD),Graduation (with Juice WRLD),benny blanco,"3,869",21.7,63452.0,9753180.0,58.0,Unknown
Fim de Semana no Rio,Fim de Semana no Rio,Teto,"3,856",21.7,32542.0,6206794.0,61.0,Unknown
Best Time,Larger Than Life,Brent Faiyaz,"3,883",21.7,17828.0,12635199.0,,Unknown
Hot N*gga,Hot N*gga,Bobby Shmurda,"3,851",21.7,122568.0,20199078.0,64.0,Unknown
No Sufrirï¿½ï¿½ por Nadie - R,No Sufrirï¿½ï¿½ por Nadie (Re,Joaquin Guiller,"3,872",21.7,2537.0,558526.0,50.0,Unknown
For Tonight,For Tonight,Giveon,"3,848",21.7,46330.0,19899069.0,59.0,Unknown
Barely Holdin' On,Barely Holdin' On,Polo G,"3,846",21.7,22225.0,4792493.0,59.0,Unknown
Lihim,Lihim,Arthur Miguel,"3,849",21.7,4215.0,13721864.0,65.0,Unknown
Shake It Off (Taylor's Version),1989 (Taylor's Version),Taylor Swift,"3,882",21.7,10228.0,19750632.0,,Unknown
DICE AND ROLL,DICE AND ROLL,Odetari,"3,850",21.7,2998.0,8168809.0,,Unknown
Clara Bow,THE TORTURED POETS DEPARTMENT,Taylor Swift,"3,863",21.7,2267.0,5904252.0,,Unknown
Witchy (feat. Childish Gambino),TIMELESS,KAYTRANADA,"3,852",21.7,683.0,29671686.0,,Unknown
Quiï¿½ï¿½reme Mientras Se P,Quiï¿½ï¿½reme Mientras Se P,Manuel Turizo,"3,857",21.7,38826.0,10338131.0,66.0,Unknown
About Damn Time,Special,Lizzo,"3,881",21.7,22663.0,8235045.0,64.0,"funk, r&b, pop"
0800 HEAVEN,0800 HEAVEN - Single,Nathan Dawe,"3,878",21.7,14429.0,12456842.0,61.0,Unknown
Elegï¿½ï¿½ (feat. Dï¿½ï¿½me,Elegï¿½ï¿½ (feat. Dï¿½ï¿½me,Rauw Alejandro,"3,860",21.7,57496.0,13084955.0,63.0,Unknown
Hallelujah,A Pentatonix Christmas,Pentatonix,"3,885",21.7,47499.0,20527523.0,55.0,Unknown
You can't control my heart,Missing,Kurochuu,"3,870",21.7,2.0,2190.0,1.0,Unknown
March Madness,56 Nights,Future,"3,886",21.7,46212.0,10914718.0,61.0,Unknown
Never Gonna Not Dance Again,Never Gonna Not Dance Again - Single,P!nk,"3,884",21.7,1991.0,492746.0,40.0,Unknown
Que Calor (with J Balvin & El Alfa),Major Lazer Essentials,Major Lazer,"3,875",21.7,78546.0,20739392.0,59.0,Unknown
Make No Sense,AI YoungBoy 2,YoungBoy Never Broke Again,"3,876",21.7,117843.0,15973142.0,69.0,Unknown
STARGAZING,ASTROWORLD,Travis Scott,"3,887",21.7,140977.0,21048687.0,70.0,Unknown
WTFYM,WE DON'T TRUST YOU,Future,"3,864",21.7,5834.0,2628670.0,,Unknown
All My Life,All My Life,Falling In Reverse,"3,879",21.7,471.0,11007124.0,65.0,Unknown
Munch (Feelinï¿½ï¿½,Munch (Feelinï¿½ï¿½ï¿½ U) - ,Ice Spice,"3,855",21.7,35905.0,9102015.0,60.0,Unknown
If You Want Love,Perception,NF,"3,877",21.7,78449.0,16977422.0,65.0,Unknown
Humpty Dumpty,Fusion In The City,Lo Greco Bros,"3,866",21.7,4.0,271.0,,Unknown
Revenge,17,XXXTENTACION,"3,867",21.7,184465.0,30276013.0,81.0,Unknown
Savage Love,The Bboy Hoppers Dance Videos,Jason Derulo,"3,921",21.6,8.0,102.0,,Unknown
White Iverson,White Iverson,Post Malone,"3,918",21.6,158507.0,27779312.0,70.0,Unknown
Hola - Remix,Hola (Remix),Dalex,"3,900",21.6,87957.0,23915679.0,64.0,Unknown
The Black Dog,THE TORTURED POETS DEPARTMENT: THE ANTHOLOGY,Taylor Swift,"3,892",21.6,2325.0,7529867.0,,Unknown
Say Something (feat. Chris Stapleton),Say Something,Justin Timberlake,"3,891",21.6,60774.0,17047156.0,64.0,Unknown
Hoa Cï¿½ï¿½ï,Hoa Cï¿½ï¿½ï,Phong Max,"3,912",21.6,962.0,77885.0,41.0,Unknown
I Know,I Know,Kanii,"3,914",21.6,15725.0,2639765.0,54.0,Unknown
lost souls,The Melodic Blue,Baby Keem,"3,889",21.6,79180.0,9708315.0,64.0,Unknown
Don't You Know,Don't You Know,Crosby St. Models,"3,890",21.6,1.0,2.0,,Unknown
Hold Me Closer,Diamonds (Deluxe),Elton John,"3,907",21.6,61255.0,53203700.0,68.0,Unknown
Se Joga no Passinho,Se Joga no Passinho,Brisa Star,"3,901",21.6,13672.0,3376873.0,50.0,Unknown
Girls,Girls - The 2nd Mini Album,aespa,"3,923",21.6,11617.0,5520626.0,62.0,Unknown
Classic,MKTO,MKTO,"3,922",21.6,172980.0,88942487.0,78.0,Unknown
The Last Goodbye (feat. Bettye LaVette),The Last Goodbye (feat. Bettye LaVette) - Single,ODESZA,"3,905",21.6,65839.0,15313309.0,58.0,Unknown
The Weekend,Ctrl,SZA,"3,896",21.6,71149.0,22408790.0,70.0,Unknown
Overloading (OVERDOSE),"Overdose (feat. LADIPOE, Magixx & Boy Spyce) - Single",Mavins,"3,920",21.6,18165.0,3041519.0,53.0,Unknown
shipping,Follow Your Nature,great area,"3,902",21.6,259.0,4467.0,25.0,Unknown
Stole the Show,Stole the Show,Kygo,"3,913",21.6,131842.0,38541359.0,70.0,Unknown
Mood - Remix,Mood (Remix),Zero Two,"3,899",21.6,3742.0,374428.0,,Unknown
Chasing After You (with Maren Morris),Chasing After You (with Maren Morris),Ryan Hurd,"3,906",21.6,22915.0,8881878.0,56.0,Unknown
Kini Ecko Pergi Meninggalkanku,Kini Ecko Pergi Meninggalkanku,Ecko Show,"3,917",21.6,487.0,24227.0,29.0,Unknown
LOOOVE (feat. Kid Cudi),UTOPIA,Travis Scott,"3,919",21.6,32141.0,3198359.0,63.0,Unknown
Oddara (feat. Mercedes Salinas),Oddara,Overcast,"3,888",21.6,,,,Unknown
10 Freaky Girls (with 21 Savage),NOT ALL HEROES WEAR CAPES,Metro Boomin,"3,894",21.6,164540.0,26346726.0,71.0,Unknown
Bahagiaku Sederhana,Bahagiaku Sederhana,Jamik Jams,"3,895",21.6,59.0,12313.0,21.0,Unknown
"Paint It, Black",Forty Licks,The Rolling Stones,"3,911",21.6,28.0,3079.0,,Unknown
Beautiful People (Stay High),Beautiful People (Stay High),The Black Keys,"3,893",21.6,3009.0,4663533.0,,Unknown
UNA CERVEZA,Pa las Baby's Y Belikeada,Fuerza Regida,"3,908",21.6,8225.0,21015676.0,79.0,Unknown
Down With Me,Down With Me,Lil Tecca,"3,915",21.6,14158.0,6850591.0,,Unknown
"SG (with Ozuna, Megan Thee Stallion & LISA of BLACKPINK)","SG (with Ozuna, Megan Thee Stallion & LISA of BLACKPINK)",DJ Snake,"3,909",21.6,32179.0,23070902.0,63.0,Unknown
Pink Friday Girls,Pink Friday 2,Nicki Minaj,"3,897",21.6,9844.0,4936627.0,,Unknown
Teresa & Maria,Teresa & Maria,alyona alyona,"3,916",21.6,2862.0,2254638.0,73.0,Unknown
Conversations,Legends Never Die,Juice WRLD,"3,904",21.6,93838.0,13263446.0,68.0,Unknown
Rake It Up,Rake It Up,Yo Gotti,"3,924",21.6,47875.0,14327367.0,58.0,Unknown
De Vuelta Pa' La Vuelta,De Vuelta Pa' La Vuelta,Daddy Yankee,"3,910",21.6,23301.0,15473906.0,62.0,Unknown
Sunshine,Sunshine,OneRepublic,"3,898",21.6,59377.0,40654330.0,73.0,Unknown
Walk,Walk/Spin,Kodak Black,"3,903",21.6,33941.0,10580136.0,54.0,Unknown
9 bis 9,9 bis 9,SIRA,"3,935",21.5,34675.0,5950045.0,66.0,Unknown
Versace on the Floor,24K Magic,Bruno Mars,"3,949",21.5,64011.0,17977153.0,72.0,Unknown
Bailando,Bailandome,El Jordan 23,"3,954",21.5,24359.0,2386279.0,61.0,Unknown
Runaway (U & I) [Dance],"This Is MELON, Vol. 1 (Dance)",MELON,"3,961",21.5,3124.0,10531046.0,42.0,Unknown
Hasta la Miel Amarga (feat. Grupo Firme),Hasta la Miel Amarga (En Vivo),"Luis Angel ""El Flaco""","3,940",21.5,14849.0,8963601.0,41.0,Unknown
Love Me Like This,expï¿½ï¿½rgo ,NMIXX,"3,937",21.5,9999.0,5451670.0,64.0,Unknown
Buss It,Buss It,Erica Banks,"3,936",21.5,32202.0,13605018.0,53.0,Unknown
Five Nights at Freddy's,Five Nights at Freddy's (Original Motion Picture Soundtrack),The Newton Brothers,"3,941",21.5,5850.0,722543.0,,Unknown
BODYGUARD,COWBOY CARTER,Beyoncï¿,"3,956",21.5,4391.0,32285153.0,,Unknown
Matte Black,"Sing Me a Lullaby, My Sweet Temptation",$uicideboy$,"3,938",21.5,45505.0,2568098.0,69.0,Unknown
Animals,Animals - Single,Martin Garrix,"3,957",21.5,67911.0,11433179.0,61.0,Unknown
"Akh Lad Jaave (From ""Loveyatri"")","Akh Lad Jaave (From ""Loveyatri"")",Badshah,"3,950",21.5,10461.0,4441829.0,55.0,Unknown
Uhaw,Uhaw,Dilaw,"3,958",21.5,5084.0,1645697.0,54.0,Unknown
FRIKI,FRIKI,Feid,"3,939",21.5,28166.0,14221715.0,71.0,Unknown
GOAT,Goat - Single,Number_i,"3,951",21.5,762.0,2929511.0,66.0,Unknown
Bondade de Deus,Bondade de Deus,Isaias Saad,"3,960",21.5,15910.0,8695499.0,63.0,Unknown
Let The Light In (feat. Father John Misty),Did you know that there's a tunnel under Ocean Blvd,Lana Del Rey,"3,932",21.5,33016.0,33841199.0,75.0,Unknown
NINNIN JACK,DEPARTURE,IMP.,"3,927",21.5,23.0,356969.0,,Unknown
Love 119,Love 119,RIIZE,"3,928",21.5,2509.0,8351511.0,59.0,Unknown
Jar of Hearts,jar of hearts,Christina Perri,"3,945",21.5,65494.0,31544782.0,65.0,Unknown
UP,UP,INNA,"3,944",21.5,7611.0,1055511.0,49.0,Unknown
Gotta Move On (feat. Bryson Tiller),The Love Album: Off the Grid (Extended),Diddy,"3,934",21.5,309.0,110085.0,,Unknown
Chasing Game,Various Worldwide IV,Nick Hanzo,"3,946",21.5,1.0,80.0,,Unknown
LOS APARATOS,LOS APARATOS,El Alfa,"3,943",21.5,30579.0,5580377.0,65.0,Unknown
ýýQuýý Nos Pasýý?,ýýQuýý Nos Pasýý? - Single,Anuel AA,"3,926",21.5,31668.0,4718236.0,68.0,Unknown
I Won't Give Up,Chï¿½ï¿½rie Summer ,Jason Mraz,"3,925",21.5,91617.0,43046356.0,62.0,Unknown
I GUESS I'M IN LOVE,I GUESS I'M IN LOVE,Clinton Kane,"3,959",21.5,75352.0,37597369.0,63.0,Unknown
Tapï¿½ï¿½o Na ,Som No Talo,Raï¿½ï¿½ Saia Ro,"3,933",21.5,21913.0,6808067.0,53.0,Unknown
Angry,Angry,The Rolling Stones,"3,953",21.5,10629.0,9924829.0,,Unknown
SWEET / I THOUGHT YOU WANTED TO DANCE,CALL ME IF YOU GET LOST,"Tyler, The Creator","3,947",21.5,93761.0,9361340.0,69.0,Unknown
Yes I'm A Mess,Yes I'm A Mess,AJR,"3,948",21.5,6918.0,9962020.0,,Unknown
Try,NRJ Hit List 2012 Vol 2,P!nk,"3,955",21.5,94974.0,33907759.0,74.0,Unknown
Saiyaan Ji,Saiyaan Ji,Yo Yo Honey Singh,"3,942",21.5,5646.0,1398949.0,48.0,Unknown
VVS Switch,VVS Switch,Pressure 9X19,"3,929",21.5,5241.0,2934957.0,,Unknown
Can I Call You Tonight?,Can I Call You Tonight?,Dayglow,"3,930",21.5,158639.0,32332004.0,71.0,Unknown
Sweet Child O' Mine,Appetite For Destruction,Guns N' Roses,"3,931",21.5,295491.0,96032046.0,80.0,Unknown
DISPO,DISPO,KAROL G,"3,952",21.5,11700.0,10018246.0,68.0,Unknown
Obsessed,Obsessed,Riar Saab,"3,972",21.4,18781.0,6151558.0,64.0,Unknown
Here We Go (Uh Oh),Here We Go (Uh Oh),Coco Jones,"3,978",21.4,675.0,18922968.0,,Unknown
Madrid City,Madrid City,Ana Mena,"3,966",21.4,8481.0,12819927.0,,Unknown
Bring It on Home to Me,Soul Essentials : Chill With the Legendary Voices of Soul Music,Sam Cooke,"3,990",21.4,2.0,12.0,,Unknown
Ropa Cara,Ropa Cara,Camilo,"3,979",21.4,19981.0,3838967.0,50.0,Unknown
Straightenin,Straightenin,Migos,"3,968",21.4,61959.0,9905843.0,51.0,Unknown
Percherï¿½,Las Canciones De La Granja De Zenï¿½ï¿½n Vo,El Reino Infantil,"3,988",21.4,1581.0,439901.0,49.0,Unknown
Bring Me To Life,Fallen,Evanescence,"3,963",21.4,229491.0,68545536.0,79.0,Unknown
Espectacular,Espectacular - Single,Sky Rompiendo,"3,971",21.4,3415.0,44650919.0,,Unknown
Me Gusta,Me Gusta,Shakira,"3,991",21.4,49237.0,19452357.0,61.0,Unknown
Middle,Middle,DJ Snake,"3,974",21.4,136601.0,31036842.0,70.0,Unknown
Ron Artest,Ron Artest,Babyface Ray,"3,973",21.4,28846.0,5713050.0,65.0,Unknown
El Patito Juan,La Hormiguita Hippie,Biper Y Sus Amigos,"3,969",21.4,3040.0,672003.0,54.0,Unknown
Different 'Round Here,Different 'Round Here,Riley Green,"3,980",21.4,9014.0,9899290.0,60.0,Unknown
Jumpshot,Sunday,Dawin,"3,976",21.4,8334.0,1543930.0,45.0,Unknown
Mockingbird,Encore (Deluxe),Eminem,"3,983",21.4,293385.0,44640604.0,82.0,Unknown
Drift Night,Drift Night,Alfianie,"3,967",21.4,137.0,18188.0,29.0,Unknown
Asesina,Asesina,Brytiago,"3,982",21.4,33711.0,5993578.0,62.0,Unknown
Jennifer's Body,A Great Chaos,Ken Carson,"3,986",21.4,24166.0,3988753.0,,Unknown
In Da Club,Q-music Top 500 Van Deze Eeuw - 2011,50 Cent,"3,981",21.4,11.0,111.0,,Unknown
bread & butter,bread & butter - Single,Gunna,"3,977",21.4,29986.0,3865630.0,54.0,Unknown
ýýýýýýýýýýýý,ýýýýýýýýýýýý,Aimer,"3,975",21.4,34276.0,6961653.0,63.0,Unknown
Smile (with The Weeknd),Legends Never Die,Juice WRLD,"3,984",21.4,92879.0,13210421.0,62.0,Unknown
XXL,EL CHAVO,UZI,"3,962",21.4,13324.0,1760479.0,58.0,Unknown
Yes or No,GOLDEN,Jung Kook,"3,970",21.4,7556.0,4756460.0,,Unknown
Entrapreneur,Entrapreneur,Central Cee,"3,987",21.4,13873.0,8249759.0,,Unknown
Show Me How,Show Me How - Single,Men I Trust,"3,965",21.4,145278.0,21911416.0,20.0,Unknown
Pour It Up,Unapologetic (Edited Version),Rihanna,"3,964",21.4,59548.0,22751107.0,64.0,Unknown
MONEY AND VIBES,MONEY AND VIBES,Nemzzz,"3,985",21.4,17596.0,1306168.0,,Unknown
Macarena (Bayside Boys Remix) (Remasterizado),Viva el Verano (Remasterizado 2022),Los Del Rio,"3,989",21.4,,,,Unknown
Love Is Gone - Acoustic,Love Is Gone (Acoustic),SLANDER,"3,993",21.3,83294.0,21025597.0,71.0,Unknown
Yakï¿½ï¿½ï¿½ï,Yakï¿½ï¿½ï¿½ï,Kï¿½ï,"4,017",21.3,3408.0,7197789.0,69.0,Unknown
Por las Noches (Remix),Por las Noches (Remix) - Single,Peso Pluma,"4,023",21.3,14028.0,4216550.0,62.0,Unknown
TABU.,TABU.,Yung Yury,"4,009",21.3,40021.0,4746927.0,63.0,Unknown
Toxic,Toxic,YG,"4,006",21.3,18739.0,2015690.0,48.0,Unknown
"Hua Main (From ""ANIMAL"")","Hua Main (From ""ANIMAL"")",Raghav Chaitanya,"4,004",21.3,4072.0,7100504.0,,Unknown
Patadas de Ahogado / LATIN MAFIA - Rework,Patadas de Ahogado / LATIN MAFIA (Rework),HUGEL,"4,012",21.3,7417.0,41642055.0,,Unknown
Avï¿½ï¿½,Avï¿½ï¿½,Lucky Brown,"4,020",21.3,889.0,15385715.0,69.0,Unknown
Solid (feat. Drake),Slime Language 2,Young Stoner Life,"3,992",21.3,103470.0,22919370.0,61.0,Unknown
Joro,Joro,Wizkid,"4,005",21.3,59052.0,4339220.0,59.0,Unknown
House Of Lies,House Of Lies,Ikka,"4,013",21.3,137.0,2965343.0,42.0,Unknown
Stop Breathing,Whole Lotta Red,Playboi Carti,"4,002",21.3,76739.0,7135729.0,66.0,Unknown
The Rapture Pt.III,The Rapture Pt.III - Single,&ME,"4,016",21.3,34272.0,14914861.0,65.0,Unknown
all the good girls go to hell,"WHEN WE ALL FALL ASLEEP, WHERE DO WE GO?",Billie Eilish,"4,008",21.3,74072.0,22449798.0,68.0,Unknown
Hate You,GOLDEN,Jung Kook,"4,021",21.3,5815.0,3269253.0,,Unknown
Spell,SEVENTEEN BEST ALBUM '17 IS RIGHT HERE',SEVENTEEN,"3,998",21.3,621.0,1236012.0,,Unknown
Chase It (Mmm Da Da Da),Chase It (Mmm Da Da Da),Bebe Rexha,"3,995",21.3,1226.0,59656421.0,,Unknown
Mï¿½ï¿½,Mï¿½ï¿½,Nio Garcia,"4,015",21.3,14310.0,2814938.0,48.0,Unknown
So Fine,So Fine,Realest Cram,"3,996",21.3,3957.0,3289713.0,62.0,Unknown
My Universe,My Universe - Single,Coldplay,"3,994",21.3,,,,Unknown
Father Stretch My Hands Pt. 1,The Life Of Pablo,Kanye West,"4,003",21.3,191719.0,29522697.0,79.0,Unknown
505,Favourite Worst Nightmare,Arctic Monkeys,"3,999",21.3,315657.0,60158552.0,80.0,Unknown
Banco do Carona,Banco do Carona,Mc Don Juan,"4,019",21.3,9468.0,8189292.0,60.0,Unknown
DISCOTEKA (feat. Locura Mix),DISCOTEKA (feat. Locura Mix),The La Planta,"4,001",21.3,15308.0,4179773.0,60.0,Unknown
thanK you aIMee,THE TORTURED POETS DEPARTMENT: THE ANTHOLOGY,Taylor Swift,"4,018",21.3,1728.0,11038428.0,,Unknown
I Get The Bag (feat. Migos),I Get The Bag (feat. Migos),Gucci Mane,"4,022",21.3,98431.0,18605080.0,64.0,Unknown
Terre Pyaar Mein,Terre Pyaar Mein,Himesh Reshammiya,"3,997",21.3,955.0,135906.0,40.0,Unknown
Colors,Colors,Black Pumas,"4,014",21.3,91317.0,9796420.0,67.0,Unknown
Lifetime,Lifetime,Tobiahs,"4,010",21.3,9093.0,38460085.0,,Unknown
Numero Uno,Numero Uno,Dan-E-MC,"4,007",21.3,3.0,695.0,,Unknown
What's My Name?,Loud (Japan Version),Rihanna,"4,011",21.3,88906.0,32859163.0,69.0,Unknown
Flowers,Flowers,Lauren Spencer Smith,"4,000",21.3,36176.0,9276256.0,65.0,Unknown
Nikle Currant,Nikle Currant,Jassie Gill,"4,047",21.2,5868.0,1823835.0,52.0,Unknown
Stir Fry,Stir Fry,Migos,"4,033",21.2,107585.0,23414054.0,68.0,Unknown
"Bitch, Donï¿½ï¿½ï¿½t Kill M","good kid, m.A.A.d city (Deluxe)",Kendrick Lamar,"4,037",21.2,182518.0,23222997.0,67.0,Unknown
DOLLAZ ON MY HEAD (feat. Young Thug),WUNNA,Gunna,"4,035",21.2,113725.0,17440703.0,64.0,Unknown
Pollito Amarillito,"Gallina Pintadita, Vol. 1",Gallina Pintadita,"4,045",21.2,3570.0,744604.0,58.0,Unknown
7 Summers,7 Summers,Morgan Wallen,"4,038",21.2,47966.0,7954524.0,73.0,Unknown
Lollipop - Remix,Lollipop (Remix),Darell,"4,044",21.2,6296.0,38839254.0,,Unknown
Wrong,Wrong,Luh Kel,"4,052",21.2,39887.0,4756079.0,60.0,Unknown
You're Somebody Else,Nothing Lasts Forever (And It's Fine),flora cash,"4,025",21.2,108732.0,25587455.0,62.0,Unknown
BOTH,BOTH,Tiï¿½ï¿,"4,048",21.2,15554.0,30777157.0,,Unknown
River,Endless Summer Vacation,Miley Cyrus,"4,032",21.2,15227.0,7111182.0,59.0,Unknown
Extssy Model,Mi Vida En Un Cigarro 2,Junior H,"4,046",21.2,21333.0,6926082.0,74.0,Unknown
Formula,Euphoria (Original Score from the HBO Series),Labrinth,"4,034",21.2,114619.0,24572791.0,79.0,Unknown
Suzume,ýýýýýýýýý,RADWIMPS,"4,036",21.2,30909.0,4476490.0,63.0,Unknown
Nada,Error 93,Cazzu,"4,053",21.2,29832.0,6210430.0,65.0,Unknown
Ashes,Ashes,Stellar,"4,027",21.2,73783.0,7257676.0,67.0,Unknown
Copa Vacï¿½,Copa Vacï¿½ï¿½a - Si,Shakira,"4,040",21.2,17322.0,17844679.0,63.0,Unknown
"WHATS POPPIN (feat. DaBaby, Tory Lanez &amp; Lil Wayne) - Remix","WHATS POPPIN (feat. DaBaby, Tory Lanez & Lil Wayne) [Remix]",Jack Harlow,"4,051",21.2,117293.0,24138527.0,62.0,Unknown
Heyy,Heyy,Lil Baby,"4,039",21.2,34503.0,4137767.0,51.0,Unknown
Que Va,Que Va,Alex Sensation,"4,029",21.2,38061.0,11538458.0,59.0,Unknown
sonnenbank.mp3,sonnenbank.mp3,YAKARY,"4,026",21.2,16750.0,2767597.0,,Unknown
Rampampam,Rampampam,Minelli,"4,041",21.2,30942.0,3676550.0,57.0,Unknown
WA DA DA,FIRST IMPACT,Kep1er,"4,043",21.2,16436.0,4057129.0,54.0,Unknown
Seven Nation Army,Elephant,The White Stripes,"4,030",21.2,206953.0,64036444.0,81.0,Unknown
AHHH HA,AHHH HA,Lil Durk,"4,024",21.2,51535.0,9471098.0,54.0,Unknown
Do It Like That,Do It Like That,TOMORROW X TOGETHER,"4,031",21.2,11419.0,7392399.0,59.0,Unknown
Nakhrewali,Nakhrewali,Prashant Nakti,"4,049",21.2,123.0,316142.0,,Unknown
BEBECITA,BEBECITA,Skolim,"4,042",21.2,17.0,9351.0,,Unknown
Enjoy Enjaami,Enjoy Enjaami,Dhee,"4,054",21.2,7286.0,1484104.0,50.0,Unknown
Bezos I,Inside (The Songs),Bo Burnham,"4,050",21.2,53441.0,4357998.0,60.0,Unknown
Where Have You Been,Talk That Talk (Explicit),Rihanna,"4,028",21.2,120535.0,37264448.0,69.0,Unknown
Pelle Coat,Pelle Coat,Lil Durk,"4,055",21.2,17854.0,1809445.0,50.0,Unknown
22,22,JayO,"4,079",21.1,30898.0,12034538.0,62.0,Unknown
No Love,Still Over It,Summer Walker,"4,063",21.1,45783.0,18436392.0,69.0,Unknown
Piensan,Piensan,Myke Towers,"4,059",21.1,61560.0,9322479.0,70.0,Unknown
Feels Like Summer,Summer Pack,Childish Gambino,"4,071",21.1,104490.0,13875886.0,65.0,Unknown
Fly Away,Fly Away,Tones And I,"4,076",21.1,58857.0,14747928.0,64.0,Unknown
Don't,Don't,Bryson Tiller,"4,058",21.1,1277.0,342709.0,37.0,Unknown
Little Do You Know,Little Do You Know,Alex & Sierra,"4,077",21.1,76941.0,29043662.0,65.0,Unknown
Travesuras,Travesuras,Nicky Jam,"4,078",21.1,35237.0,11639231.0,61.0,Unknown
Mayor Que Usted,Mayor Que Usted - Single,NATTI NATASHA,"4,068",21.1,17334.0,6356554.0,54.0,Unknown
Tï¿½ï¿½moignage (L,Tï¿½ï¿½moignage (Live) - Si,Eunice Manyanga,"4,067",21.1,335.0,8055.0,34.0,Unknown
ALCH SI,Alch Si,Carin Leon,"4,061",21.1,6042.0,9378348.0,,Unknown
FARDOS,FARDOS,JC Reyes,"4,072",21.1,5947.0,11632200.0,71.0,Unknown
Martini,Martini,Dei V,"4,073",21.1,2466.0,16540673.0,72.0,Unknown
Favorite Song - Sped Up,Favorite Song (Versions) - Single,Toosii,"4,066",21.1,2423.0,1259173.0,41.0,Unknown
Out Of My Hands,WE STILL DON'T TRUST YOU,Future,"4,062",21.1,5261.0,2177045.0,,Unknown
LOT OF ME,We Love You Tecca 2,Lil Tecca,"4,069",21.1,75726.0,14866086.0,73.0,Unknown
Someone Like You,538 Hitzone 58,Adele,"4,080",21.1,39.0,10847.0,,Unknown
Mil Veces,Mil Veces,Anitta,"4,070",21.1,4863.0,7797990.0,,Unknown
Yaar Ka Sataya Hua Hai (feat. Nawazuddin Siddiqui),Yaar Ka Sataya Hua Hai,B Praak,"4,060",21.1,1868.0,1204901.0,54.0,Unknown
Members Only (feat. PARTYNEXTDOOR),For All The Dogs,Drake,"4,075",21.1,21270.0,4593922.0,,Unknown
King's Dead (with Kendrick Lamar & Future),King''s Dead (with Kendrick Lamar & Future),Jay Rock,"4,081",21.1,106817.0,22130665.0,65.0,Unknown
Aashiq Awaara (feat. Sunidhi Chauhan),ONE (Original Never Ends),Badshah,"4,056",21.1,400.0,134449.0,27.0,Unknown
Off The Record,Off The Record,IVE,"4,064",21.1,6562.0,1953126.0,,Unknown
BABY SAID,RUSH!,Mï¿½ï¿½ne,"4,057",21.1,24993.0,16530205.0,71.0,Unknown
Gangstas,Shoot For The Stars Aim For The Moon,Pop Smoke,"4,065",21.1,106769.0,6840214.0,62.0,Unknown
Too Good,Views,Drake,"4,074",21.1,126251.0,30938220.0,68.0,Unknown
Alone,Alone,Rod Wave,"4,098",21.0,14704.0,1868777.0,55.0,Unknown
Veggie Dance - Remix,Veggie Dance (Remix) - Single,Gracie's Corner,"4,091",21.0,19.0,378669.0,,Unknown
One Up,One Up,Central Cee,"4,101",21.0,51124.0,9618606.0,62.0,Unknown
idfc,Idfc,blackbear,"4,117",21.0,107737.0,27795750.0,65.0,Unknown
Revisando El Celu,Revisando El Celu,HCTM,"4,093",21.0,12.0,1508.0,,Unknown
"Not Ramaiya Vastavaiya (From ""Jawan"")","Not Ramaiya Vastavaiya (From ""Jawan"")",Anirudh Ravichander,"4,085",21.0,2866.0,999328.0,,Unknown
"Are You Going to See the Rose in the Vase, or the Dust on the Table","Are You Going to See the Rose in the Vase, or the Dust on the Table",$uicideboy$,"4,116",21.0,4298.0,15228224.0,78.0,Unknown
Only Girl (In The World),Loud (Japan Version),Rihanna,"4,090",21.0,192284.0,82258717.0,78.0,Unknown
OTW,OTW,Khalid,"4,087",21.0,89059.0,15406560.0,63.0,Unknown
Who Needs Love,Who Needs Love,Trippie Redd,"4,107",21.0,60128.0,8306828.0,4.0,Unknown
We Laugh And Clap At The Circus,Crash Recoil,Surgeon,"4,115",21.0,138.0,30013.0,11.0,Unknown
Hit Different,Hit Different,SZA,"4,097",21.0,50550.0,13267378.0,63.0,Unknown
Como En Los Viejos Tiempos,Como En Los Viejos Tiempos - Single,Eden Muï¿½ï,"4,088",21.0,2880.0,3850183.0,,Unknown
Baby Car,ýýýýýýýýý ýýýýýý ýýýýýýýýýýýý,Bebefinn,"4,110",21.0,3.0,29.0,,Unknown
Rubicon Drill,Forever - EP,Laddi Chahal,"4,082",21.0,10841.0,5578293.0,65.0,Unknown
Un Cigarrillo,Un Cigarrillo,Chencho Corleone,"4,109",21.0,14752.0,9813030.0,66.0,Unknown
Nhï¿½ï¿½ï¿½ Ngï¿½ï¿½ï¿½ï¿½ï¿½i Hay Nhï¿½ï¿½,Nhï¿½ï¿½ï¿½ Ngï¿½ï¿½ï¿½ï¿½ï¿½i Hay Nhï¿½ï¿½,Chau Dang Khoa,"4,096",21.0,40.0,6367.0,,Unknown
Birthday Sex,Jeremih (Edited Version),Jeremih,"4,099",21.0,93752.0,22844956.0,65.0,Unknown
Paradise,Paradise,Sophie and the Giants,"4,112",21.0,7077.0,7832473.0,60.0,Unknown
Los Patitos,Grandes Clï¿½ï¿½sicos Infantiles (Vol,El Reino Infantil,"4,086",21.0,316.0,287926.0,34.0,Unknown
Te Ire A Buscar,Te Ire a Buscar,Santa Fe Klan,"4,106",21.0,27465.0,4259174.0,66.0,Unknown
DORA,DORA - Single,FARIANA,"4,100",21.0,1389.0,3210604.0,64.0,Unknown
Better Place (From TROLLS Band Together),Better Place (From TROLLS Band Together),*NSYNC,"4,095",21.0,10118.0,7035846.0,,Unknown
Spicy Margarita,Spicy Margarita,Jason Derulo,"4,118",21.0,4937.0,3578804.0,4.0,Unknown
Cry,Cry,Cigarettes After Sex,"4,105",21.0,79594.0,30626148.0,78.0,Unknown
Tequila,Tequila,Dan + Shay,"4,092",21.0,52580.0,11498486.0,65.0,Unknown
Energy,Energy,Digga D,"4,113",21.0,31275.0,2195709.0,52.0,Unknown
Rockstar (2020 Remaster),All The Right Reasons (15th Anniversary Expanded Edition),Nickelback,"4,084",21.0,4310.0,1312897.0,66.0,Unknown
Amorfoda,Amorfoda,Bad Bunny,"4,111",21.0,1410.0,314487.0,,Unknown
ýýýýýýýýýýýý,ýýýýýýýýýýýý,Omoinotake,"4,114",21.0,1755.0,5204396.0,72.0,Unknown
Polaroid Love,DIMENSION : ANSWER,ENHYPEN,"4,102",21.0,30103.0,7031163.0,68.0,Unknown
HONEY (ARE U COMING?),RUSH!,Mï¿½ï¿½ne,"4,083",21.0,19565.0,11856255.0,,Unknown
What A Man Gotta Do,What A Man Gotta Do,Jonas Brothers,"4,104",21.0,47908.0,25022588.0,64.0,Unknown
Gyal You a Party Animal - Sped Up,Gyal You a Party Animal (Sped Up) - Single,Charly Black,"4,089",21.0,9007.0,1425539.0,51.0,Unknown
Do It Again,Do It Again,Pia Mia,"4,094",21.0,64298.0,14431993.0,66.0,Unknown
Di Mochkila,Di Mochkila,Oualid,"4,103",21.0,2054.0,1830094.0,,Unknown
Lemon,Lemon,Kenshi Yonezu,"4,108",21.0,27767.0,4609513.0,63.0,Unknown
Margiela,Margiela,Ezhel,"4,135",20.9,11570.0,1999209.0,,Unknown
Me and My Brother,Me and My Brother,5ive,"4,131",20.9,36302.0,1840798.0,59.0,Unknown
How To Love,Tha Carter IV (Deluxe),Lil Wayne,"4,130",20.9,54906.0,12043337.0,61.0,Unknown
A Tu Manera,A Tu Manera,Junior H,"4,138",20.9,3109.0,4140595.0,,Unknown
SNEAKERS,CHECKMATE,ITZY,"4,128",20.9,10516.0,3921848.0,56.0,Unknown
FLECHAZO EN EL CENTRO,TU DUO FAVORITO,YSY A,"4,142",20.9,13718.0,8793008.0,72.0,Unknown
LET THE WORLD BURN,LET THE WORLD BURN,Chris Grey,"4,136",20.9,3522.0,9365423.0,74.0,Unknown
Solar Eclipse,Solar Eclipse,YoungBoy Never Broke Again,"4,134",20.9,22065.0,2853491.0,55.0,Unknown
Before You Go - Guitar Acoustic,Before You Go EP,Lewis Capaldi,"4,120",20.9,4281.0,4580882.0,55.0,Unknown
ASAP,NewJeans 2nd EP 'Get Up',NewJeans,"4,133",20.9,14089.0,1750375.0,67.0,Unknown
No Switch,Colors (Deluxe),YoungBoy Never Broke Again,"4,119",20.9,27244.0,2184520.0,60.0,Unknown
How Did It End?,THE TORTURED POETS DEPARTMENT: THE ANTHOLOGY,Taylor Swift,"4,140",20.9,2185.0,14312275.0,,Unknown
Vivencias,Vivencias - Single,Kayz66,"4,121",20.9,4.0,2765.0,,Unknown
Rude Boy (Superbowl Klean),Rude Boy (Superbowl Klean) - Single,DJ San,"4,127",20.9,195.0,9168.0,,Unknown
Heatin Up (feat. Gunna),My Turn,Lil Baby,"4,122",20.9,71523.0,11208233.0,61.0,Unknown
Sleazy Flow (with Lil Baby) - Remix,Sleazy Flow (Remix),SleazyWorld Go,"4,129",20.9,48520.0,14617698.0,58.0,Unknown
Run BTS,Proof,BTS,"4,132",20.9,23010.0,21676194.0,71.0,Unknown
Never Sleep (feat. Lil Baby),Never Sleep,NAV,"4,123",20.9,56267.0,17813781.0,56.0,Unknown
Iï¿½ï¿½ï¿½m Ju,Barbie The Album,Ryan Gosling,"4,124",20.9,18525.0,2916952.0,60.0,Unknown
Sugardaddy,Sugardaddy - Single,Roxy Dekker,"4,141",20.9,4771.0,7366163.0,73.0,Unknown
Wild Thoughts (feat. Rihanna & Bryson Tiller),"P. Advisory, part 1",DJ Khaled,"4,139",20.9,,,,Unknown
In Your Eyes (feat. Alida),In Your Eyes (feat. Alida),Robin Schulz,"4,126",20.9,59904.0,11559966.0,56.0,Unknown
Save Me (with Lainey Wilson),Save Me (with Lainey Wilson),Jelly Roll,"4,125",20.9,13156.0,15537858.0,6.0,Unknown
ROLLIN N CONTROLLIN FREESTYLE,Woo Shit,DUSTY LOCANE,"4,137",20.9,70131.0,7126412.0,53.0,Unknown
GO (feat. Juice WRLD),GO (feat. Juice WRLD),The Kid LAROI,"4,146",20.8,108963.0,14479778.0,63.0,Unknown
Backyard Boy,BeVerly Hills BoYfRiEnd,Claire Rosinkranz,"4,168",20.8,63488.0,12356624.0,60.0,Unknown
Bohemian Rhapsody,Absolute Greatest,Queen,"4,147",20.8,264.0,18456.0,,Unknown
Back It up and Dump It (Dump Truck),Back It Up and Dump It (Dump Truck),GC Eternal,"4,169",20.8,3056.0,2201159.0,55.0,Unknown
"Salamin, Salamin",Talaarawan - EP,BINI,"4,156",20.8,1070.0,13784216.0,78.0,Unknown
Skyfall - Full Length,Skyfall,Adele,"4,159",20.8,116469.0,65565928.0,78.0,Unknown
Beautiful Girls,Groove So Much !,Sean Kingston,"4,155",20.8,189706.0,77373837.0,72.0,Unknown
Saawariya,Saawariya,Aastha Gill,"4,153",20.8,1873.0,836098.0,45.0,Unknown
Mon amour,Mon amour,Slimane,"4,157",20.8,4597.0,8850447.0,63.0,Unknown
ýýýýýýýýýýýýýý ýýýýýýýý,ýýýýýýýýýýýýýý ýýýýýýýý,ýýýýýýýýýýýý ýýýýýýýýýýýýýý,"4,151",20.8,11053.0,436364.0,45.0,Unknown
ýýýýýýýýýý ýýýýýýýýýýýý (ýýýýýýýýýýýýýý),ýýýýýýýýýý ýýýýýýýýýýýý (ýýýýýýýýýýýýýý),5ï¿½ï¿½ï¿,"4,162",20.8,3903.0,471206.0,54.0,Unknown
Fly high to cloud nine,Fly high to cloud nine,Terry Flow,"4,165",20.8,6.0,15634.0,13.0,Unknown
Rainfall,Rainfall,Tom Santa,"4,167",20.8,76735.0,44649643.0,70.0,Unknown
Por el Resto de Tu Vida,Por el Resto de Tu Vida,Christian Nodal,"4,150",20.8,13323.0,14658527.0,70.0,Unknown
Earth,Earth,Lil Dicky,"4,152",20.8,32331.0,3138494.0,54.0,Unknown
23 Preguntas,23 Preguntas - Single,Anuel AA,"4,158",20.8,31969.0,7964623.0,66.0,Unknown
Souk,Souk,Samara,"4,145",20.8,107.0,794717.0,,Unknown
Mi Gata,Mi Gata - Single,Standly,"4,154",20.8,34061.0,3059194.0,57.0,Unknown
Chillax,Visionary,Farruko,"4,148",20.8,40643.0,11704627.0,63.0,Unknown
ROZE | DJ TAO Turreo Sessions #22,ROZE | DJ TAO Turreo Sessions #22,DJ Tao,"4,161",20.8,8734.0,11153394.0,68.0,Unknown
Bilmem Mi?,Bilmem Mi?,Sefo,"4,144",20.8,28310.0,3244623.0,41.0,Unknown
Tattoo - Remix with Camilo,Tattoo (Remix),Rauw Alejandro,"4,160",20.8,59902.0,22906497.0,66.0,Unknown
Ready For Love,BORN PINK,BLACKPINK,"4,163",20.8,9312.0,6682567.0,55.0,Unknown
Tombstone,Tombstone,Rod Wave,"4,164",20.8,30692.0,2764081.0,62.0,Unknown
From the Start,From the Start,Good Kid,"4,143",20.8,11926.0,3221528.0,71.0,Unknown
Pyramide,Pyramide,Werenoi,"4,166",20.8,4948.0,4742178.0,66.0,Unknown
ýýýýýýýýýýýýýýýý ýýýýýýýýýýýýýý,ýýýýýýýýýýýýýýýý ýýýýýýýýýýýýýý,Galibri & Mavik,"4,149",20.8,13174.0,603919.0,48.0,Unknown
Sobran Motivos,Sobran Motivos - Single,Conjunto Rienda Real,"4,171",20.7,11288.0,6908229.0,67.0,Unknown
Tacata (Remix),Tacata (Remix),Tiagz,"4,178",20.7,8790.0,29458776.0,,Unknown
Million Reasons,Million Reasons,Lady Gaga,"4,175",20.7,71034.0,28288082.0,69.0,Unknown
Can't Have Mine,Can't Have Mine - Single,Dylan Scott,"4,170",20.7,14642.0,4147528.0,60.0,Unknown
supï¿½ï,supï¿½ï,ýýýýýýýýýý,"4,188",20.7,15618.0,1035077.0,65.0,Unknown
What Else Can I Do?,Encanto (Original Motion Picture Soundtrack),Diane Guerrero,"4,186",20.7,18815.0,9312393.0,62.0,Unknown
YA NO TE EXTRAï¿½,NASTY SINGLES,NATTI NATASHA,"4,179",20.7,1422.0,3777844.0,,Unknown
Yankee 150,Yankee 150 - Single,Yandel,"4,189",20.7,19994.0,19160060.0,63.0,Unknown
Yacht Club (feat. Juice WRLD),Nuthin' 2 Prove,Lil Yachty,"4,176",20.7,71250.0,11753515.0,62.0,Unknown
The One That Got Away,Teenage Dream,Katy Perry,"4,172",20.7,110426.0,34757269.0,67.0,Unknown
La Romana,X 100PRE,Bad Bunny,"4,191",20.7,71655.0,16804911.0,68.0,Unknown
Soltera - Remix,Soltera (Remix),Lunay,"4,180",20.7,96971.0,42696430.0,67.0,Unknown
Fine Day Anthem,Fine Day Anthem,Skrillex,"4,190",20.7,29417.0,28537805.0,65.0,Unknown
Aking Pahinga - Sped Up Version,Aking Pahinga (feat. I-ghie) [Sped Up Version] - Single,Dro Perez,"4,184",20.7,357.0,205254.0,39.0,Unknown
Big Jet Plane,Big Jet Plane,Restricted,"4,185",20.7,40264.0,10835008.0,64.0,Unknown
The American Dream Is Killing Me,The American Dream Is Killing Me,Green Day,"4,181",20.7,4793.0,2283611.0,1.0,Unknown
Sarah's Place (feat. Noah Kahan),Sarah's Place (feat. Noah Kahan),Zach Bryan,"4,183",20.7,19156.0,3913622.0,,Unknown
"Badass (From ""Leo"")","Badass (From ""Leo"")",Anirudh Ravichander,"4,174",20.7,4145.0,3673433.0,,Unknown
Fuga Pa Cali 2,La Clase,Grupo Los de la O,"4,182",20.7,28733.0,10567336.0,66.0,Unknown
Pano,Pano,Zack Tabudlo,"4,173",20.7,28281.0,15565070.0,64.0,Unknown
All The Parties (feat. Chief Keef),For All The Dogs,Drake,"4,177",20.7,18674.0,2057602.0,,Unknown
When I Was Your Man,Unorthodox Jukebox,Bruno Mars,"4,187",20.7,231184.0,111114931.0,81.0,Unknown
Cruise,Here's To The Good Times,Florida Georgia Line,"4,210",20.6,62047.0,17493880.0,67.0,Unknown
Blood Sweat & Tears,You Never Walk Alone,BTS,"4,201",20.6,4227.0,1081064.0,43.0,Unknown
BAND4BAND,BAND4BAND - Single,Central Cee,"4,203",20.6,50.0,49358.0,7.0,Unknown
All We Got (feat. KIDDO),All We Got (feat. KIDDO),Robin Schulz,"4,215",20.6,56613.0,6099494.0,53.0,Unknown
Sinceramente,E POI SIAMO FINITI NEL VORTICE,Annalisa,"4,204",20.6,3843.0,8133274.0,62.0,Unknown
DOLA,DOLA - Single,ANGGA DERMAWAN,"4,212",20.6,182.0,3077523.0,62.0,Unknown
Lie,Perception,NF,"4,195",20.6,89956.0,24969551.0,69.0,Unknown
Love Shot,LOVE SHOTï¿½ï¿½ï¿½ The 5th Album Rep,EXO,"4,207",20.6,30692.0,7198195.0,65.0,Unknown
Have You Ever Seen The Rain,Chronicle: The 20 Greatest Hits (Remastered 2023 / Hi Res),Creedence Clearwater Revival,"4,196",20.6,,,,Unknown
Down In Atlanta,Down In Atlanta - Single,Pharrell Williams,"4,214",20.6,45053.0,6604373.0,58.0,Unknown
Experimento,Experimento - Single,Myke Towers,"4,216",20.6,58288.0,9225902.0,63.0,Unknown
Only,Only,Nicki Minaj,"4,217",20.6,78471.0,21317084.0,60.0,Unknown
Ginseng Strip 2002,Lavender - Single,Yung Lean,"4,202",20.6,105690.0,11367953.0,64.0,Unknown
Good To Be,Good To Be,Mark Ambor,"4,192",20.6,14438.0,9855635.0,,Unknown
My House,My House,Flo Rida,"4,205",20.6,164242.0,38327757.0,71.0,Unknown
Sun to Me,American Heartbreak,Zach Bryan,"4,209",20.6,37085.0,4580996.0,78.0,Unknown
Malicious Intentions,Malicious Intentions - Single,Pozer,"4,198",20.6,1760.0,9486862.0,,Unknown
Hours In Silence,Her Loss,Drake,"4,218",20.6,45526.0,10274263.0,65.0,Unknown
Title,Title,Meghan Trainor,"4,193",20.6,28368.0,7213050.0,59.0,Unknown
ID,ID - Single,Young Miko,"4,197",20.6,21235.0,10088905.0,61.0,Unknown
In My Head,In My Head,Juice WRLD,"4,194",20.6,44098.0,14028444.0,62.0,Unknown
Bori,Bori (feat. Lenier),6ix9ine,"4,206",20.6,4695.0,494348.0,,Unknown
El Perdedor,El Perdedor,Maluma,"4,219",20.6,108.0,24816.0,,Unknown
Baller,Baller,Shubh,"4,211",20.6,21887.0,4773032.0,66.0,Unknown
Remember That Night?,Remember That Night?,Sara Kays,"4,200",20.6,62841.0,29185291.0,68.0,Unknown
Hummingbird (Metro Boomin & James Blake),METRO BOOMIN PRESENTS SPIDER-MAN: ACROSS THE SPIDER-VERSE (SOUNDTRACK FROM AND INSPIRED BY THE MOTION PICTURE),Metro Boomin,"4,208",20.6,26884.0,4613355.0,63.0,Unknown
Tigini (Remix),Tigini (Remix) - Single,Kikimoteleba,"4,199",20.6,29131.0,4436551.0,58.0,Unknown
"ýý Isso Bebýý, Týý Certa!","ýý Isso Bebýý, Týý Certa!",Mc IG,"4,213",20.6,3393.0,15690540.0,,Unknown
Sobredosis (feat. Ozuna),Golden,Romeo Santos,"4,220",20.6,46083.0,14763723.0,69.0,Unknown
Bound 2,Yeezus,Kanye West,"4,239",20.5,227652.0,30088786.0,76.0,Unknown
Proteï¿½ï¿½ï¿½ï¿½o,EP Meu Sonho - Pt. 2,Tarcï¿½ï¿½sio do Acor,"4,232",20.5,10682.0,3907728.0,58.0,Unknown
Piï¿½ï¿½o de Vida L,Piï¿½ï¿½o de Vida L,Japï¿½ï¿½,"4,244",20.5,4601.0,3863720.0,55.0,Unknown
COULD BE WRONG,COULD BE WRONG,LOSTBOYJAY,"4,223",20.5,39890.0,4540523.0,67.0,Unknown
Night Away (Dance) (feat. Tion Wayne),Night Away (Dance) (feat. Tion Wayne),A1 x J1,"4,253",20.5,68961.0,4738866.0,57.0,Unknown
Empire State Of Mind,The Blueprint 3,JAY-Z,"4,231",20.5,253182.0,78527028.0,77.0,Unknown
Paradise - Radio Edit,NRJ Music Awards 2012,Coldplay,"4,245",20.5,143.0,20596.0,,Unknown
All Eyes On You (feat. Chris Brown & Nicki Minaj),All Eyes On You (feat. Chris Brown & Nicki Minaj),Meek Mill,"4,237",20.5,53156.0,11632300.0,62.0,Unknown
Starboy - Live,After Hours (Live At SoFi Stadium),The Weeknd,"4,250",20.5,602.0,1043775.0,43.0,Unknown
Bubalu,Bubalu,Becky G,"4,236",20.5,47157.0,12359129.0,64.0,Unknown
ESCAPE PLAN,ESCAPE PLAN / MAFIA - Single,Travis Scott,"4,247",20.5,76844.0,14032430.0,63.0,Unknown
TiK ToK,TiK ToK,Kesha,"4,226",20.5,198352.0,129620346.0,80.0,Unknown
"The Banjo Beat, Pt. 1","The Banjo Beat, Pt. 1",Ricky Desktop,"4,228",20.5,12150.0,1243018.0,46.0,Unknown
Sweet Venom,ORANGE BLOOD,ENHYPEN,"4,233",20.5,6254.0,5540598.0,,Unknown
I KNOW ?,I KNOW ? (Official Music Video),Travis Scott,"4,225",20.5,1.0,39.0,,rap
Blinding Lights,Blinding Lights,xSyborg,"4,229",20.5,,,,Unknown
Feel This Moment,Greatest Hits,Pitbull,"4,243",20.5,158127.0,52673092.0,74.0,Unknown
Ocean Drive,Ocean Drive,Duke Dumont,"4,246",20.5,152117.0,23361260.0,68.0,Unknown
Love Story,Love Story,Disco Lines,"4,224",20.5,7400.0,851076.0,40.0,Unknown
Feel Special,Feel Special,TWICE,"4,251",20.5,27358.0,7905495.0,64.0,Unknown
Me Porto Bonito - Remix,Me Porto Bonito (Remix),ELITE Djs,"4,357",20.5,10.0,359.0,7.0,Unknown
Goin Baby,Baby On Baby,DaBaby,"4,248",20.5,51066.0,7548486.0,53.0,Unknown
Stay With Me,"Stay With Me (with Justin Timberlake, Halsey, & Pharrell)",Calvin Harris,"4,242",20.5,32810.0,11080526.0,56.0,Unknown
Famous Friends,Famous Friends,Chris Young,"4,235",20.5,25580.0,8683788.0,60.0,Unknown
To the Bone,Flying Solo,Pamungkas,"4,221",20.5,39861.0,12416351.0,72.0,Unknown
Turn Me On (feat. Vula),Turn Me On (feat. Vula),Riton,"4,230",20.5,102234.0,31645383.0,64.0,Unknown
Alkool,Alkool,Melinda Ademi,"4,227",20.5,311.0,304790.0,,Unknown
Come Through (feat. Chris Brown),Come Through (feat. Chris Brown),H.E.R.,"4,238",20.5,40246.0,8921857.0,56.0,Unknown
Mi Niï¿½,Mi Niï¿½,Wisin,"4,234",20.5,62355.0,13993469.0,60.0,Unknown
Pretty Girls,Pretty Girls,Frenna,"4,252",20.5,6696.0,5408775.0,69.0,Unknown
In This Darkness,In This Darkness - Single,Clara La San,"4,241",20.5,27997.0,4821947.0,5.0,Unknown
Gangsta's Paradise (feat. L.V.),Get Ur Freak On - R&B Anthems,Coolio,"4,254",20.5,183.0,49151.0,,Unknown
Mama (with Skilla Baby & Tay B),Mama (with Skilla Baby & Tay B),Rob49,"4,240",20.5,5781.0,2276683.0,53.0,Unknown
"I'm A Star - From ""Wish""","I'm A Star (From ""Wish"")",Wish - Cast,"4,249",20.5,1102.0,7158675.0,,Unknown
ýýýýýýýýýýýýýýýýýýýýýýýýýýý,ýýýýýýýýýýýýýýýýýýýýýýýýýýý - Single,ýýýýýýýýýýýýýýýýýý,"4,222",20.5,1054.0,162895.0,46.0,Unknown
Sundress,Sundress,A$AP Rocky,"4,256",20.5,153078.0,26248264.0,80.0,Unknown
But I Got A Beer In My Hand,But I Got A Beer In My Hand,Luke Bryan,"4,255",20.5,6175.0,3480683.0,53.0,Unknown
No Friends In The Industry,Certified Lover Boy,Drake,"4,267",20.4,75763.0,15186307.0,62.0,Unknown
Lahore Brand,Lahore Brand - Single,Mazhar Rahi,"4,278",20.4,17.0,211.0,14.0,Unknown
Clouded,Fuck The World,Brent Faiyaz,"4,264",20.4,86180.0,14946584.0,75.0,Unknown
ýýýýýý,ýýýýýý - Single,YOASOBI,"4,265",20.4,16841.0,3520046.0,58.0,Unknown
Mua!,Mua!,Barracca Republic,"4,261",20.4,1.0,3.0,1.0,Unknown
Day 'N' Nite (nightmare),Day 'N' Nite,Kid Cudi,"4,277",20.4,185976.0,32031700.0,64.0,Unknown
El Gavilï¿½,El Gavilï¿½ï¿½n - Si,Luis R Conriquez,"4,282",20.4,24886.0,11413202.0,72.0,Unknown
Shootout,Shootout,Izzamuzzic,"4,276",20.4,36554.0,7213291.0,63.0,Unknown
La kiffance,La kiffance,Naps,"4,271",20.4,45837.0,4034090.0,60.0,Unknown
Tak Ingin Usai,Tak Ingin Usai,Keisya Levronka,"4,281",20.4,15498.0,5060429.0,63.0,Unknown
Gimme Love,Gimme Love (Channel Tres Remix),Joji,"4,262",20.4,101883.0,12544781.0,21.0,Unknown
Wet (She Got Thatï¿½ï,Wet,YFN Lucci,"4,275",20.4,24779.0,2554563.0,44.0,Unknown
Body,Body,Russ Millions,"4,272",20.4,67820.0,5628995.0,55.0,Unknown
VOID,VOID,Melanie Martinez,"4,259",20.4,17170.0,3091212.0,56.0,Unknown
Lose It,Lose It,Through Fire,"4,273",20.4,311.0,34870.0,18.0,Unknown
Mercury: Retrograde,Hexada,Ghostemane,"4,279",20.4,89320.0,8824592.0,66.0,Unknown
"Love You, Miss You, Mean It","Love You, Miss You, Mean It",Luke Bryan,"4,274",20.4,1202.0,10551304.0,,Unknown
Last Night Lonely,Last Night Lonely,Jon Pardi,"4,269",20.4,19072.0,2970003.0,65.0,Unknown
MONEY ON THE DASH - SPED UP,MONEY ON THE DASH,Elley Duhï¿,"4,268",20.4,41284.0,34923502.0,76.0,Unknown
breathin,Sweetener,Ariana Grande,"4,258",20.4,43387.0,15890645.0,64.0,Unknown
Every Night,Volcano,Jungle,"4,270",20.4,1424.0,893924.0,49.0,Unknown
Cracker Island (feat. Thundercat),Cracker Island (feat. Thundercat),Gorillaz,"4,263",20.4,40658.0,4088272.0,56.0,Unknown
Itï¿½ï¿½ï¿½s a beautif,Itï¿½ï¿½ï¿½s a beautif,Trinix,"4,266",20.4,20079.0,3448518.0,57.0,Unknown
i'm so tired...,i'm so tired...,Lauv,"4,260",20.4,82322.0,17357820.0,66.0,Unknown
Gata Only (Remix),Gata Only (Remix),FloyyMenor,"4,280",20.4,683.0,16135127.0,67.0,Unknown
redrum,american dream,21 Savage,"4,257",20.4,2814.0,926379.0,,"trap, hip hop"
Smoke Gets in Your Eyes,Music Legends The Platters : The Legendary Band of R&B and Soul Music,The Platters,"4,745",20.3,1.0,25.0,,Unknown
so american,GUTS (spilled),Olivia Rodrigo,"4,300",20.3,4045.0,11594722.0,,Unknown
Bus 11 - John Falke Remix,Uyku EP (Remixes),Colouour,"4,314",20.3,38.0,1473.0,1.0,Unknown
Love Galore,Love Galore,SZA,"4,313",20.3,105515.0,29991191.0,71.0,Unknown
Takeaway,World Wide Joy...Takeaway,The Chainsmokers,"4,305",20.3,83848.0,18713760.0,64.0,Unknown
Needed Me,ANTI (Deluxe),Rihanna,"4,308",20.3,155595.0,58419207.0,77.0,Unknown
NUMB,?,XXXTENTACION,"4,304",20.3,76921.0,16933150.0,67.0,Unknown
Halo,I AM...SASHA FIERCE - Platinum Edition,Beyoncï¿,"4,309",20.3,167145.0,91569550.0,68.0,Unknown
Aman Gï¿½ï¿½zel Yavaï¿½ï¿,Aman Gï¿½ï¿½zel Yavaï¿½ï¿,Halodayï¿,"4,295",20.3,16068.0,2956360.0,27.0,Unknown
"""ýýýýýý ýýýýýýýýýý ""ýýýýýýýýýýýý ýýýý ýýýýýýýýýýýý","""ýýýýýý ýýýýýýýýýý ""ýýýýýýýýýýýý ýýýý ýýýýýýýýýýýý - Single",Myriam Fares,"4,310",20.3,4008.0,539281.0,48.0,Unknown
Body (feat. Cash Cobain),Body (feat. Cash Cobain),A Boogie Wit da Hoodie,"4,302",20.3,1089.0,6768576.0,,Unknown
Aquel Nap ZzZz,VICE VERSA,Rauw Alejandro,"4,286",20.3,49800.0,5948309.0,65.0,Unknown
Talk My Shit,Mr Beat The Road,BossMan Dlow,"4,289",20.3,3438.0,38257716.0,,Unknown
Besos En Guerra,Besos En Guerra,Morat,"4,298",20.3,45274.0,17822590.0,71.0,Unknown
Tucson Too Late,Bluebird Days,Jordan Davis,"4,288",20.3,4814.0,13753161.0,68.0,Unknown
SWIPE,SWIPE - Single,ALYPH,"4,312",20.3,2946.0,205771.0,42.0,Unknown
The Scientist,The Scientist,Coldplay,"4,294",20.3,239330.0,115908926.0,79.0,Unknown
"DANï¿½ï¿½ARINA (feat. Nicky Jam, MC Pedrinho) - R",Cullinan,PEDRO SAMPAIO,"4,301",20.3,20334.0,8731399.0,59.0,Unknown
Butter Pecan,Butter Pecan,YNW Melly,"4,284",20.3,22493.0,1649415.0,49.0,Unknown
Back to the Beat,Back to the Beat,DJ TikTok,"4,293",20.3,135.0,171397.0,,Unknown
Picky,Picky,Banda Coraleï¿½,"4,290",20.3,42.0,3697.0,4.0,Unknown
DEUTSCHLAND,DEUTSCHLAND,Rammstein,"4,296",20.3,82329.0,13735008.0,71.0,Unknown
Quï¿½ï¿½ Onda Per,Quï¿½ï¿½ Onda Per,Gerardo Coronel,"4,307",20.3,7247.0,4706766.0,54.0,Unknown
Hot In It,Hot In It - Single,Tiï¿½ï¿,"4,306",20.3,46098.0,26666028.0,65.0,Unknown
Fazendinha,Bita e os Animais,Mundo Bita,"4,303",20.3,4912.0,1254932.0,58.0,Unknown
SHOOTING STAR,SHOOTING STAR,XG,"4,311",20.3,14415.0,3931535.0,66.0,Unknown
Te Felicito,Te Felicito,Gerardo Coronel,"4,292",20.3,9970.0,6955914.0,59.0,Unknown
Ruper Jadu,Ruper Jadu,Alvee,"4,299",20.3,109.0,15834.0,19.0,Unknown
Uff Mi Amor,Uff Mi Amor,Lauty Gram,"4,297",20.3,6073.0,830091.0,45.0,Unknown
Kill Bill,Kill Bill (Official Video),SZA,"4,291",20.3,1.0,1.0,,r&b
ALMAS GEMELAS,ALMAS GEMELAS - Single,Myke Towers,"4,285",20.3,55046.0,10046042.0,67.0,Unknown
Saturno,Prometo,Pablo Alborï¿½,"4,283",20.3,39662.0,20764682.0,71.0,Unknown
"Paulo Londra: Bzrp Music Sessions, Vol. 23","Paulo Londra: Bzrp Music Sessions, Vol. 23",Bizarrap,"4,287",20.3,37273.0,6180389.0,59.0,Unknown
vice city,vice city,XXXTENTACION,"4,343",20.2,60104.0,6976080.0,64.0,Unknown
Your Heart Or Mine,Mr. Saturday Night,Jon Pardi,"4,329",20.2,14019.0,7342329.0,69.0,Unknown
Alors on danse,Clubland Vol. 5,Stromae,"4,315",20.2,186415.0,35955155.0,72.0,Unknown
LosT,LosT - Single,Bring Me The Horizon,"4,325",20.2,25703.0,6529841.0,63.0,Unknown
Check It Out,Check It Out,Parmish Verma,"4,341",20.2,7075.0,3974177.0,67.0,Unknown
SOLO,SOLO,JENNIE,"4,339",20.2,39229.0,14905468.0,67.0,Unknown
Good For You,Good For You,Selena Gomez,"4,342",20.2,49025.0,16106848.0,60.0,Unknown
Sigues Con El,Sigues Con El,Dï¿½ï¿½melo ,"4,331",20.2,71602.0,18990583.0,60.0,Unknown
Looking For The Hoes (Ainï¿½ï¿½ï¿½t My ,Hood Hottest Princess,Sexyy Red,"4,317",20.2,11956.0,10611984.0,70.0,Unknown
Jefe,Jefe,Ninho,"4,318",20.2,30813.0,3242257.0,61.0,Unknown
Tip Toe (feat. French Montana),Nu King,Jason Derulo,"4,340",20.2,,,,Unknown
Vamp Anthem,Whole Lotta Red,Playboi Carti,"4,332",20.2,103342.0,8912802.0,69.0,Unknown
Small Town Boy,Small Town Boy,Dustin Lynch,"4,336",20.2,34123.0,5288629.0,61.0,Unknown
do re mi,do re mi,blackbear,"4,335",20.2,78265.0,13525058.0,63.0,Unknown
"You're Gonna Go Far, Kid","Rise And Fall, Rage And Grace",The Offspring,"4,334",20.2,177742.0,38261812.0,77.0,Unknown
Plug Walk,Plug Walk,Rich The Kid,"4,324",20.2,122994.0,17631951.0,62.0,Unknown
RON COLA,SATURNO,Rauw Alejandro,"4,319",20.2,23633.0,7554457.0,60.0,Unknown
Hide Away,Hide Away,Daya,"4,327",20.2,48491.0,27331765.0,76.0,Unknown
Unsteady,The Reason EP,X Ambassadors,"4,344",20.2,87146.0,28385073.0,67.0,Unknown
ýýýýýýýý,ýýýýýýýý,Jah Khalib,"4,322",20.2,6708.0,323589.0,48.0,Unknown
Fall in Love with You.,Fall in Love with You. - Single,Montell Fish,"4,320",20.2,67188.0,17442127.0,74.0,Unknown
Chamber Of Reflection,Salad Days,Mac DeMarco,"4,321",20.2,201363.0,35839296.0,74.0,Unknown
Watermelon Moonshine,Songs From Bell Bottom Country,Lainey Wilson,"4,338",20.2,17482.0,10666210.0,70.0,Unknown
Tighten Up,Brothers (Deluxe Remastered Anniversary Edition),The Black Keys,"4,316",20.2,6774.0,776120.0,56.0,Unknown
Me Porto Bonito,Me Porto Bonito,Renzo Pianciola,"4,420",20.2,2.0,78.0,7.0,Unknown
CAN'T SAY,ASTROWORLD,Travis Scott,"4,323",20.2,140105.0,19353049.0,72.0,Unknown
Think I'm In Love With You,Think Iï¿½ï¿½ï¿½m In Love Wi,Chris Stapleton,"4,333",20.2,11118.0,19369779.0,,Unknown
Pursuit Of Happiness (nightmare),Man On the Moon: The End of Day,Kid Cudi,"4,330",20.2,189360.0,25658184.0,64.0,Unknown
Sprinter,25th Birthda,Central ce,"4,729",20.2,12.0,254.0,,Unknown
Do What I Want,The Perfect LUV Tape,Lil Uzi Vert,"4,337",20.2,52690.0,9510227.0,58.0,Unknown
There I Go (feat. J. Cole & Mike WiLL Made-It),There I Go (feat. J. Cole & Mike WiLL Made-It),Gucci Mane,"4,328",20.2,10081.0,2873893.0,48.0,Unknown
Mercy,I Love R&B,Kanye West,"4,326",20.2,93596.0,20357135.0,64.0,Unknown
"Tum Se (From ""Teri Baaton Mein Aisa Uljha Jiya"")","Tum Se (From ""Teri Baaton Mein Aisa Uljha Jiya"")",Sachin-Jigar,"4,369",20.1,1561.0,8640326.0,73.0,Unknown
Hero,Hero,Alan Walker,"4,367",20.1,15631.0,7617886.0,59.0,Unknown
Param Pom,Param Pom,TAIRA,"4,353",20.1,14.0,6337.0,7.0,Unknown
JAGERMEISTER,Jagermeister (feat. 2woBunnies) - Single,Ice Beats Slide,"4,373",20.1,6522.0,537376.0,14.0,Unknown
"BIG BANK (feat. 2 Chainz, Big Sean, Nicki Minaj)","Big Bank feat. 2 Chainz, Big Sean, Nicki Minaj",YG,"4,368",20.1,52213.0,12089613.0,56.0,Unknown
Bï¿½ï¿½ï¿½n ï¿½ï¿½ï¿½ï¿½ï¿½,Bï¿½ï¿½ï¿½n ï¿½ï¿½ï¿½ï¿½ï¿½i (feat. ,Karik,"4,376",20.1,3029.0,964740.0,57.0,Unknown
Drifting,Drifting,Tiï¿½ï¿,"4,345",20.1,22437.0,23826280.0,72.0,Unknown
Over the Rainbow,Alone In Iz World,Israel Kamakawiwo'ole,"4,361",20.1,94038.0,14869138.0,68.0,Unknown
Losin Control,Losin Control,Russ,"4,354",20.1,95048.0,19980635.0,66.0,Unknown
Onana,Onana - Single,Jey One,"4,365",20.1,14419.0,2463819.0,64.0,Unknown
Daechwita,D-2,Agust D,"4,375",20.1,26753.0,16233508.0,67.0,Unknown
Como Si No Importara,Como Si No Importara,Emilia,"4,356",20.1,43893.0,6507466.0,62.0,Unknown
Supernova,Supernova,SAIKO,"4,348",20.1,28417.0,7839226.0,61.0,Unknown
Rags2Riches (feat. ATR Son Son),Pray 4 Love,Rod Wave,"4,366",20.1,35795.0,4556039.0,47.0,Unknown
Fast Car,Fast Car,Jonas Blue,"4,352",20.1,139927.0,40886623.0,69.0,Unknown
Quickie,Quickie,Moneybagg Yo,"4,347",20.1,25464.0,2214899.0,57.0,Unknown
Coraï¿½ï¿½ï¿½ï¿½o,"Patroas, EP1",Marï¿½ï¿½lia Mendo,"4,370",20.1,6180.0,8643384.0,54.0,Unknown
Vultures,Vultures,ýý$,"4,363",20.1,19208.0,1392397.0,,Unknown
MY HOUSE,MY HOUSE,Beyoncï¿,"4,374",20.1,6057.0,7158117.0,,Unknown
The Thin Grey Line,The Thin Grey Line,$uicideboy$,"4,360",20.1,1936.0,4325365.0,72.0,Unknown
Alo,Alo,corwinn,"4,807",20.1,2.0,15.0,39.0,Unknown
Fear Of Heights,For All The Dogs,Drake,"4,358",20.1,22047.0,2768716.0,,Unknown
Desde Mis Ojos - Remix,Desde Mis Ojos (Remix),Chris Lebron,"4,351",20.1,25684.0,4403591.0,62.0,Unknown
Prayer in C - Robin Schulz Radio Edit,Los Nï¿½ï¿½meros 1 De 40 (El Disco De Los ï¿½ï,Lilly Wood and The Prick,"4,372",20.1,152685.0,43023486.0,69.0,Unknown
Bam Lagatar,Bam Lagatar,Khushi Kakkar,"4,355",20.1,2.0,1.0,,Unknown
Who Is Your Guy? - Remix,Who Is Your Guy? (Remix),Spyro,"4,364",20.1,7097.0,1369988.0,55.0,Unknown
Rover,Rover - The 3rd Mini Album - EP,KAI,"4,349",20.1,13457.0,5233416.0,64.0,Unknown
From The Start,Bewitched,Laufey,"4,371",20.1,16239.0,5016080.0,82.0,Unknown
Slimed In,WE DON'T TRUST YOU,Future,"4,350",20.1,6271.0,11390894.0,,Unknown
Gentleman,Clubland 23,PSY,"4,357",20.1,25949.0,3520970.0,54.0,Unknown
SUGAR,Big Swag,BROCKHAMPTON,"4,346",20.1,98352.0,18781944.0,63.0,Unknown
Everybody Talks,Everybody Talks,Neon Trees,"4,359",20.1,170098.0,45773811.0,74.0,Unknown
OKLOSER,OKLOSER,Doja Cat,"4,362",20.1,1756.0,13481516.0,,Unknown
Pump It Up,Pump It Up,Endor,"4,386",20.0,130479.0,31491313.0,66.0,Unknown
Standing Room Only,Standing Room Only,Tim McGraw,"4,388",20.0,4773.0,1659794.0,50.0,Unknown
ýýýýýý,ýýýýýýýýý - EP,WINE,"4,393",20.0,226.0,76928.0,,Unknown
Back To Back (feat. Future),Back To Back (feat. Future),Nardo Wick,"4,385",20.0,2372.0,11517250.0,,Unknown
Shotta Flow,Shotta Flow,NLE Choppa,"4,379",20.0,58760.0,6584728.0,17.0,Unknown
Baddest,Baddest,Yung Bleu,"4,391",20.0,21823.0,2831053.0,49.0,Unknown
Cigarettes,Fighting Demons (Extended Edition),Juice WRLD,"4,381",20.0,70988.0,10942850.0,64.0,Unknown
bad,0.1 flaws and all.,wave to earth,"4,377",20.0,21115.0,10469203.0,70.0,Unknown
ISABELLE,ISABELLE,Sefo,"4,398",20.0,22248.0,2370123.0,53.0,Unknown
Cure For Me,Cure For Me,AURORA,"4,392",20.0,48700.0,4015128.0,57.0,Unknown
Tï¿½ï¿½ï¿½n,Tï¿½ï¿½ï¿½ng Quen - ,Wren Evans,"4,383",20.0,5590.0,1129038.0,56.0,Unknown
Pistoleta,Pistoleta,Olexesh,"4,397",20.0,3598.0,10031289.0,59.0,Unknown
LOYALTY. FEAT. RIHANNA.,DAMN.,Kendrick Lamar,"4,380",20.0,101138.0,18743066.0,73.0,Unknown
Deep in the Water,Deep in the Water,Don Toliver,"4,396",20.0,5758.0,16475168.0,,Unknown
Endless Fashion (feat. Nicki Minaj),Endless Fashion (feat. Nicki Minaj),Lil Uzi Vert,"4,387",20.0,27448.0,5932034.0,59.0,Unknown
A Mimir En El Chat,A Mimir En El Chat,Dejavu FF,"4,382",20.0,18.0,9453.0,,Unknown
Temporary pyar,Temporary pyar,Kaka,"4,390",20.0,4017.0,329185.0,53.0,Unknown
AA,AA,Walker Hayes,"4,389",20.0,14613.0,2423704.0,53.0,Unknown
Phir Bhi Tumko Chaahunga,Half Girlfriend,Mithoon,"4,378",20.0,13462.0,6604073.0,2.0,Unknown
Passinho Debochado,Passinho Debochado,Dan Ventura,"4,384",20.0,9866.0,2234406.0,45.0,Unknown
Go Hard,Go Hard - Single,Lil Baby,"4,394",20.0,32101.0,23637848.0,60.0,Unknown
La La La (Brazil 2014),Shakira. (Deluxe Version),Shakira,"4,395",20.0,17633.0,2897643.0,55.0,Unknown
i'm yours sped up,i'm yours,Isabel LaRosa,"4,410",19.9,34131.0,11352526.0,67.0,Unknown
"Ruaan (From ""Tiger 3"")","Ruaan (From ""Tiger 3"")",Pritam,"4,419",19.9,1732.0,2016667.0,,Unknown
Summer of Love (Shawn Mendes & Tainy),Summer Of Love,Shawn Mendes,"4,406",19.9,43113.0,32173215.0,65.0,Unknown
God of Music,SEVENTEEN 11th Mini Album 'SEVENTEENTH HEAVEN',SEVENTEEN,"4,417",19.9,5436.0,6224831.0,,Unknown
ýýýH+3+ýýýýýýý7luCJIo0T6...,ýýýH+3+ýýýýýýý7luCJIo0T6...,vyrval,"4,404",19.9,5435.0,4137392.0,,Unknown
Embarrassed (feat. Travis Scott),Embarrassed (feat. Travis Scott),Don Toliver,"4,418",19.9,37394.0,7850736.0,63.0,Unknown
Carrying Your Love,Carrying Your Love,David Morris,"4,399",19.9,10186.0,1379624.0,50.0,Unknown
Dueles,Un besito mï¿½,Jesse & Joy,"4,415",19.9,38743.0,25276787.0,72.0,Unknown
Tipo Hollywood,Tipo Holywood,Mc Ws da leste,"4,412",19.9,14992.0,19070923.0,,Unknown
Oye,Oye,LuckReaper,"4,879",19.9,,,,Unknown
She Don't Give a Fo,"Trapgentina, Vol. 1",Duki,"4,409",19.9,74725.0,14234889.0,70.0,Unknown
085 - Ao Vivo,Pode Crï¿½ï¿½ (Ao V,MC Rogerinho,"4,401",19.9,10150.0,9712919.0,58.0,Unknown
MODELITO,PARAISO,Mora,"4,402",19.9,39605.0,13944608.0,72.0,Unknown
Los animales en el autobï¿½,La ronda de Lulita,Luli Pampï¿½,"4,400",19.9,50.0,3437.0,17.0,Unknown
Would You (go to bed with me?),Would You (go to bed with me?),Campbell,"4,405",19.9,23298.0,16167031.0,71.0,Unknown
Easy,The Plan,DaniLeigh,"4,403",19.9,7802.0,1222888.0,46.0,Unknown
ýýýýýýýýýý ýýýý ýýýýýýýýýýýý ýýýýýýýýýýýýýý,ýýýýýýýýýý ýýýý ýýýýýýýýýýýý ýýýýýýýýýýýýýý,Eslam Kabonga,"4,407",19.9,23.0,178.0,,Unknown
UNTOUCHABLE,BORN TO BE,ITZY,"4,422",19.9,3228.0,13953458.0,11.0,Unknown
Dj Terompet Pemersatu Bangsa,Dj Terompet Pemersatu Bangsa,PAMOKHOL ID,"4,416",19.9,588.0,62520.0,25.0,Unknown
YOSEMITE,ASTROWORLD,Travis Scott,"4,408",19.9,131213.0,18096403.0,68.0,Unknown
Demasiadas Mujeres,Demasiadas Mujeres,C. Tangana,"4,423",19.9,75509.0,12398561.0,68.0,Unknown
T-Shirt,T-Shirt,Migos,"4,420",19.9,81971.0,14843218.0,59.0,Unknown
Pretty Savage,THE ALBUM,BLACKPINK,"4,421",19.9,34658.0,14268149.0,64.0,Unknown
"Mann Bharryaa 2.0 (From ""Shershaah"")","Mann Bharryaa 2.0 (From ""Shershaah"")",B Praak,"4,424",19.9,15576.0,5847920.0,61.0,Unknown
Feel So Close - Radio Edit,Dance Hitlist 2012.1,Calvin Harris,"4,411",19.9,187432.0,87928081.0,79.0,Unknown
Got What I Got,From the album '9',Jason Aldean,"4,414",19.9,22640.0,3468330.0,59.0,Unknown
Instant Crush (feat. Julian Casablancas),Random Access Memories,Daft Punk,"4,413",19.9,130991.0,15108911.0,70.0,Unknown
Young,Vibes,Vacations,"4,431",19.8,136878.0,25723483.0,74.0,Unknown
"Genius (feat. Sia, Diplo, and Labrinth)",Genius,Sia,"4,449",19.8,82163.0,14384727.0,71.0,Unknown
ýýýýýýýýýýýýýýý,ýýýýýýýýýýýýýýý,Ado,"4,427",19.8,36943.0,3081604.0,62.0,Unknown
Holy Ghost,Holy Ghost,Omah Lay,"4,426",19.8,11876.0,5284858.0,,Unknown
red sky,american dream,21 Savage,"4,450",19.8,12924.0,1883136.0,,Unknown
Puntos Suspensivos,Ubuntu,Piso 21,"4,430",19.8,28057.0,6384408.0,65.0,Unknown
Taboo,Meet the Orphans (Deluxe Edition),Don Omar,"4,451",19.8,32972.0,17062785.0,66.0,Unknown
MALA SANTA,MALA SANTA,Becky G,"4,446",19.8,27387.0,6969852.0,54.0,Unknown
She Make It Clap,She Make It Clap,Soulja Boy,"4,452",19.8,35497.0,4333964.0,51.0,Unknown
Who I Am,Who I Am,Alan Walker,"4,428",19.8,4573.0,5104611.0,,Unknown
Nature Sounds with Music: Inspiring Thunder and Rain with Relaxing Music,Nature Sounds with Music: Inspiring Thunder and Rain with Relaxing Music,Jamie Llewellyn,"4,438",19.8,,,,Unknown
counting stars (speed up) - Remix,counting stars (speed up) [Remix],Muppet DJ,"4,441",19.8,67.0,9593.0,,Unknown
"Illegal Weapon 2.0 (From ""Street Dancer 3D"")","Illegal Weapon 2.0 (From ""Street Dancer 3D"")",Jasmine Sandlas,"4,434",19.8,12129.0,7879651.0,60.0,Unknown
ýýýýýýýýýýýýýýýýýýýýýýýý,ýýýýýýýýýýýýýýýýýýýýýýýý - Single,ýýýýýýýýýýýýýýýýýýýýýýýý,"4,425",19.8,411.0,11826.0,,Unknown
"Nobody Like U - From ""Turning Red""","Nobody Like U (From ""Turning Red"")",4*TOWN (From Disney and Pixarï¿½ï¿½ï¿½s Turnin,"4,453",19.8,25061.0,12962477.0,61.0,Unknown
ýýýýýýýýýýýý,Kizuna No Kiseki,MAN WITH A MISSION,"4,429",19.8,15170.0,5083474.0,65.0,Unknown
Hep Mi Ben,Hep Mi Ben,Ayaz Erdoï¿½ï,"4,447",19.8,12634.0,620189.0,52.0,Unknown
02.02.99,02.02.99,That Mexican OT,"4,439",19.8,6814.0,16579754.0,,Unknown
A LA ORDEN,A LA ORDEN - Single,Santa Fe Klan,"4,437",19.8,287.0,4319515.0,64.0,Unknown
Speechless (Full),Aladdin (Original Motion Picture Soundtrack),Naomi Scott,"4,432",19.8,27312.0,13626506.0,63.0,Unknown
Big Gangsta,Big Gangsta,Kevin Gates,"4,454",19.8,60481.0,4931520.0,56.0,Unknown
Renegades,Renegades,X Ambassadors,"4,445",19.8,131703.0,26404041.0,70.0,Unknown
Snow (Hey Oh),Stadium Arcadium (U.S. Version),Red Hot Chili Peppers,"4,442",19.8,203821.0,38556891.0,74.0,Unknown
People (feat. Ayra Starr & Omah Lay),People (feat. Ayra Starr & Omah Lay) [Remix],Libianca,"4,436",19.8,31367.0,6867479.0,65.0,Unknown
Mirror,Tha Carter IV (Japan Version),Lil Wayne,"4,433",19.8,113502.0,16875314.0,69.0,Unknown
Loca - Remix,Loca [Bad Bunny Remix],KHEA,"4,435",19.8,48359.0,16671123.0,62.0,Unknown
Cuando La Vida Sea Trago,Cuando La Vida Sea Trago,Carin Leon,"4,444",19.8,943.0,5030772.0,60.0,Unknown
Ocean (feat. Khalid),Ocean (feat. Khalid),Martin Garrix,"4,443",19.8,63348.0,12995383.0,60.0,Unknown
life gets hard,life gets hard,iilliaa,"4,448",19.8,14837.0,12639915.0,,Unknown
Por Clave el 13,Seguimos Irremediables,Betillo Guerrero,"4,440",19.8,12775.0,1505898.0,54.0,Unknown
Cena Engraï¿½ï¿½ada e Inusi,Cena Engraï¿½ï¿½ada e Inusi,HarmonicoHCO,"4,493",19.7,22.0,1937.0,11.0,Unknown
Cold Heart (Claptone Remix),Cold Heart (Claptone Remix),Elton John,"4,473",19.7,16015.0,4618819.0,52.0,Unknown
You should be sad,You should be sad,Halsey,"4,490",19.7,56240.0,15063771.0,64.0,Unknown
Train Wreck,Back from the Edge,James Arthur,"4,464",19.7,106924.0,55494559.0,72.0,Unknown
Show of Hands,WE STILL DON'T TRUST YOU,Future,"4,487",19.7,5410.0,3554627.0,,Unknown
Dancing Feet (feat. DNCE),Dancing Feet (feat. DNCE),Kygo,"4,479",19.7,32664.0,28154571.0,61.0,Unknown
"Ranjha (From ""Shershaah"")","Ranjha (From ""Shershaah"")",Jasleen Royal,"4,478",19.7,31820.0,12294093.0,67.0,Unknown
7 Minute Drill,Might Delete Later,J. Cole,"4,494",19.7,4948.0,2021225.0,,Unknown
You Belong With Me (Taylorï¿½ï¿½ï¿½s Ve,Fearless (Taylor's Version),Taylor Swift,"4,458",19.7,59739.0,35937845.0,76.0,Unknown
Bounce Back,Bounce Back,Big Sean,"4,465",19.7,98581.0,22063307.0,61.0,Unknown
Sing Me to Sleep,The RCA-List (Vol. 2),Alan Walker,"4,481",19.7,56234.0,10566251.0,56.0,Unknown
Fadeaway,Fadeaway,BCD Studio,"4,488",19.7,6.0,17.0,,Unknown
Never Last,Number 2 / Never Last,Lil Tecca,"4,455",19.7,2054.0,1013145.0,,Unknown
Say Don't Go (Taylor's Version) (From The Vault),1989 (Taylor's Version),Taylor Swift,"4,463",19.7,12080.0,14949964.0,,Unknown
Super Bass,Pink Friday,Nicki Minaj,"4,469",19.7,112252.0,49283690.0,74.0,Unknown
Ex's & Oh's,Love Stuff (Japan Version),Elle King,"4,466",19.7,87258.0,27223463.0,66.0,Unknown
Boys,Boys,Charli xcx,"4,461",19.7,22760.0,6840979.0,52.0,Unknown
Chorei na Vaquejada,Chorei na Vaquejada,Eric Land,"4,462",19.7,8494.0,11387986.0,63.0,Unknown
Zarzour,Zarzour,Lartiste,"4,457",19.7,9392.0,2015738.0,57.0,Unknown
Ella,Corridos Tumbados,Junior H,"4,486",19.7,42797.0,7070994.0,69.0,Unknown
REPEAT IT,REPEAT IT,Lil Tecca,"4,467",19.7,70149.0,13900314.0,54.0,Unknown
Teri Aankhon Mein,Teri Aankhon Mein,Darshan Raval,"4,468",19.7,6814.0,1406482.0,54.0,Unknown
Animals,Tremor (Sensation 2014 Anthem),Martin Garrix,"4,472",19.7,,,,Unknown
Way Back Home,Take,SHAUN,"4,475",19.7,29803.0,3666168.0,63.0,Unknown
NDA,NDA,Billie Eilish,"4,460",19.7,59316.0,13920863.0,70.0,Unknown
Casper,The Last Rocket,Takeoff,"4,459",19.7,72603.0,7243039.0,63.0,Unknown
DANï¿½ï¿½A,DANï¿½ï¿½A,PEDRO SAMPAIO,"4,471",19.7,35530.0,9584099.0,58.0,Unknown
Cry Baby (feat. DaBaby),Good News,Megan Thee Stallion,"4,480",19.7,38294.0,10075280.0,59.0,Unknown
Cumbia Buena,Cumbia Buena,Grupo la Cumbia,"4,476",19.7,8655.0,6561177.0,55.0,Unknown
Happy Birthday,Happy Birthday,YolyBoy,"4,483",19.7,1.0,5.0,,Unknown
8 Raflaan (feat. Gurlez Akhtar),8 Raflaan (feat. Gurlez Akhtar),Mankirt Aulakh,"4,477",19.7,4241.0,547609.0,46.0,Unknown
DFMU,DFMU,Ella Mai,"4,491",19.7,13316.0,1804462.0,56.0,Unknown
Slippery (feat. Gucci Mane),Culture,Migos,"4,474",19.7,101794.0,18074301.0,61.0,Unknown
Woo Baby (feat. Chris Brown),Faith,Pop Smoke,"4,482",19.7,69258.0,5943506.0,62.0,Unknown
Haegeum,D-DAY,Agust D,"4,485",19.7,8884.0,17220812.0,75.0,Unknown
Sisa Rasa,Sisa Rasa,Mahalini,"4,484",19.7,13527.0,3805292.0,36.0,Unknown
Mockingbird,Mockingbird,Tiï¿½ï¿,"4,489",19.7,2714.0,28814412.0,75.0,Unknown
Don't Rush (feat. Headie One),Don't Rush (feat. Headie One),Young T & Bugsey,"4,492",19.7,69599.0,10534579.0,54.0,Unknown
The Heart Part 5,The Heart Part 5,Kendrick Lamar,"4,470",19.7,41371.0,4068649.0,59.0,Unknown
A Ella,A Ella,KAROL G,"4,456",19.7,18085.0,10037406.0,71.0,Unknown
Nachts wach,Nachts wach - Single,Miksu / Macloud,"4,518",19.6,57396.0,2682682.0,62.0,Unknown
Superpowers,NEVER ENOUGH,Daniel Caesar,"4,532",19.6,16616.0,12404532.0,72.0,Unknown
Who's Laughing Now,Who's Laughing Now,Ava Max,"4,522",19.6,34897.0,3519653.0,57.0,Unknown
Smells Like Teen Spirit,Nevermind (30th Anniversary Edition Super Deluxe),Nirvana,"4,510",19.6,410054.0,113406994.0,77.0,Unknown
2 Million Up,ONLY BUILT 4 DIAMOND LINKS,Peezy,"4,503",19.6,22057.0,7294297.0,56.0,Unknown
In the morning,GUESS WHO,ITZY,"4,499",19.6,21243.0,3562675.0,60.0,Unknown
Such a Whore (Stellular Remix),Such a Whore (Stellular Remix),JVLA,"4,500",19.6,50016.0,14263219.0,61.0,Unknown
ýýýýýýýýýýýý,ýýýýýýýýýýýý,Lamis Kan,"4,525",19.6,14309.0,1842678.0,59.0,Unknown
quï¿½ï¿½ le pasa conm,quï¿½ï¿½ le pasa conm,Nicki Nicole,"4,516",19.6,20886.0,8177728.0,71.0,Unknown
Medusa,Medusa,Jhay Cortez,"4,514",19.6,47086.0,12435270.0,58.0,Unknown
SEJODIOTO,SEJODIOTO,KAROL G,"4,533",19.6,29760.0,11290192.0,66.0,Unknown
Luminary,Luminary,Joel Sunny,"4,515",19.6,9858.0,3121602.0,,Unknown
Welcome To The Party,Welcome To The Party,Pop Smoke,"4,531",19.6,102073.0,10291092.0,61.0,Unknown
All Night Longer,All Night Longer,seyhqnsert,"4,998",19.6,1.0,,,Unknown
ARRANCARMELO,ARRANCARMELO,WOS,"4,504",19.6,36161.0,8039699.0,63.0,Unknown
"Mast Malang Jhoom (From ""Bade Miyan Chote Miyan - Kannada"")","Mast Malang Jhoom (From ""Bade Miyan Chote Miyan - Kannada"") - Single",Vishal Mishra,"4,506",19.6,,,,Unknown
Uno,Uno,Ambjaay,"4,497",19.6,25190.0,4018662.0,47.0,Unknown
Country Girl (Shake It For Me),Tailgates & Tanlines,Luke Bryan,"4,530",19.6,69767.0,12116553.0,70.0,Unknown
"Dawai (From ""Air Mata Di Ujung Sajadah"")","Dawai (From ""Air Mata Di Ujung Sajadah"") - Single",Fadhilah Intan,"4,528",19.6,2385.0,806413.0,,Unknown
The Greatest Show,The Greatest Show,Hugh Jackman,"4,511",19.6,53558.0,7170543.0,65.0,Unknown
Cake By The Ocean - Cover,YARIRAFI MEDLEY BEST30,MUSIC LAB JPN,"4,507",19.6,,,,Unknown
ýýýýýýýýýýýý (White Flag),ýýýýýýýýýýýý (White Flag) - Single,NONT TANONT,"4,509",19.6,605.0,1739336.0,62.0,Unknown
Hood By Air Freestyle,Hood By Air Freestyle - Single,Baby Flaco,"4,498",19.6,,,,Unknown
Stupid Love,Stupid Love,Lady Gaga,"4,524",19.6,41379.0,13698064.0,62.0,Unknown
ACHO PR,nadie sabe lo que va a pasar maï¿½ï¿,Bad Bunny,"4,505",19.6,17090.0,4688146.0,,Unknown
ATM,ATM - Single,Nemzzz,"4,523",19.6,1641.0,8841671.0,67.0,Unknown
Di Que Si,Di Que Si,Grupo Marca Registrada,"4,520",19.6,22061.0,8857760.0,61.0,Unknown
Doin' Time,Norman Fucking Rockwell!,Lana Del Rey,"4,496",19.6,87833.0,27581024.0,74.0,Unknown
Come & Get It,Stars Dance,Selena Gomez,"4,526",19.6,56547.0,23398521.0,64.0,Unknown
Por Fin Te Encontrï¿,Por Fin Te Encontrï¿,Cali Y El Dandee,"4,501",19.6,39270.0,14763690.0,65.0,Unknown
I.F.L.Y.,I.F.L.Y.,Bazzi,"4,529",19.6,73008.0,13922244.0,65.0,Unknown
Crazy Story,"Grandson, Vol. 1",King Von,"4,521",19.6,38453.0,1768938.0,65.0,Unknown
CARNAL,CARNAL,Peso Pluma,"4,508",19.6,16108.0,4577460.0,69.0,Unknown
AirBnb,Valedictorian,ian,"4,519",19.6,1230.0,392098.0,67.0,Unknown
LOS PITS,nadie sabe lo que va a pasar maï¿½ï¿,Bad Bunny,"4,512",19.6,17357.0,2290183.0,,Unknown
Queen of Mean,Descendants 3 (Original TV Movie Soundtrack),Sarah Jeffery,"4,517",19.6,14432.0,11298588.0,60.0,Unknown
Minefields,Minefields,Faouzia,"4,513",19.6,23825.0,5329581.0,57.0,Unknown
my future,my future,Billie Eilish,"4,502",19.6,69326.0,20986678.0,64.0,Unknown
The Way I Are,Shock Value (International Version),Timbaland,"4,495",19.6,177813.0,63919947.0,78.0,Unknown
God is a woman,God is a woman,Ariana Grande,"4,527",19.6,83580.0,36516267.0,70.0,Unknown
SNAP - High and Fast,SNAP PACK - EP,Rosa Linn,"4,548",19.5,15155.0,4683187.0,59.0,Unknown
Supera,Sertanejo Para Danï¿½ï,Marï¿½ï¿½lia Mendo,"4,552",19.5,2.0,4.0,,Unknown
"Tu Juliet Jatt Di ( From ""Jatt & Juliet 3"")","Tu Juliet Jatt Di ( From ""Jatt & Juliet 3"")",Diljit Dosanjh,"4,547",19.5,160.0,2592948.0,,Unknown
When I Grow Up,When I Grow Up,NF,"4,542",19.5,64001.0,7457128.0,66.0,Unknown
Pa Mi,Pa Mi,Dalex,"4,563",19.5,7202.0,909473.0,34.0,Unknown
Tera Fitoor,"Tera Fitoor (From ""Genius"")",Arijit Singh,"4,545",19.5,8561.0,5661296.0,68.0,Unknown
B.S. (feat. H.E.R.),Chilombo,Jhenï¿½ï¿½ ,"4,539",19.5,39348.0,8259352.0,63.0,Unknown
Traicionera,Traicionera,Sebastian Yatra,"4,559",19.5,47448.0,15918487.0,67.0,Unknown
Already Dead,Already Dead,Juice WRLD,"4,566",19.5,68879.0,11741541.0,61.0,Unknown
Kokomo,The Very Best Of The Beach Boys: Sounds Of Summer (Expanded Edition Super Deluxe),The Beach Boys,"4,564",19.5,128.0,7504.0,25.0,Unknown
Cham Cham,Baaghi,Meet Bros.,"4,543",19.5,3414.0,1082794.0,45.0,Unknown
You,You,Willy Paul,"4,546",19.5,174.0,8772.0,20.0,Unknown
What's Love Got to Do with It,What's Love Got to Do with It,Kygo,"4,549",19.5,58370.0,25841346.0,62.0,Unknown
TV Shapes,TV Shapes,Bubbatrees,"4,536",19.5,3.0,9.0,,Unknown
Delilah (pull me out of this),Delilah (pull me out of this),Fred again..,"4,555",19.5,38159.0,7282524.0,61.0,Unknown
Outside Today,Outside Today,YoungBoy Never Broke Again,"4,561",19.5,77541.0,8703094.0,65.0,Unknown
Don't You Worry Child - Radio Edit,Until Now,Swedish House Mafia,"4,557",19.5,203395.0,83814501.0,76.0,Unknown
Focus,Focus,Ariana Grande,"4,551",19.5,27166.0,9169246.0,57.0,Unknown
Fuentes de Ortiz,mix pa llorar en tu cuarto,Ed Maverick,"4,538",19.5,66332.0,17627488.0,71.0,Unknown
Freezing,Freezing - EP,purpl,"4,550",19.5,8.0,565.0,1.0,Unknown
NASTY,NASTY,Russ,"4,560",19.5,9896.0,632527.0,50.0,Unknown
Mama's Boy,Mama's Boy,Dominic Fike,"4,535",19.5,24570.0,9827231.0,69.0,Unknown
Welcome To Brixton,Welcome To Brixton,SR,"4,565",19.5,92484.0,4912325.0,61.0,Unknown
DArkSide,DArkSide,Bring Me The Horizon,"4,544",19.5,18060.0,4947020.0,,Unknown
MEMORIES!,TROUBLED MEMORIES!,347aidan,"4,541",19.5,76523.0,6879843.0,62.0,Unknown
Morado,Morado,J Balvin,"4,553",19.5,65140.0,16620315.0,58.0,Unknown
The Hillbillies,The Hillbillies,Baby Keem,"4,537",19.5,29361.0,8124531.0,63.0,Unknown
Bodak Yellow,Pï¿½ï¿½bu (Camemicua,Serranow,"4,556",19.5,4.0,33.0,,Unknown
Asesina - Remix,Asesina (Remix),Brytiago,"4,554",19.5,41294.0,10037160.0,57.0,Unknown
Braten,Braten,Steps,"4,562",19.5,390.0,6228.0,25.0,Unknown
Dayanamï¿½ï¿½y,Dayanamï¿½ï¿½yorum - Si,Kerim Araz,"4,534",19.5,6811.0,879077.0,56.0,Unknown
Daylight,Harry's House,Harry Styles,"4,558",19.5,42233.0,11501240.0,68.0,Unknown
Happiest Year,Feel Something (Deluxe),Jaymes Young,"4,540",19.5,84220.0,23944018.0,69.0,Unknown
3 Haselnï¿½ï¿,3 Haselnï¿½ï¿½sse - Si,Jaques Raupï¿,"4,595",19.4,15387.0,2650670.0,,Unknown
"Jaragandi (From ""Game Changer"") (Telugu)","Jaragandi (From ""Game Changer"") (Telugu)",Thaman S,"4,587",19.4,101.0,1306604.0,,Unknown
ýýýýýýýýýýýý (ýýýýýýýýýýýýýý ýýýýýýýýýýýý) [prod. by wex & heysubr],ýýýýýýýýýýýý (ýýýýýýýýýýýýýý ýýýýýýýýýýýý) [prod. by wex & heysubr],BUSHIDO ZHO,"4,599",19.4,685.0,185936.0,62.0,Unknown
For the Last Time,For the Last Time,$uicideboy$,"4,585",19.4,65770.0,5103054.0,71.0,Unknown
Dil Meri Na Sune,"Dil Meri Na Sune (From ""Genius"")",Atif Aslam,"4,575",19.4,4602.0,1449767.0,56.0,Unknown
Grace (feat. 42 Dugg),My Turn,Lil Baby,"4,571",19.4,72066.0,6704802.0,65.0,Unknown
Nashe Si Chadh Gayi,November Top 10 Songs,Arijit Singh,"4,591",19.4,14037.0,7387064.0,66.0,Unknown
Me Acostumbre (feat. Bad Bunny),Me Acostumbre (feat. Bad Bunny),Arcï¿½ï¿½,"4,593",19.4,32138.0,14066526.0,64.0,Unknown
